airport,date,year,month,dep_flights,dep_cancelled,dep_diverted,dep_delayed15,dep_cancel_rate,dep_delay15_rate,avg_dep_delay,arr_flights,arr_cancelled,arr_diverted,arr_delayed15,arr_cancel_rate,arr_delay15_rate,avg_arr_delay,avg_taxi_out,avg_taxi_in,carrier_delay_min,weather_delay_min,nas_delay_min,security_delay_min,late_aircraft_delay_min
BOS,2016-01-01,2016,1,239,1,0,22,0.0042,0.0924,4.79,251,0,0,22,0.0,0.0876,-4.19,16.14,6.08,610.0,0,482.0,0,263.0
BOS,2016-01-02,2016,1,261,0,0,52,0.0,0.1992,9.18,251,0,0,57,0.0,0.2271,8.78,17.45,6.22,790.0,0,85.0,3.0,616.0
BOS,2016-01-03,2016,1,280,0,0,63,0.0,0.225,9.79,284,0,1,65,0.0,0.2289,4.56,16.77,6.42,794.0,0,945.0,11.0,730.0
BOS,2016-01-04,2016,1,304,2,0,66,0.0066,0.2185,9.75,311,1,0,89,0.0032,0.2871,11.25,17.92,7.51,1009.0,7.0,586.0,0,586.0
BOS,2016-01-05,2016,1,319,1,0,75,0.0031,0.2358,11.05,316,0,0,50,0.0,0.1582,3.32,17.87,6.7,1249.0,106.0,181.0,0,591.0
BOS,2016-01-06,2016,1,317,2,1,36,0.0063,0.1143,4.25,320,3,0,34,0.0094,0.1073,-2.57,17.15,6.1,559.0,0,617.0,15.0,338.0
BOS,2016-01-07,2016,1,326,0,0,24,0.0,0.0736,1.96,325,0,0,31,0.0,0.0954,-6.61,16.81,7.34,933.0,0,19.0,0,174.0
BOS,2016-01-08,2016,1,326,0,0,36,0.0,0.1104,1.0,327,0,0,49,0.0,0.1498,-1.43,17.54,7.72,228.0,0,295.0,0,270.0
BOS,2016-01-09,2016,1,213,1,0,18,0.0047,0.0849,1.92,205,1,0,23,0.0049,0.1127,-5.45,13.9,7.27,228.0,112.0,149.0,24.0,85.0
BOS,2016-01-10,2016,1,267,3,2,63,0.0112,0.2386,16.69,275,3,0,89,0.0109,0.3272,16.35,16.32,6.54,1125.0,6.0,1616.0,0,1747.0
BOS,2016-01-11,2016,1,326,0,0,24,0.0,0.0736,0.73,327,0,0,35,0.0,0.107,-4.38,19.32,6.02,728.0,0,476.0,0,294.0
BOS,2016-01-12,2016,1,318,2,0,27,0.0063,0.0854,3.41,316,2,0,37,0.0063,0.1178,-3.65,18.81,6.03,1184.0,0,445.0,0,757.0
BOS,2016-01-13,2016,1,316,0,0,39,0.0,0.1234,6.65,319,2,0,37,0.0063,0.1167,0.9,19.25,5.91,1954.0,35.0,283.0,0,770.0
BOS,2016-01-14,2016,1,328,5,4,65,0.0152,0.2012,10.95,328,5,0,67,0.0152,0.2074,3.95,20.31,6.34,2075.0,18.0,439.0,29.0,1469.0
BOS,2016-01-15,2016,1,327,0,1,54,0.0,0.1651,6.65,328,1,0,65,0.003,0.1988,5.32,16.09,7.6,1215.0,0,485.0,3.0,968.0
BOS,2016-01-16,2016,1,208,1,2,28,0.0048,0.1353,5.16,201,1,2,28,0.005,0.14,-0.9,16.81,5.96,692.0,0,380.0,16.0,452.0
BOS,2016-01-17,2016,1,242,1,0,39,0.0041,0.1618,5.9,246,0,0,63,0.0,0.2561,6.66,20.01,7.82,525.0,207.0,1796.0,0,625.0
BOS,2016-01-18,2016,1,316,1,2,153,0.0032,0.4857,31.57,316,2,0,149,0.0063,0.4745,28.94,37.34,7.17,1892.0,1600.0,5403.0,0,4823.0
BOS,2016-01-19,2016,1,318,3,0,59,0.0094,0.1873,8.71,316,3,1,58,0.0095,0.1853,3.51,19.54,6.08,1012.0,0,794.0,0,1000.0
BOS,2016-01-20,2016,1,314,0,0,33,0.0,0.1051,1.43,317,2,0,41,0.0063,0.1302,-2.53,17.9,6.08,377.0,87.0,100.0,0,489.0
BOS,2016-01-21,2016,1,327,1,0,33,0.0031,0.1012,3.34,327,1,0,46,0.0031,0.1411,0.26,18.11,6.07,744.0,0,149.0,0,562.0
BOS,2016-01-22,2016,1,328,53,0,43,0.1616,0.1564,8.48,330,52,0,60,0.1576,0.2158,4.04,17.65,6.04,807.0,75.0,1734.0,13.0,285.0
BOS,2016-01-23,2016,1,214,74,1,38,0.3458,0.2714,40.35,204,74,4,72,0.3627,0.5538,45.31,30.28,16.76,1266.0,3473.0,1538.0,14.0,583.0
BOS,2016-01-24,2016,1,268,74,1,57,0.2761,0.2938,22.28,274,71,0,56,0.2591,0.2759,16.6,23.03,7.33,1546.0,785.0,496.0,62.0,810.0
BOS,2016-01-25,2016,1,328,44,1,63,0.1341,0.2218,12.78,327,38,0,63,0.1162,0.218,7.19,17.93,7.16,1540.0,45.0,129.0,0,1100.0
BOS,2016-01-26,2016,1,318,5,0,31,0.0157,0.099,2.4,316,9,1,35,0.0285,0.114,-3.88,20.12,6.04,852.0,0,560.0,0,600.0
BOS,2016-01-27,2016,1,314,0,0,22,0.0,0.0701,-1.15,317,1,0,43,0.0032,0.1361,-4.35,18.84,5.73,424.0,0,841.0,0,235.0
BOS,2016-01-28,2016,1,326,1,2,21,0.0031,0.0646,-0.42,327,1,0,38,0.0031,0.1166,-4.66,18.29,6.01,165.0,0,1137.0,20.0,581.0
BOS,2016-01-29,2016,1,328,0,0,43,0.0,0.1311,5.52,329,0,0,55,0.0,0.1672,1.12,18.32,6.45,1239.0,8.0,710.0,0,269.0
BOS,2016-01-30,2016,1,210,0,0,23,0.0,0.1095,2.79,202,0,0,23,0.0,0.1139,-4.93,16.16,5.9,815.0,0,76.0,0,241.0
BOS,2016-01-31,2016,1,262,1,4,23,0.0038,0.0881,1.16,268,1,0,21,0.0037,0.0787,-7.58,15.75,5.66,305.0,0,267.0,0,552.0
BOS,2017-01-01,2017,1,254,1,0,41,0.0039,0.1621,7.02,257,1,1,42,0.0039,0.1641,0.02,16.36,5.93,826.0,0,595.0,0,822.0
BOS,2017-01-02,2017,1,306,2,6,62,0.0065,0.2039,14.54,308,1,0,81,0.0032,0.2638,11.15,17.22,8.17,1779.0,32.0,2021.0,9.0,1256.0
BOS,2017-01-03,2017,1,312,0,6,74,0.0,0.2372,14.98,315,0,1,84,0.0,0.2667,14.07,15.52,8.34,924.0,26.0,1595.0,0,2058.0
BOS,2017-01-04,2017,1,313,0,1,52,0.0,0.1661,7.16,308,0,0,52,0.0,0.1688,2.07,18.07,6.46,809.0,6.0,927.0,14.0,1179.0
BOS,2017-01-05,2017,1,312,2,3,56,0.0064,0.1806,7.85,315,2,0,62,0.0063,0.1981,0.85,17.84,6.36,1054.0,30.0,914.0,0,1151.0
BOS,2017-01-06,2017,1,314,7,6,89,0.0223,0.2899,15.6,315,11,0,103,0.0349,0.3388,14.06,32.7,7.79,2151.0,321.0,4980.0,35.0,1963.0
BOS,2017-01-07,2017,1,219,71,3,58,0.3242,0.3919,52.68,214,95,0,67,0.4439,0.563,56.71,29.92,9.56,1105.0,2630.0,4960.0,112.0,1557.0
BOS,2017-01-08,2017,1,271,35,7,144,0.1292,0.6102,56.85,277,6,0,147,0.0217,0.5424,43.47,22.56,8.45,4338.0,547.0,2055.0,43.0,4902.0
BOS,2017-01-09,2017,1,341,3,7,148,0.0088,0.4379,24.92,338,3,0,142,0.0089,0.4239,18.93,20.27,7.18,2992.0,75.0,1246.0,0,2791.0
BOS,2017-01-10,2017,1,326,6,5,71,0.0184,0.2219,12.38,322,7,2,82,0.0217,0.2603,9.11,18.76,6.5,911.0,138.0,1544.0,13.0,1588.0
BOS,2017-01-11,2017,1,325,1,8,45,0.0031,0.1389,8.66,327,2,0,39,0.0061,0.12,-2.34,17.61,6.31,2376.0,184.0,1293.0,22.0,742.0
BOS,2017-01-12,2017,1,337,0,6,48,0.0,0.1424,5.54,338,0,0,38,0.0,0.1124,-5.28,17.65,6.4,786.0,146.0,1427.0,0,1250.0
BOS,2017-01-13,2017,1,337,1,1,30,0.003,0.0893,0.61,338,2,0,20,0.0059,0.0595,-10.0,18.77,6.31,507.0,78.0,686.0,0,263.0
BOS,2017-01-14,2017,1,214,5,0,23,0.0234,0.11,1.85,211,2,0,27,0.0095,0.1292,-5.33,15.83,5.69,438.0,0,221.0,24.0,271.0
BOS,2017-01-15,2017,1,267,1,1,20,0.0037,0.0752,0.01,271,1,1,16,0.0037,0.0593,-7.39,16.96,7.0,315.0,8.0,134.0,0,189.0
BOS,2017-01-16,2017,1,331,2,1,39,0.006,0.1185,1.62,330,1,0,42,0.003,0.1277,0.5,17.72,6.03,446.0,0,175.0,0,242.0
BOS,2017-01-17,2017,1,327,1,0,26,0.0031,0.0798,-1.2,322,0,0,42,0.0,0.1304,-5.12,17.47,7.67,160.0,74.0,380.0,0,53.0
BOS,2017-01-18,2017,1,326,1,0,68,0.0031,0.2092,9.18,328,1,1,98,0.003,0.2997,9.95,16.71,7.85,639.0,1.0,1012.0,0,1068.0
BOS,2017-01-19,2017,1,339,2,0,39,0.0059,0.1157,3.08,342,1,0,48,0.0029,0.1408,-1.24,18.89,5.89,364.0,0,468.0,0,647.0
BOS,2017-01-20,2017,1,339,1,0,35,0.0029,0.1036,2.23,339,1,1,37,0.0029,0.1095,-2.87,18.2,6.96,158.0,69.0,377.0,0,447.0
BOS,2017-01-21,2017,1,220,0,0,14,0.0,0.0636,-1.5,217,1,1,26,0.0046,0.1204,-3.99,15.74,5.75,137.0,0,196.0,0,130.0
BOS,2017-01-22,2017,1,284,3,5,62,0.0106,0.2206,20.35,288,2,1,75,0.0069,0.2622,19.96,15.67,7.89,2907.0,52.0,2403.0,0,1272.0
BOS,2017-01-23,2017,1,341,9,3,106,0.0264,0.3193,18.13,338,12,0,117,0.0355,0.3589,17.89,19.77,8.05,1086.0,83.0,2867.0,10.0,1876.0
BOS,2017-01-24,2017,1,324,8,0,69,0.0247,0.2184,8.68,321,4,0,103,0.0125,0.3249,11.5,16.51,7.19,355.0,0,747.0,6.0,1044.0
BOS,2017-01-25,2017,1,324,2,1,17,0.0062,0.0528,-1.87,326,2,0,20,0.0061,0.0617,-10.8,18.69,6.01,121.0,0,140.0,0,422.0
BOS,2017-01-26,2017,1,338,0,0,35,0.0,0.1036,1.74,342,0,0,36,0.0,0.1053,-5.31,19.01,6.27,557.0,0,494.0,0,659.0
BOS,2017-01-27,2017,1,343,0,0,29,0.0,0.0845,2.19,340,1,0,24,0.0029,0.0708,-6.06,19.1,6.21,714.0,0,190.0,0,706.0
BOS,2017-01-28,2017,1,221,1,0,13,0.0045,0.0591,-2.31,218,0,0,22,0.0,0.1009,-8.46,15.51,5.79,40.0,0,16.0,15.0,210.0
BOS,2017-01-29,2017,1,283,2,0,33,0.0071,0.1174,9.7,288,2,0,46,0.0069,0.1608,8.1,15.92,6.31,2202.0,0,352.0,0,763.0
BOS,2017-01-30,2017,1,342,4,0,27,0.0117,0.0799,3.69,340,4,0,37,0.0118,0.1101,-1.75,17.75,5.62,676.0,0,117.0,0,1326.0
BOS,2017-01-31,2017,1,326,5,1,54,0.0153,0.1682,7.44,322,4,0,90,0.0124,0.283,7.49,24.88,7.98,489.0,230.0,2016.0,0,1704.0
BOS,2018-01-01,2018,1,321,3,0,139,0.0093,0.4371,30.93,320,1,0,117,0.0031,0.3668,20.78,18.92,8.47,4491.0,778.0,1045.0,43.0,2214.0
BOS,2018-01-02,2018,1,353,1,0,117,0.0028,0.3324,16.72,353,1,1,121,0.0028,0.3438,14.52,19.76,7.2,1647.0,667.0,515.0,2.0,1550.0
BOS,2018-01-03,2018,1,347,7,1,94,0.0202,0.2765,13.68,346,76,0,62,0.2197,0.2296,7.72,17.54,7.18,1695.0,83.0,1075.0,0,1201.0
BOS,2018-01-04,2018,1,355,328,1,2,0.9239,0.0741,0.33,354,350,0,3,0.9887,0.75,535.5,17.89,7.0,77.0,0,24.0,0,0
BOS,2018-01-05,2018,1,357,163,0,145,0.4566,0.7474,92.06,357,71,0,195,0.1989,0.6818,70.65,24.27,10.35,5981.0,557.0,1220.0,0,8989.0
BOS,2018-01-06,2018,1,258,12,0,166,0.0465,0.6748,66.0,248,13,0,111,0.0524,0.4723,41.23,20.67,11.63,7055.0,1052.0,584.0,30.0,4920.0
BOS,2018-01-07,2018,1,340,19,0,156,0.0559,0.486,40.76,353,21,1,137,0.0595,0.4127,32.33,19.05,10.03,4767.0,671.0,1083.0,45.0,4244.0
BOS,2018-01-08,2018,1,400,23,3,152,0.0575,0.4032,23.55,403,22,0,146,0.0546,0.3832,19.79,21.0,9.12,2008.0,189.0,2845.0,0,3338.0
BOS,2018-01-09,2018,1,381,5,3,89,0.0131,0.2367,10.52,378,6,1,80,0.0159,0.2151,3.99,21.3,7.08,1641.0,0,1541.0,0,1178.0
BOS,2018-01-10,2018,1,388,6,0,49,0.0155,0.1283,5.64,391,5,0,41,0.0128,0.1062,-4.4,19.24,6.77,1596.0,35.0,508.0,0,642.0
BOS,2018-01-11,2018,1,402,3,3,74,0.0075,0.1855,9.83,402,4,0,72,0.01,0.1809,2.87,19.29,6.95,2084.0,0,545.0,0,1378.0
BOS,2018-01-12,2018,1,406,38,5,170,0.0936,0.462,44.44,405,37,0,228,0.0914,0.6196,48.41,22.86,7.92,3221.0,570.0,5795.0,0,6756.0
BOS,2018-01-13,2018,1,252,2,0,40,0.0079,0.16,8.1,242,5,0,38,0.0207,0.1603,0.51,16.88,6.86,1303.0,0,495.0,5.0,683.0
BOS,2018-01-14,2018,1,298,0,0,35,0.0,0.1174,3.87,305,2,0,41,0.0066,0.1353,-5.28,16.64,8.26,1164.0,0,425.0,33.0,688.0
BOS,2018-01-15,2018,1,391,9,0,182,0.023,0.4764,40.76,393,6,1,203,0.0153,0.5245,37.49,36.1,13.86,1960.0,5632.0,5200.0,4.0,6756.0
BOS,2018-01-16,2018,1,384,9,0,53,0.0234,0.1413,5.43,379,48,1,58,0.1266,0.1752,0.72,18.39,7.66,1235.0,0,835.0,0,1367.0
BOS,2018-01-17,2018,1,387,104,0,141,0.2687,0.4982,43.11,391,70,0,216,0.179,0.6729,51.97,34.01,9.22,2445.0,510.0,4602.0,54.0,6885.0
BOS,2018-01-18,2018,1,402,12,0,76,0.0299,0.1949,6.96,403,8,0,77,0.0199,0.1949,2.22,21.48,6.91,1035.0,10.0,697.0,0,496.0
BOS,2018-01-19,2018,1,402,2,0,45,0.005,0.1125,0.36,402,2,0,34,0.005,0.085,-8.19,19.91,6.63,370.0,0,281.0,0,209.0
BOS,2018-01-20,2018,1,254,0,1,13,0.0,0.0512,-3.46,244,0,1,14,0.0,0.0574,-12.06,15.48,6.11,140.0,0,138.0,0,70.0
BOS,2018-01-21,2018,1,335,1,3,30,0.003,0.0898,0.43,344,2,1,30,0.0058,0.0877,-7.7,17.4,7.0,674.0,0,609.0,0,418.0
BOS,2018-01-22,2018,1,404,5,1,50,0.0124,0.1253,2.08,403,5,0,50,0.0124,0.1256,-4.75,17.36,8.38,624.0,281.0,329.0,0,367.0
BOS,2018-01-23,2018,1,384,10,0,64,0.026,0.1711,9.56,379,9,0,72,0.0237,0.1946,1.95,21.7,7.39,2716.0,0,1647.0,17.0,866.0
BOS,2018-01-24,2018,1,388,2,0,31,0.0052,0.0803,-1.31,391,4,0,27,0.0102,0.0698,-11.09,20.47,6.64,524.0,0,380.0,0,281.0
BOS,2018-01-25,2018,1,402,0,2,28,0.0,0.0697,-1.14,404,1,1,34,0.0025,0.0844,-6.28,19.74,6.7,508.0,0,132.0,0,270.0
BOS,2018-01-26,2018,1,403,2,0,29,0.005,0.0723,-0.81,403,1,0,23,0.0025,0.0572,-8.67,20.2,6.7,482.0,0,220.0,0,86.0
BOS,2018-01-27,2018,1,251,0,1,23,0.0,0.0916,-0.49,241,2,0,21,0.0083,0.0879,-10.56,16.28,5.81,715.0,21.0,86.0,0,134.0
BOS,2018-01-28,2018,1,334,1,0,26,0.003,0.0781,-0.44,343,2,0,29,0.0058,0.085,-8.1,16.72,6.45,517.0,0,488.0,0,695.0
BOS,2018-01-29,2018,1,402,5,0,61,0.0124,0.1537,3.01,403,7,0,73,0.0174,0.1843,0.28,19.93,8.55,1030.0,25.0,1939.0,0,835.0
BOS,2018-01-30,2018,1,383,13,0,176,0.0339,0.4757,39.49,378,9,1,196,0.0238,0.5312,35.65,39.17,11.25,3430.0,2653.0,6115.0,0,5935.0
BOS,2018-01-31,2018,1,387,1,0,20,0.0026,0.0518,-1.12,390,2,0,17,0.0051,0.0438,-12.93,20.13,6.96,920.0,0,239.0,0,236.0
BOS,2019-01-01,2019,1,327,0,1,77,0.0,0.2355,17.59,329,0,2,80,0.0,0.2432,6.7,17.64,6.55,2931.0,0,1077.0,0,3055.0
BOS,2019-01-02,2019,1,362,0,0,47,0.0,0.1298,4.66,367,0,0,61,0.0,0.1662,0.72,16.72,7.42,1010.0,0,868.0,27.0,855.0
BOS,2019-01-03,2019,1,358,1,0,57,0.0028,0.1597,7.68,356,1,1,44,0.0028,0.1239,0.77,17.09,6.77,2060.0,0,178.0,0,738.0
BOS,2019-01-04,2019,1,359,1,0,45,0.0028,0.1257,2.77,361,1,1,44,0.0028,0.1222,-0.49,16.68,6.89,1092.0,0,437.0,0,475.0
BOS,2019-01-05,2019,1,279,0,2,58,0.0,0.2079,11.51,275,0,1,51,0.0,0.1855,2.49,16.64,7.56,1643.0,0,1128.0,0,743.0
BOS,2019-01-06,2019,1,370,0,3,73,0.0,0.1973,10.36,366,0,0,74,0.0,0.2022,6.03,20.11,6.53,1185.0,448.0,1798.0,0,925.0
BOS,2019-01-07,2019,1,411,0,2,65,0.0,0.1582,6.91,414,0,0,54,0.0,0.1304,-5.18,18.27,7.8,2185.0,78.0,322.0,0,984.0
BOS,2019-01-08,2019,1,393,1,2,74,0.0025,0.1888,8.83,393,1,0,65,0.0025,0.1658,1.53,24.58,7.34,2546.0,11.0,1232.0,0,1196.0
BOS,2019-01-09,2019,1,400,1,0,41,0.0025,0.1028,0.32,397,1,0,63,0.0025,0.1591,0.26,20.25,6.56,303.0,0,794.0,0,405.0
BOS,2019-01-10,2019,1,408,4,0,77,0.0098,0.1906,11.48,409,5,0,62,0.0122,0.1535,3.54,22.36,6.63,2183.0,0,2078.0,36.0,981.0
BOS,2019-01-11,2019,1,408,1,0,56,0.0025,0.1376,4.49,409,1,0,69,0.0024,0.1691,-1.69,19.83,6.66,640.0,793.0,834.0,0,671.0
BOS,2019-01-12,2019,1,257,3,0,32,0.0117,0.126,4.22,250,1,0,34,0.004,0.1365,-4.8,17.17,6.41,1009.0,0,250.0,0,499.0
BOS,2019-01-13,2019,1,340,11,3,61,0.0324,0.1854,9.36,345,13,0,82,0.0377,0.247,9.25,16.03,9.44,837.0,230.0,546.0,0,1429.0
BOS,2019-01-14,2019,1,409,8,0,74,0.0196,0.1845,7.27,409,5,0,55,0.0122,0.1361,2.29,16.4,8.26,1239.0,0,672.0,0,805.0
BOS,2019-01-15,2019,1,391,2,0,52,0.0051,0.1337,3.65,392,2,0,55,0.0051,0.141,-1.31,19.13,7.25,1174.0,0,659.0,0,427.0
BOS,2019-01-16,2019,1,397,0,0,45,0.0,0.1134,4.97,395,0,0,52,0.0,0.1316,1.52,19.92,7.06,918.0,0,910.0,0,1271.0
BOS,2019-01-17,2019,1,408,2,0,74,0.0049,0.1823,6.72,409,2,0,87,0.0049,0.2138,5.24,20.01,8.01,1351.0,0,876.0,0,1094.0
BOS,2019-01-18,2019,1,407,5,0,82,0.0123,0.204,11.63,407,3,0,93,0.0074,0.2302,8.86,18.74,7.34,2121.0,60.0,1192.0,0,1673.0
BOS,2019-01-19,2019,1,251,34,0,35,0.1355,0.1613,9.24,240,101,0,24,0.4208,0.1727,-2.63,22.26,9.16,916.0,443.0,1592.0,0,291.0
BOS,2019-01-20,2019,1,290,226,0,48,0.7793,0.75,104.7,299,184,6,72,0.6154,0.6261,68.44,61.36,27.96,1297.0,4009.0,2203.0,0,1305.0
BOS,2019-01-21,2019,1,389,166,3,167,0.4267,0.7489,154.28,391,141,6,225,0.3606,0.9,255.43,39.78,15.87,6922.0,5167.0,6097.0,15.0,17781.0
BOS,2019-01-22,2019,1,393,123,0,224,0.313,0.8296,127.69,393,112,3,225,0.285,0.8007,117.65,29.89,11.68,10202.0,2618.0,2933.0,85.0,18574.0
BOS,2019-01-23,2019,1,398,19,1,198,0.0477,0.5224,43.12,397,13,0,250,0.0327,0.651,49.58,23.19,8.67,3844.0,408.0,3577.0,0,9242.0
BOS,2019-01-24,2019,1,410,22,2,205,0.0537,0.5284,44.9,411,15,0,275,0.0365,0.6944,62.0,21.01,8.04,3498.0,94.0,4549.0,14.0,10140.0
BOS,2019-01-25,2019,1,409,2,0,85,0.0049,0.2088,11.38,409,4,0,83,0.0098,0.2049,3.58,22.8,6.78,2458.0,0,2826.0,0,1953.0
BOS,2019-01-26,2019,1,255,0,0,20,0.0,0.0784,-0.85,250,0,0,22,0.0,0.088,-8.6,16.91,6.7,599.0,38.0,354.0,0,156.0
BOS,2019-01-27,2019,1,341,2,1,38,0.0059,0.1121,1.55,346,0,0,61,0.0,0.1763,-0.44,18.39,6.9,705.0,0,1842.0,0,766.0
BOS,2019-01-28,2019,1,410,13,1,56,0.0317,0.1411,10.16,410,16,1,51,0.039,0.1294,0.06,17.13,7.96,1748.0,110.0,2269.0,0,1534.0
BOS,2019-01-29,2019,1,392,8,0,36,0.0204,0.0938,0.88,392,5,0,49,0.0128,0.1266,-5.82,18.72,7.72,656.0,0,1362.0,0,754.0
BOS,2019-01-30,2019,1,398,23,1,110,0.0578,0.2933,26.42,397,26,1,133,0.0655,0.3585,24.46,32.99,16.73,2564.0,1965.0,6758.0,7.0,3893.0
BOS,2019-01-31,2019,1,410,24,2,114,0.0585,0.2953,27.35,411,21,0,93,0.0511,0.2385,20.9,19.16,8.36,4324.0,1653.0,1188.0,0,3294.0
BOS,2019-07-01,2019,7,379,4,1,57,0.0106,0.152,5.41,386,4,2,59,0.0104,0.1545,-0.48,17.52,8.56,1397.0,0,640.0,0,608.0
BOS,2019-07-02,2019,7,353,4,3,53,0.0113,0.1519,5.62,350,4,0,46,0.0114,0.1329,-1.75,19.98,7.37,371.0,215.0,1772.0,0,473.0
BOS,2019-07-03,2019,7,350,3,3,38,0.0086,0.1095,3.47,351,0,0,49,0.0,0.1396,-2.24,17.02,8.93,1272.0,0,369.0,0,331.0
BOS,2019-07-04,2019,7,302,4,3,35,0.0132,0.1174,7.57,303,5,0,58,0.0165,0.1946,7.31,15.5,8.2,1369.0,475.0,842.0,0,420.0
BOS,2019-07-05,2019,7,319,2,0,36,0.0063,0.1136,3.24,320,0,0,53,0.0,0.1656,3.82,17.44,7.01,521.0,0,497.0,0,706.0
BOS,2019-07-06,2019,7,338,17,2,119,0.0503,0.3707,56.82,334,20,11,128,0.0599,0.4076,52.64,21.24,11.38,5579.0,3271.0,2622.0,0,7625.0
BOS,2019-07-07,2019,7,406,14,2,163,0.0345,0.4158,33.58,406,13,0,165,0.032,0.4198,28.38,19.49,10.97,6136.0,92.0,2476.0,0,4786.0
BOS,2019-07-08,2019,7,460,6,3,139,0.013,0.3062,23.16,460,4,1,153,0.0087,0.3355,21.66,18.42,9.89,2775.0,297.0,1420.0,0,5351.0
BOS,2019-07-09,2019,7,454,2,1,76,0.0044,0.1681,10.18,453,2,0,85,0.0044,0.1885,3.77,22.45,10.21,2302.0,0,567.0,11.0,1570.0
BOS,2019-07-10,2019,7,454,1,2,53,0.0022,0.117,3.89,456,2,0,55,0.0044,0.1211,-3.11,18.91,10.41,1483.0,1.0,294.0,0,579.0
BOS,2019-07-11,2019,7,458,41,2,151,0.0895,0.3621,33.76,456,37,0,215,0.0811,0.5131,39.73,22.85,10.17,1558.0,401.0,7541.0,0,5218.0
BOS,2019-07-12,2019,7,456,11,1,142,0.0241,0.3191,18.59,459,8,3,172,0.0174,0.3814,18.06,17.93,11.4,2265.0,31.0,957.0,0,3302.0
BOS,2019-07-13,2019,7,347,4,0,39,0.0115,0.1137,4.88,342,3,0,42,0.0088,0.1239,-5.82,19.13,8.54,1649.0,0,169.0,0,547.0
BOS,2019-07-14,2019,7,410,0,0,30,0.0,0.0732,0.82,412,2,0,38,0.0049,0.0927,-5.19,20.46,8.45,479.0,0,394.0,0,715.0
BOS,2019-07-15,2019,7,460,3,1,55,0.0065,0.1204,3.36,460,2,0,66,0.0043,0.1441,-0.52,22.39,7.85,779.0,0,589.0,0,981.0
BOS,2019-07-16,2019,7,454,4,1,61,0.0088,0.1356,5.83,453,2,0,84,0.0044,0.1863,3.51,24.23,8.63,1632.0,66.0,958.0,22.0,1110.0
BOS,2019-07-17,2019,7,454,46,3,134,0.1013,0.3284,36.32,456,56,0,201,0.1228,0.5025,56.19,23.12,9.51,1562.0,3692.0,4215.0,0,6126.0
BOS,2019-07-18,2019,7,458,37,1,209,0.0808,0.4964,49.79,456,25,0,269,0.0548,0.6241,60.55,17.99,10.87,4829.0,359.0,4470.0,0,8947.0
BOS,2019-07-19,2019,7,456,3,4,121,0.0066,0.2671,21.17,460,8,0,121,0.0174,0.2677,13.76,22.2,10.15,3563.0,0,1935.0,0,3900.0
BOS,2019-07-20,2019,7,346,2,3,65,0.0058,0.189,10.36,341,1,0,76,0.0029,0.2235,10.3,18.76,8.92,1249.0,117.0,1269.0,0,1283.0
BOS,2019-07-21,2019,7,410,6,0,92,0.0146,0.2277,13.95,411,4,0,116,0.0097,0.285,11.52,26.11,9.99,1194.0,181.0,3850.0,0,2345.0
BOS,2019-07-22,2019,7,460,36,2,98,0.0783,0.2311,21.01,460,32,1,142,0.0696,0.3318,28.73,20.52,11.01,1994.0,233.0,3471.0,0,3667.0
BOS,2019-07-23,2019,7,454,5,1,168,0.011,0.3742,22.06,453,5,0,198,0.011,0.442,21.46,20.64,10.35,3183.0,168.0,2834.0,9.0,4216.0
BOS,2019-07-24,2019,7,454,4,3,73,0.0088,0.1622,9.31,456,3,1,74,0.0066,0.1634,2.03,17.55,10.25,2035.0,0,1017.0,0,2113.0
BOS,2019-07-25,2019,7,458,0,1,73,0.0,0.1594,6.08,456,0,1,68,0.0,0.1491,3.15,18.12,9.65,1280.0,0,356.0,0,1525.0
BOS,2019-07-26,2019,7,456,1,0,62,0.0022,0.1363,4.38,460,1,0,63,0.0022,0.1373,-1.87,17.11,9.11,640.0,0,680.0,0,1411.0
BOS,2019-07-27,2019,7,347,0,0,33,0.0,0.0951,1.35,342,0,0,38,0.0,0.1111,-4.2,17.63,8.47,476.0,0,428.0,0,336.0
BOS,2019-07-28,2019,7,410,0,0,59,0.0,0.1439,6.87,412,0,0,68,0.0,0.165,1.73,19.1,8.64,1846.0,0,217.0,0,1117.0
BOS,2019-07-29,2019,7,460,4,5,116,0.0087,0.2544,17.66,460,4,0,107,0.0087,0.2346,9.43,22.17,9.76,2490.0,36.0,2833.0,0,2509.0
BOS,2019-07-30,2019,7,454,2,3,105,0.0044,0.2323,15.17,453,2,0,129,0.0044,0.286,12.23,22.85,8.61,2362.0,24.0,2470.0,0,2752.0
BOS,2019-07-31,2019,7,454,62,0,175,0.1366,0.4464,72.77,456,60,18,198,0.1316,0.5,67.64,22.24,17.64,6609.0,5526.0,4304.0,0,12196.0
BOS,2020-01-01,2020,1,331,0,0,41,0.0,0.1239,2.31,336,0,0,46,0.0,0.1369,-4.21,17.01,7.1,630.0,0,191.0,0,336.0
BOS,2020-01-02,2020,1,382,1,0,46,0.0026,0.1207,3.17,384,0,1,31,0.0,0.0807,-9.5,16.64,7.33,1580.0,0,604.0,0,417.0
BOS,2020-01-03,2020,1,381,1,2,30,0.0026,0.0789,2.31,381,1,0,29,0.0026,0.0763,-10.64,17.15,7.29,1368.0,0,767.0,0,720.0
BOS,2020-01-04,2020,1,305,0,4,67,0.0,0.2197,11.03,304,0,0,66,0.0,0.2171,5.85,17.87,9.1,1824.0,31.0,2504.0,0,908.0
BOS,2020-01-05,2020,1,370,0,2,70,0.0,0.1892,8.52,375,0,0,66,0.0,0.176,3.63,20.62,7.68,1469.0,0,654.0,0,886.0
BOS,2020-01-06,2020,1,439,0,0,65,0.0,0.1481,9.05,438,0,1,60,0.0,0.137,-4.69,19.63,7.99,2495.0,126.0,948.0,0,1862.0
BOS,2020-01-07,2020,1,418,1,1,35,0.0024,0.0839,-1.07,409,2,0,25,0.0049,0.0614,-13.26,17.18,8.32,829.0,9.0,227.0,0,188.0
BOS,2020-01-08,2020,1,410,0,1,56,0.0,0.1366,4.85,414,0,0,67,0.0,0.1618,-2.67,26.77,8.48,851.0,49.0,1963.0,0,1266.0
BOS,2020-01-09,2020,1,440,1,0,47,0.0023,0.1071,0.87,441,1,0,33,0.0023,0.075,-8.98,19.65,7.33,1295.0,0,158.0,0,532.0
BOS,2020-01-10,2020,1,437,3,0,54,0.0069,0.1244,4.3,438,5,0,53,0.0114,0.1224,-0.12,17.75,6.81,914.0,740.0,1134.0,0,639.0
BOS,2020-01-11,2020,1,275,10,1,41,0.0364,0.1547,11.09,275,6,0,44,0.0218,0.1636,-0.56,15.4,6.49,1654.0,797.0,854.0,0,403.0
BOS,2020-01-12,2020,1,383,3,2,42,0.0078,0.1105,2.64,380,3,0,57,0.0079,0.1512,-2.55,18.0,7.42,898.0,15.0,638.0,0,663.0
BOS,2020-01-13,2020,1,434,3,0,38,0.0069,0.0882,2.96,437,2,0,37,0.0046,0.0851,-9.81,16.67,9.09,1549.0,367.0,970.0,0,945.0
BOS,2020-01-14,2020,1,414,1,1,25,0.0024,0.0605,-3.02,408,1,0,27,0.0025,0.0663,-16.0,18.21,7.51,540.0,6.0,901.0,0,145.0
BOS,2020-01-15,2020,1,414,2,3,30,0.0048,0.0728,1.04,416,1,0,22,0.0024,0.053,-12.68,18.94,8.13,1135.0,0,724.0,0,1003.0
BOS,2020-01-16,2020,1,435,2,4,86,0.0046,0.1986,11.29,439,3,0,84,0.0068,0.1927,3.4,23.03,7.83,1239.0,47.0,3848.0,50.0,1685.0
BOS,2020-01-17,2020,1,439,13,0,80,0.0296,0.1878,8.51,440,10,0,73,0.0227,0.1698,3.03,20.44,8.3,803.0,87.0,1708.0,0,1111.0
BOS,2020-01-18,2020,1,268,2,0,65,0.0075,0.2444,18.5,267,4,0,58,0.015,0.2205,4.71,27.89,12.26,1635.0,532.0,4645.0,0,616.0
BOS,2020-01-19,2020,1,327,2,0,38,0.0061,0.1169,3.66,325,0,0,59,0.0,0.1815,-2.23,25.6,7.8,1255.0,0,1517.0,0,751.0
BOS,2020-01-20,2020,1,416,0,0,51,0.0,0.1226,1.84,419,0,0,58,0.0,0.1384,-1.38,19.62,7.19,942.0,45.0,478.0,0,295.0
BOS,2020-01-21,2020,1,413,0,0,50,0.0,0.1211,5.61,407,0,1,44,0.0,0.1081,-3.12,16.85,8.07,1313.0,45.0,363.0,0,1101.0
BOS,2020-01-22,2020,1,411,2,0,42,0.0049,0.1027,2.15,410,2,0,47,0.0049,0.1152,-4.45,18.45,6.98,1142.0,0,17.0,0,731.0
BOS,2020-01-23,2020,1,429,0,0,24,0.0,0.0559,-2.2,435,1,1,41,0.0023,0.0945,-5.57,19.05,7.0,255.0,0,166.0,0,210.0
BOS,2020-01-24,2020,1,437,3,1,42,0.0069,0.0968,-0.0,438,3,0,45,0.0068,0.1034,-7.43,16.1,8.4,740.0,16.0,91.0,0,457.0
BOS,2020-01-25,2020,1,271,2,0,40,0.0074,0.1487,7.58,271,0,0,42,0.0,0.155,-1.24,15.6,8.2,1474.0,68.0,1045.0,0,122.0
BOS,2020-01-26,2020,1,379,0,0,50,0.0,0.1319,5.39,376,0,1,41,0.0,0.109,-2.75,17.79,6.65,1849.0,0,247.0,0,820.0
BOS,2020-01-27,2020,1,434,0,0,46,0.0,0.106,1.72,437,1,0,47,0.0023,0.1078,-6.19,19.11,7.11,1648.0,48.0,56.0,0,583.0
BOS,2020-01-28,2020,1,412,0,2,19,0.0,0.0461,-4.02,406,0,0,21,0.0,0.0517,-9.88,18.67,6.19,38.0,0,239.0,0,232.0
BOS,2020-01-29,2020,1,410,0,1,18,0.0,0.0439,-2.66,409,0,0,25,0.0,0.0611,-8.93,18.75,7.21,686.0,0,85.0,0,73.0
BOS,2020-01-30,2020,1,430,0,2,43,0.0,0.1,1.32,436,0,1,47,0.0,0.1078,-5.48,16.62,8.25,959.0,0,179.0,0,525.0
BOS,2020-01-31,2020,1,438,0,0,24,0.0,0.0548,-1.62,439,1,0,40,0.0023,0.0913,-6.88,18.03,7.28,712.0,0,323.0,0,268.0
BOS,2020-04-01,2020,4,326,188,0,15,0.5767,0.1087,6.4,329,198,0,5,0.6018,0.0382,-14.94,12.15,6.89,1073.0,44.0,2.0,0,118.0
BOS,2020-04-02,2020,4,303,192,0,7,0.6337,0.0631,-3.41,308,191,0,4,0.6201,0.0342,-14.34,14.21,5.65,210.0,0,0,0,0
BOS,2020-04-03,2020,4,304,190,0,7,0.625,0.0614,-3.46,307,191,0,9,0.6221,0.0776,-10.17,12.69,6.49,97.0,0,0,0,61.0
BOS,2020-04-04,2020,4,184,90,0,1,0.4891,0.0106,-6.47,186,86,0,3,0.4624,0.03,-17.97,11.99,6.37,37.0,0,0,0,0
BOS,2020-04-05,2020,4,216,99,0,5,0.4583,0.0427,-7.02,216,96,0,2,0.4444,0.0167,-23.18,12.47,5.8,99.0,0,47.0,0,0
BOS,2020-04-06,2020,4,238,126,0,19,0.5294,0.1696,8.0,236,134,0,11,0.5678,0.1078,-16.41,13.38,6.12,928.0,0,1.0,0,191.0
BOS,2020-04-07,2020,4,188,104,0,5,0.5532,0.0595,-3.7,187,104,0,1,0.5561,0.012,-23.1,13.36,5.78,219.0,0,0,0,2.0
BOS,2020-04-08,2020,4,154,63,0,3,0.4091,0.033,-6.12,152,61,0,2,0.4013,0.022,-25.71,12.22,5.79,147.0,0,87.0,0,0
BOS,2020-04-09,2020,4,161,63,1,0,0.3913,0.0,-7.62,162,58,0,2,0.358,0.0192,-25.22,13.16,5.6,0,0,17.0,0,0
BOS,2020-04-10,2020,4,160,51,0,4,0.3187,0.0367,-6.89,159,53,1,5,0.3333,0.0472,-23.64,15.07,6.03,59.0,0,0,0,0
BOS,2020-04-11,2020,4,128,46,0,1,0.3594,0.0122,-7.76,131,49,0,0,0.374,0.0,-29.96,14.74,5.04,76.0,0,0,0,0
BOS,2020-04-12,2020,4,114,33,0,3,0.2895,0.037,-6.49,112,32,0,1,0.2857,0.0125,-27.84,13.27,5.1,17.0,0,154.0,0,12.0
BOS,2020-04-13,2020,4,113,33,0,1,0.292,0.0125,-6.91,116,34,0,4,0.2931,0.0488,-20.76,13.75,5.35,7.0,0,39.0,0,0
BOS,2020-04-14,2020,4,108,31,0,4,0.287,0.0519,-5.34,111,29,0,0,0.2613,0.0,-33.55,14.18,5.09,132.0,0,33.0,0,0
BOS,2020-04-15,2020,4,97,22,0,3,0.2268,0.04,-1.45,94,22,0,2,0.234,0.0278,-31.76,14.56,5.82,413.0,0,136.0,0,0
BOS,2020-04-16,2020,4,115,33,0,1,0.287,0.0122,-7.73,115,35,0,2,0.3043,0.025,-33.92,15.18,5.56,0,0,59.0,0,0
BOS,2020-04-17,2020,4,110,36,0,3,0.3273,0.0405,-5.34,112,34,0,3,0.3036,0.0385,-25.56,14.66,5.35,119.0,0,78.0,0,0
BOS,2020-04-18,2020,4,79,18,0,3,0.2278,0.0492,-1.93,82,22,0,2,0.2683,0.0333,-23.83,26.3,5.95,256.0,3.0,390.0,0,0
BOS,2020-04-19,2020,4,107,33,0,2,0.3084,0.027,-6.82,102,36,0,1,0.3529,0.0152,-30.35,13.3,4.91,107.0,0,140.0,0,0
BOS,2020-04-20,2020,4,97,35,0,0,0.3608,0.0,-9.11,96,35,0,0,0.3646,0.0,-34.36,12.77,5.79,0,0,0,0,0
BOS,2020-04-21,2020,4,93,36,0,2,0.3871,0.0351,-7.16,95,39,0,3,0.4105,0.0536,-24.68,13.12,5.86,37.0,0,0,0,0
BOS,2020-04-22,2020,4,82,23,0,2,0.2805,0.0339,-5.56,81,21,0,0,0.2593,0.0,-26.33,14.2,5.05,31.0,0,31.0,0,0
BOS,2020-04-23,2020,4,99,30,0,3,0.303,0.0435,-6.09,101,28,0,0,0.2772,0.0,-30.03,12.39,5.05,109.0,0,99.0,0,0
BOS,2020-04-24,2020,4,102,28,0,5,0.2745,0.0676,-2.78,102,30,0,5,0.2941,0.0694,-24.54,11.64,6.58,251.0,0,62.0,0,0
BOS,2020-04-25,2020,4,74,21,0,4,0.2838,0.0755,-4.98,78,23,0,0,0.2949,0.0,-31.45,11.36,6.07,55.0,0,3.0,0,0
BOS,2020-04-26,2020,4,102,37,0,2,0.3627,0.0308,-6.12,98,36,0,2,0.3673,0.0323,-26.9,11.35,6.58,35.0,0,0,0,0
BOS,2020-04-27,2020,4,95,35,0,4,0.3684,0.0667,-5.12,93,34,0,3,0.3656,0.0508,-17.51,12.8,6.56,78.0,0,6.0,0,0
BOS,2020-04-28,2020,4,91,27,0,4,0.2967,0.0625,-4.55,91,28,0,2,0.3077,0.0317,-19.62,11.73,6.02,78.0,0,0,0,0
BOS,2020-04-29,2020,4,84,23,0,2,0.2738,0.0328,-5.36,85,26,0,1,0.3059,0.0169,-22.36,11.98,6.12,0,0,0,0,0
BOS,2020-04-30,2020,4,107,28,0,3,0.2617,0.038,-5.54,103,32,0,1,0.3107,0.0141,-25.58,12.32,5.65,34.0,0,61.0,0,0
BOS,2021-01-01,2021,1,144,4,0,12,0.0278,0.0857,3.68,151,6,0,16,0.0397,0.1103,-0.88,14.71,5.77,918.0,0,207.0,0,53.0
BOS,2021-01-02,2021,1,187,2,0,24,0.0107,0.1297,9.71,186,2,0,36,0.0108,0.1957,1.38,15.51,6.33,1317.0,26.0,466.0,0,781.0
BOS,2021-01-03,2021,1,200,0,0,36,0.0,0.18,6.47,198,0,0,63,0.0,0.3182,11.7,18.62,8.28,613.0,55.0,1267.0,0,524.0
BOS,2021-01-04,2021,1,189,2,0,25,0.0106,0.1337,7.19,187,3,0,34,0.016,0.1848,10.6,14.77,6.94,448.0,0,1652.0,0,110.0
BOS,2021-01-05,2021,1,115,0,0,8,0.0,0.0696,0.71,109,0,0,11,0.0,0.1009,-3.84,21.77,7.73,113.0,0,145.0,0,369.0
BOS,2021-01-06,2021,1,109,0,0,7,0.0,0.0642,-0.02,106,0,0,9,0.0,0.0849,-4.63,18.18,5.6,286.0,0,37.0,0,103.0
BOS,2021-01-07,2021,1,149,0,0,12,0.0,0.0805,-0.46,149,1,0,11,0.0067,0.0743,-3.87,14.85,5.53,218.0,0,1.0,82.0,220.0
BOS,2021-01-08,2021,1,138,2,0,7,0.0145,0.0515,-1.64,139,1,0,18,0.0072,0.1304,-6.75,16.3,6.11,192.0,0,112.0,0,0
BOS,2021-01-09,2021,1,112,0,0,5,0.0,0.0446,-3.18,110,0,0,12,0.0,0.1091,-2.41,14.46,6.41,2.0,0,67.0,0,70.0
BOS,2021-01-10,2021,1,149,2,1,19,0.0134,0.1293,4.25,151,3,0,43,0.0199,0.2905,6.59,15.64,5.77,452.0,8.0,167.0,0,352.0
BOS,2021-01-11,2021,1,139,1,0,7,0.0072,0.0507,-0.15,139,1,0,14,0.0072,0.1014,-9.4,15.88,5.86,617.0,128.0,193.0,0,8.0
BOS,2021-01-12,2021,1,102,0,0,0,0.0,0.0,-6.8,100,0,0,6,0.0,0.06,-14.88,15.74,5.13,0,0,38.0,0,0
BOS,2021-01-13,2021,1,102,0,0,9,0.0,0.0882,-0.13,102,0,0,12,0.0,0.1176,-6.5,15.39,5.3,57.0,0,690.0,0,0
BOS,2021-01-14,2021,1,146,0,0,8,0.0,0.0548,-3.42,148,1,0,18,0.0068,0.1224,-6.53,14.21,6.29,127.0,0,55.0,0,81.0
BOS,2021-01-15,2021,1,139,4,0,5,0.0288,0.037,-3.11,140,2,0,16,0.0143,0.1159,-9.88,12.78,7.34,73.0,0,139.0,0,45.0
BOS,2021-01-16,2021,1,108,2,0,7,0.0185,0.066,1.49,105,2,0,11,0.019,0.1068,-5.14,13.9,5.59,261.0,0,274.0,28.0,231.0
BOS,2021-01-17,2021,1,132,0,0,3,0.0,0.0227,-5.47,134,0,0,10,0.0,0.0746,-12.12,13.86,5.54,147.0,0,137.0,0,16.0
BOS,2021-01-18,2021,1,135,0,1,5,0.0,0.037,-4.5,136,0,0,13,0.0,0.0956,-8.84,13.77,5.48,161.0,0,87.0,0,0
BOS,2021-01-19,2021,1,102,0,0,6,0.0,0.0588,-1.25,100,0,0,3,0.0,0.03,-12.55,15.29,5.11,438.0,0,68.0,0,18.0
BOS,2021-01-20,2021,1,102,2,0,3,0.0196,0.03,-4.65,102,2,0,5,0.0196,0.05,-10.02,14.89,5.51,18.0,0,69.0,11.0,0
BOS,2021-01-21,2021,1,143,1,0,10,0.007,0.0704,-2.2,145,1,0,9,0.0069,0.0625,-13.44,16.79,5.23,228.0,0,217.0,0,208.0
BOS,2021-01-22,2021,1,137,2,0,5,0.0146,0.037,-4.43,138,2,0,7,0.0145,0.0515,-17.28,14.9,5.39,138.0,0,28.0,0,0
BOS,2021-01-23,2021,1,105,0,0,12,0.0,0.1143,-1.76,103,0,0,12,0.0,0.1165,-7.62,16.93,5.75,73.0,0,100.0,0,37.0
BOS,2021-01-24,2021,1,144,1,0,20,0.0069,0.1399,2.9,146,2,0,20,0.0137,0.1389,-5.32,14.71,5.58,357.0,149.0,166.0,0,284.0
BOS,2021-01-25,2021,1,136,1,0,7,0.0074,0.0519,-1.88,135,1,0,7,0.0074,0.0522,-12.43,14.27,5.49,279.0,35.0,155.0,0,247.0
BOS,2021-01-26,2021,1,99,1,0,7,0.0101,0.0714,-1.81,97,1,1,13,0.0103,0.1354,-9.64,19.54,9.22,124.0,0,304.0,0,153.0
BOS,2021-01-27,2021,1,101,1,1,9,0.0099,0.09,6.11,101,1,0,12,0.0099,0.12,-4.66,27.04,6.66,1002.0,0,1009.0,0,17.0
BOS,2021-01-28,2021,1,142,0,0,12,0.0,0.0845,1.39,143,0,0,13,0.0,0.0909,-6.41,34.68,6.1,502.0,0,937.0,0,107.0
BOS,2021-01-29,2021,1,135,3,0,12,0.0222,0.0909,-0.03,137,3,0,19,0.0219,0.1418,-5.46,16.17,6.22,168.0,33.0,147.0,0,6.0
BOS,2021-01-30,2021,1,106,0,2,12,0.0,0.1132,3.38,104,2,0,18,0.0192,0.1765,3.29,16.33,6.01,223.0,155.0,330.0,0,99.0
BOS,2021-01-31,2021,1,148,15,0,19,0.1014,0.1429,11.3,150,9,1,29,0.06,0.2057,8.43,15.28,7.11,956.0,47.0,545.0,0,376.0
BOS,2022-01-01,2022,1,251,31,2,64,0.1235,0.2909,18.25,254,34,1,67,0.1339,0.3045,22.02,17.59,7.17,1629.0,135.0,1401.0,0,1690.0
BOS,2022-01-02,2022,1,333,50,0,102,0.1502,0.3604,28.76,333,43,0,119,0.1291,0.4103,33.67,18.07,7.34,4841.0,133.0,1689.0,0,3026.0
BOS,2022-01-03,2022,1,334,64,0,96,0.1916,0.3556,25.46,333,73,0,112,0.2192,0.4308,30.6,17.99,7.87,3103.0,95.0,1387.0,13.0,2354.0
BOS,2022-01-04,2022,1,317,23,1,100,0.0726,0.3401,24.3,321,21,0,95,0.0654,0.3167,18.25,17.91,6.9,2888.0,681.0,869.0,0,2414.0
BOS,2022-01-05,2022,1,328,13,0,84,0.0396,0.2667,18.48,330,14,0,83,0.0424,0.2627,11.49,19.7,7.09,3642.0,0,1200.0,0,1733.0
BOS,2022-01-06,2022,1,347,23,0,48,0.0663,0.1481,4.46,346,61,0,47,0.1763,0.1649,-4.59,18.17,8.05,1760.0,23.0,627.0,0,324.0
BOS,2022-01-07,2022,1,345,159,2,141,0.4609,0.7581,82.07,342,135,0,150,0.3947,0.7246,69.39,47.14,8.63,4145.0,4701.0,4246.0,0,5590.0
BOS,2022-01-08,2022,1,250,28,0,81,0.112,0.3649,27.02,249,11,0,64,0.0442,0.2689,11.36,19.82,8.12,3846.0,244.0,441.0,0,915.0
BOS,2022-01-09,2022,1,335,11,0,45,0.0328,0.1389,6.19,338,13,1,46,0.0385,0.1415,-1.35,17.51,6.62,1863.0,0,570.0,0,591.0
BOS,2022-01-10,2022,1,345,13,0,40,0.0377,0.1205,2.61,346,13,0,48,0.0376,0.1441,-3.88,18.12,6.98,1287.0,24.0,484.0,0,687.0
BOS,2022-01-11,2022,1,309,6,0,41,0.0194,0.1353,4.71,309,5,0,35,0.0162,0.1151,-3.36,20.26,7.53,1397.0,64.0,249.0,0,355.0
BOS,2022-01-12,2022,1,320,6,1,24,0.0187,0.0764,0.44,321,7,1,26,0.0218,0.0828,-6.81,15.94,6.41,901.0,0,108.0,0,471.0
BOS,2022-01-13,2022,1,350,4,0,29,0.0114,0.0838,2.65,344,5,0,34,0.0145,0.1003,-5.48,16.75,6.51,1759.0,0,235.0,0,335.0
BOS,2022-01-14,2022,1,353,6,1,52,0.017,0.1499,2.47,350,7,0,66,0.02,0.1924,2.37,16.14,8.42,717.0,0,155.0,0,569.0
BOS,2022-01-15,2022,1,243,7,0,35,0.0288,0.1483,8.57,242,3,1,39,0.0124,0.1632,-0.18,18.03,7.74,1037.0,48.0,378.0,35.0,808.0
BOS,2022-01-16,2022,1,302,45,2,59,0.149,0.2296,16.64,304,47,1,73,0.1546,0.284,20.75,17.05,7.02,2842.0,496.0,2050.0,0,792.0
BOS,2022-01-17,2022,1,348,17,0,98,0.0489,0.2961,17.74,347,17,0,106,0.049,0.3212,14.32,17.03,6.92,2907.0,317.0,605.0,0,1595.0
BOS,2022-01-18,2022,1,305,2,0,20,0.0066,0.066,-2.58,308,3,0,29,0.0097,0.0951,-3.17,17.28,6.29,561.0,0,134.0,0,101.0
BOS,2022-01-19,2022,1,319,9,0,22,0.0282,0.071,-2.65,318,8,1,31,0.0252,0.1,-5.08,16.22,6.49,411.0,21.0,267.0,0,289.0
BOS,2022-01-20,2022,1,350,16,2,51,0.0457,0.1527,5.48,347,20,0,54,0.0576,0.1651,-1.94,18.9,7.1,1280.0,503.0,1029.0,0,1313.0
BOS,2022-01-21,2022,1,346,3,2,39,0.0087,0.1137,2.58,346,3,0,50,0.0087,0.1458,-1.73,16.5,8.17,1652.0,146.0,1150.0,0,460.0
BOS,2022-01-22,2022,1,246,4,0,47,0.0163,0.1942,12.02,245,3,0,57,0.0122,0.2355,2.88,21.79,8.55,1558.0,86.0,855.0,31.0,1287.0
BOS,2022-01-23,2022,1,334,3,1,43,0.009,0.1299,11.86,336,2,0,76,0.006,0.2275,7.9,18.49,7.46,3573.0,19.0,463.0,0,1077.0
BOS,2022-01-24,2022,1,344,3,0,37,0.0087,0.1085,2.88,344,4,1,54,0.0116,0.1588,2.4,20.22,7.86,581.0,165.0,687.0,0,1418.0
BOS,2022-01-25,2022,1,307,0,0,33,0.0,0.1075,2.48,311,0,0,24,0.0,0.0772,-11.55,22.52,6.69,937.0,650.0,996.0,0,792.0
BOS,2022-01-26,2022,1,322,1,0,24,0.0031,0.0748,-0.01,320,1,0,23,0.0031,0.0721,-10.99,18.11,6.66,1027.0,8.0,256.0,0,297.0
BOS,2022-01-27,2022,1,353,2,1,39,0.0057,0.1111,3.18,350,2,1,42,0.0057,0.1207,-2.5,17.49,6.99,1655.0,0,147.0,0,444.0
BOS,2022-01-28,2022,1,351,24,4,76,0.0684,0.2324,14.58,351,121,0,72,0.3447,0.313,11.43,17.43,6.74,2754.0,54.0,1612.0,0,1494.0
BOS,2022-01-29,2022,1,246,246,0,0,1.0,,,246,246,0,0,1.0,,,,,0,0,0,0,0
BOS,2022-01-30,2022,1,339,219,0,53,0.646,0.4417,49.67,340,122,0,98,0.3588,0.4495,65.56,22.02,9.47,2845.0,67.0,312.0,0,2282.0
BOS,2022-01-31,2022,1,345,23,1,97,0.0667,0.3012,22.01,344,26,0,79,0.0756,0.2484,13.41,18.34,7.67,4119.0,97.0,129.0,15.0,1872.0
BOS,2022-06-01,2022,6,388,12,2,91,0.0309,0.242,16.57,388,15,1,128,0.0387,0.3432,17.14,17.83,11.1,2668.0,751.0,1565.0,43.0,1997.0
BOS,2022-06-02,2022,6,408,41,0,120,0.1005,0.327,23.05,411,37,0,175,0.09,0.4679,31.28,17.78,9.81,1953.0,7.0,3616.0,0,3670.0
BOS,2022-06-03,2022,6,403,16,1,120,0.0397,0.3101,16.76,406,15,0,138,0.0369,0.3529,16.3,16.83,9.97,3427.0,169.0,1421.0,21.0,2079.0
BOS,2022-06-04,2022,6,304,13,0,47,0.0428,0.1615,8.49,297,13,0,40,0.0438,0.1408,0.41,16.35,7.68,1564.0,0,753.0,0,1288.0
BOS,2022-06-05,2022,6,392,5,2,85,0.0128,0.2196,13.23,398,5,0,69,0.0126,0.1756,0.66,19.2,10.03,3086.0,0,472.0,0,1686.0
BOS,2022-06-06,2022,6,411,2,0,82,0.0049,0.2005,8.73,411,1,0,90,0.0024,0.2195,5.28,17.32,11.16,1727.0,46.0,956.0,0,1684.0
BOS,2022-06-07,2022,6,399,2,0,46,0.005,0.1159,2.71,394,4,0,61,0.0102,0.1564,-2.25,20.62,8.67,1199.0,49.0,698.0,0,882.0
BOS,2022-06-08,2022,6,398,9,1,70,0.0226,0.1799,14.7,399,8,1,84,0.0201,0.2148,13.97,23.92,9.64,3363.0,262.0,3439.0,0,1707.0
BOS,2022-06-09,2022,6,408,9,3,130,0.0221,0.3258,29.19,412,12,0,140,0.0291,0.35,24.92,26.3,10.06,4898.0,710.0,5074.0,0,4264.0
BOS,2022-06-10,2022,6,409,4,1,74,0.0098,0.1827,9.09,409,5,0,76,0.0122,0.1881,2.79,22.15,9.41,2269.0,14.0,1124.0,0,1320.0
BOS,2022-06-11,2022,6,310,2,0,50,0.0065,0.1623,7.24,306,4,1,69,0.0131,0.2285,6.71,18.65,8.79,1283.0,0,754.0,0,1011.0
BOS,2022-06-12,2022,6,387,20,1,148,0.0517,0.4033,26.09,393,23,3,153,0.0585,0.4135,31.95,21.82,9.92,3672.0,44.0,3488.0,0,3427.0
BOS,2022-06-13,2022,6,411,13,3,95,0.0316,0.2387,13.61,410,12,2,94,0.0293,0.2362,12.37,20.71,9.56,2530.0,0,1340.0,0,1758.0
BOS,2022-06-14,2022,6,400,8,4,127,0.02,0.324,20.28,398,9,0,157,0.0226,0.4036,21.71,20.89,10.87,2683.0,126.0,1799.0,34.0,3427.0
BOS,2022-06-15,2022,6,396,6,1,75,0.0152,0.1923,8.6,398,5,0,79,0.0126,0.201,3.24,17.38,10.6,2058.0,0,264.0,0,928.0
BOS,2022-06-16,2022,6,411,79,0,195,0.1922,0.5873,79.42,410,85,5,217,0.2073,0.6677,79.02,35.0,22.6,3663.0,1783.0,17440.0,0,8817.0
BOS,2022-06-17,2022,6,408,48,2,187,0.1176,0.5194,45.06,409,48,1,180,0.1174,0.4986,38.26,27.29,11.47,8741.0,284.0,4576.0,0,4749.0
BOS,2022-06-18,2022,6,309,10,0,79,0.0324,0.2642,17.0,304,6,1,89,0.0197,0.2987,10.56,19.46,7.8,3004.0,0,903.0,0,822.0
BOS,2022-06-19,2022,6,388,13,0,98,0.0335,0.2613,12.82,394,13,0,108,0.033,0.2835,12.18,19.11,9.43,1907.0,66.0,524.0,0,1262.0
BOS,2022-06-20,2022,6,412,4,0,86,0.0097,0.2108,9.59,411,3,0,90,0.0073,0.2206,9.01,18.87,9.75,1305.0,48.0,149.0,0,1372.0
BOS,2022-06-21,2022,6,400,5,0,54,0.0125,0.1367,5.19,398,3,0,61,0.0075,0.1544,1.06,17.9,9.57,906.0,0,239.0,0,995.0
BOS,2022-06-22,2022,6,396,45,0,98,0.1136,0.2792,31.74,397,49,1,144,0.1234,0.4138,45.79,18.05,13.53,1722.0,2842.0,3712.0,0,2687.0
BOS,2022-06-23,2022,6,410,25,0,129,0.061,0.3351,23.66,410,26,6,118,0.0634,0.3073,15.91,18.57,12.51,3610.0,13.0,1049.0,0,3003.0
BOS,2022-06-24,2022,6,410,14,1,102,0.0341,0.2576,16.18,411,15,0,100,0.0365,0.2525,10.37,17.92,10.05,3514.0,0,798.0,0,1032.0
BOS,2022-06-25,2022,6,313,7,1,54,0.0224,0.1765,6.75,308,9,0,57,0.0292,0.1906,5.47,17.52,10.17,1303.0,0,138.0,16.0,205.0
BOS,2022-06-26,2022,6,390,9,1,113,0.0231,0.2966,18.43,396,11,0,123,0.0278,0.3195,17.69,20.95,11.31,3084.0,309.0,2622.0,0,1848.0
BOS,2022-06-27,2022,6,411,22,2,157,0.0535,0.4036,33.26,410,17,1,169,0.0415,0.43,28.43,20.07,11.74,7745.0,46.0,1579.0,0,4339.0
BOS,2022-06-28,2022,6,397,9,1,73,0.0227,0.1881,12.13,394,9,0,60,0.0228,0.1558,0.75,19.53,10.34,3470.0,46.0,573.0,0,1103.0
BOS,2022-06-29,2022,6,397,6,0,63,0.0151,0.1611,11.04,397,5,0,69,0.0126,0.176,1.33,17.71,9.96,3023.0,0,652.0,0,1365.0
BOS,2022-06-30,2022,6,412,7,0,83,0.017,0.2049,9.24,411,8,1,76,0.0195,0.1886,1.65,22.87,9.99,1760.0,23.0,588.0,0,1750.0
BOS,2022-12-01,2022,12,403,1,0,65,0.0025,0.1617,9.19,402,3,0,60,0.0075,0.1504,-0.95,22.31,7.93,2645.0,0,1000.0,42.0,1662.0
BOS,2022-12-02,2022,12,401,1,4,44,0.0025,0.11,4.64,402,3,0,67,0.0075,0.1679,-0.77,21.49,8.08,1233.0,0,1142.0,58.0,765.0
BOS,2022-12-03,2022,12,295,2,5,41,0.0068,0.1399,5.1,292,1,0,33,0.0034,0.1134,-5.21,17.48,6.76,1239.0,0,1033.0,0,469.0
BOS,2022-12-04,2022,12,381,2,1,71,0.0052,0.1873,10.47,385,2,1,79,0.0052,0.2063,4.37,19.7,8.15,2486.0,9.0,1171.0,0,1581.0
BOS,2022-12-05,2022,12,405,0,0,77,0.0,0.1901,13.96,405,1,1,79,0.0025,0.1955,6.63,20.29,8.11,4290.0,3.0,934.0,0,1616.0
BOS,2022-12-06,2022,12,394,3,1,43,0.0076,0.11,0.17,392,3,0,36,0.0077,0.0925,-5.32,18.32,8.34,968.0,20.0,971.0,0,645.0
BOS,2022-12-07,2022,12,390,2,2,91,0.0051,0.2345,19.22,393,2,0,118,0.0051,0.3018,10.53,20.21,8.16,4481.0,251.0,1630.0,0,2400.0
BOS,2022-12-08,2022,12,401,2,0,40,0.005,0.1003,5.48,399,2,0,49,0.005,0.1234,-2.32,20.52,8.58,1902.0,0,764.0,0,1067.0
BOS,2022-12-09,2022,12,403,2,1,68,0.005,0.1696,4.88,402,2,0,55,0.005,0.1375,0.57,18.89,9.29,1067.0,53.0,348.0,0,540.0
BOS,2022-12-10,2022,12,294,0,0,35,0.0,0.119,2.48,291,0,0,40,0.0,0.1375,1.64,22.62,9.18,1090.0,32.0,757.0,0,178.0
BOS,2022-12-11,2022,12,378,17,3,118,0.045,0.3269,35.5,381,9,6,155,0.0236,0.4167,30.43,34.17,28.14,8462.0,1872.0,4480.0,0,2492.0
BOS,2022-12-12,2022,12,402,17,0,131,0.0423,0.3403,18.69,402,24,0,122,0.0597,0.3228,16.07,20.58,9.37,2484.0,92.0,1185.0,0,2345.0
BOS,2022-12-13,2022,12,387,0,1,80,0.0,0.2067,9.66,387,0,0,90,0.0,0.2326,13.79,20.7,8.16,1756.0,96.0,976.0,0,1454.0
BOS,2022-12-14,2022,12,386,1,0,63,0.0026,0.1636,7.02,389,0,0,65,0.0,0.1671,2.18,21.9,7.97,1438.0,65.0,345.0,27.0,1285.0
BOS,2022-12-15,2022,12,396,2,1,114,0.0051,0.2893,17.24,392,3,0,119,0.0077,0.3059,12.85,20.36,10.14,1977.0,248.0,2760.0,22.0,2572.0
BOS,2022-12-16,2022,12,380,5,0,151,0.0132,0.4027,31.33,393,2,0,187,0.0051,0.4783,33.9,19.08,11.85,3407.0,516.0,2216.0,0,5297.0
BOS,2022-12-17,2022,12,289,2,1,77,0.0069,0.2683,15.32,287,3,0,80,0.0105,0.2817,6.81,24.23,7.49,2539.0,0,1420.0,15.0,1406.0
BOS,2022-12-18,2022,12,348,1,2,73,0.0029,0.2104,9.36,350,0,0,61,0.0,0.1743,5.85,19.76,7.67,1773.0,0,488.0,10.0,1059.0
BOS,2022-12-19,2022,12,358,1,0,74,0.0028,0.2073,7.75,358,1,0,70,0.0028,0.1961,6.32,20.71,7.48,1814.0,168.0,556.0,45.0,613.0
BOS,2022-12-20,2022,12,354,2,2,77,0.0056,0.2188,10.83,353,1,0,64,0.0028,0.1818,8.17,20.31,8.37,2336.0,0,570.0,0,1440.0
BOS,2022-12-21,2022,12,364,1,0,104,0.0027,0.2865,19.36,363,1,0,107,0.0028,0.2956,15.74,20.49,8.66,3942.0,0,1246.0,0,2456.0
BOS,2022-12-22,2022,12,371,23,2,125,0.062,0.3592,23.01,369,26,1,135,0.0705,0.3936,25.59,17.64,9.24,3435.0,221.0,2587.0,23.0,2627.0
BOS,2022-12-23,2022,12,362,97,1,132,0.268,0.4981,42.53,363,100,2,159,0.2755,0.6046,57.69,18.51,9.02,4475.0,1222.0,2509.0,0,4003.0
BOS,2022-12-24,2022,12,256,39,1,139,0.1523,0.6406,62.2,252,27,0,139,0.1071,0.6178,64.17,17.71,11.02,6013.0,701.0,1371.0,0,4398.0
BOS,2022-12-25,2022,12,270,26,0,141,0.0963,0.5779,66.05,276,36,0,126,0.1304,0.525,62.37,16.9,9.2,8961.0,108.0,589.0,0,5079.0
BOS,2022-12-26,2022,12,329,35,0,159,0.1064,0.5408,42.51,331,33,0,142,0.0997,0.4765,39.11,18.84,8.37,5354.0,82.0,2217.0,11.0,4188.0
BOS,2022-12-27,2022,12,332,27,0,125,0.0813,0.4098,28.03,331,23,1,128,0.0695,0.4156,29.44,17.64,7.91,3123.0,27.0,1354.0,16.0,2721.0
BOS,2022-12-28,2022,12,325,23,1,121,0.0708,0.4007,35.34,326,22,1,108,0.0675,0.3553,29.55,17.05,7.87,4873.0,0,501.0,0,2523.0
BOS,2022-12-29,2022,12,325,14,0,95,0.0431,0.3055,22.53,324,15,0,67,0.0463,0.2168,12.0,17.19,7.3,2590.0,26.0,110.0,0,2457.0
BOS,2022-12-30,2022,12,322,2,2,92,0.0062,0.2875,17.93,324,0,0,70,0.0,0.216,8.48,16.28,7.32,2544.0,339.0,320.0,0,855.0
BOS,2022-12-31,2022,12,259,2,3,90,0.0077,0.3502,36.55,251,4,1,83,0.0159,0.336,29.2,19.73,9.34,4740.0,404.0,1274.0,0,2636.0
BOS,2023-01-01,2023,1,284,5,3,85,0.0176,0.3047,20.62,286,4,3,85,0.014,0.3014,12.42,18.67,8.07,2924.0,0,610.0,0,1684.0
BOS,2023-01-02,2023,1,326,7,4,122,0.0215,0.3824,36.76,333,8,3,129,0.024,0.3969,46.24,18.49,7.97,3162.0,53.0,4381.0,17.0,3890.0
BOS,2023-01-03,2023,1,332,4,5,94,0.012,0.2866,22.84,329,2,2,110,0.0061,0.3364,22.98,16.84,10.93,2778.0,78.0,669.0,0,3487.0
BOS,2023-01-04,2023,1,316,7,2,80,0.0222,0.2589,13.71,317,7,0,84,0.0221,0.271,12.35,15.88,9.87,1499.0,128.0,931.0,0,1367.0
BOS,2023-01-05,2023,1,326,2,0,48,0.0061,0.1481,8.5,323,2,1,65,0.0062,0.2025,0.16,16.24,8.83,1551.0,184.0,590.0,50.0,1049.0
BOS,2023-01-06,2023,1,324,0,0,56,0.0,0.1728,6.39,326,1,0,59,0.0031,0.1815,0.28,26.79,9.19,1566.0,16.0,1171.0,0,317.0
BOS,2023-01-07,2023,1,277,0,0,47,0.0,0.1697,8.7,275,0,0,59,0.0,0.2145,3.31,18.75,8.0,1513.0,0,192.0,0,238.0
BOS,2023-01-08,2023,1,350,0,0,67,0.0,0.1914,7.31,355,1,0,60,0.0028,0.1695,2.9,19.82,7.49,1141.0,0,437.0,0,669.0
BOS,2023-01-09,2023,1,390,2,1,55,0.0051,0.1418,2.89,384,2,0,52,0.0052,0.1361,-0.92,19.2,7.92,708.0,83.0,625.0,0,306.0
BOS,2023-01-10,2023,1,370,0,2,39,0.0,0.1054,4.32,367,3,0,39,0.0082,0.1071,-0.81,19.35,7.66,2204.0,0,226.0,0,309.0
BOS,2023-01-11,2023,1,361,20,2,212,0.0554,0.6217,69.51,362,19,0,200,0.0525,0.5831,51.36,19.49,9.58,4718.0,25.0,8489.0,152.0,8276.0
BOS,2023-01-12,2023,1,382,0,0,84,0.0,0.2199,11.72,382,0,0,85,0.0,0.2225,6.3,21.05,9.45,2072.0,120.0,1962.0,0,1228.0
BOS,2023-01-13,2023,1,380,1,0,78,0.0026,0.2058,10.76,382,1,0,122,0.0026,0.3202,13.86,20.39,8.53,1807.0,424.0,1469.0,0,1365.0
BOS,2023-01-14,2023,1,274,0,1,64,0.0,0.2336,14.47,271,0,1,70,0.0,0.2583,11.62,20.77,9.27,2529.0,113.0,648.0,42.0,833.0
BOS,2023-01-15,2023,1,342,0,0,101,0.0,0.2953,19.12,342,4,1,165,0.0117,0.4882,22.71,31.74,12.36,2848.0,416.0,3018.0,0,2576.0
BOS,2023-01-16,2023,1,381,28,0,142,0.0735,0.4023,23.44,381,24,0,166,0.063,0.465,26.64,46.31,9.73,3141.0,592.0,4108.0,0,3398.0
BOS,2023-01-17,2023,1,369,1,0,33,0.0027,0.0897,-0.02,369,0,0,23,0.0,0.0623,-6.87,21.04,7.76,625.0,0,149.0,0,196.0
BOS,2023-01-18,2023,1,364,2,0,31,0.0055,0.0856,1.42,366,5,0,30,0.0137,0.0831,-7.17,19.16,7.25,1057.0,0,135.0,0,842.0
BOS,2023-01-19,2023,1,386,3,1,62,0.0078,0.1619,5.95,384,7,0,73,0.0182,0.1936,0.69,22.29,11.19,1704.0,48.0,1858.0,0,782.0
BOS,2023-01-20,2023,1,385,9,0,80,0.0234,0.2128,7.31,386,7,1,85,0.0181,0.2243,4.43,31.49,10.48,1731.0,258.0,1696.0,15.0,1195.0
BOS,2023-01-21,2023,1,280,0,0,41,0.0,0.1464,10.64,279,0,0,39,0.0,0.1398,-0.6,24.02,7.35,2643.0,64.0,561.0,0,605.0
BOS,2023-01-22,2023,1,369,2,1,95,0.0054,0.2589,24.81,370,1,2,121,0.0027,0.3279,17.08,25.27,15.58,4746.0,2024.0,2828.0,108.0,2973.0
BOS,2023-01-23,2023,1,385,43,0,121,0.1117,0.3538,24.98,383,44,1,187,0.1149,0.5516,35.42,34.16,10.94,3523.0,313.0,4453.0,0,3404.0
BOS,2023-01-24,2023,1,371,2,1,55,0.0054,0.1491,6.76,370,1,0,39,0.0027,0.1057,-0.14,22.66,8.33,2483.0,74.0,910.0,0,482.0
BOS,2023-01-25,2023,1,366,8,0,87,0.0219,0.243,13.25,369,7,0,97,0.019,0.268,9.57,23.79,8.81,2505.0,292.0,3713.0,0,1181.0
BOS,2023-01-26,2023,1,389,0,0,69,0.0,0.1774,6.59,388,1,1,68,0.0026,0.1757,-1.48,20.88,7.96,1435.0,157.0,1447.0,0,1425.0
BOS,2023-01-27,2023,1,386,0,1,36,0.0,0.0933,1.6,387,0,0,41,0.0,0.1059,-1.3,19.34,7.58,982.0,7.0,524.0,0,925.0
BOS,2023-01-28,2023,1,280,1,0,17,0.0036,0.0609,-2.35,279,0,0,31,0.0,0.1111,-6.47,17.04,7.1,396.0,0,455.0,0,156.0
BOS,2023-01-29,2023,1,370,0,1,39,0.0,0.1054,3.82,371,1,0,53,0.0027,0.1432,-2.24,18.21,7.44,905.0,0,1259.0,0,1696.0
BOS,2023-01-30,2023,1,385,3,2,46,0.0078,0.1204,4.73,384,2,0,43,0.0052,0.1126,-4.54,18.21,8.69,2187.0,62.0,691.0,0,1130.0
BOS,2023-01-31,2023,1,371,7,2,67,0.0189,0.1841,7.78,370,9,0,76,0.0243,0.2105,6.09,28.95,9.03,1902.0,340.0,4021.0,0,1089.0
BOS,2023-06-01,2023,6,417,0,0,67,0.0,0.1607,8.06,419,4,0,87,0.0095,0.2096,5.15,18.54,8.69,1630.0,0,551.0,0,1687.0
BOS,2023-06-02,2023,6,421,6,0,144,0.0143,0.347,39.85,422,5,5,177,0.0118,0.4245,30.39,22.21,17.4,4936.0,5124.0,2096.0,0,4450.0
BOS,2023-06-03,2023,6,327,2,2,96,0.0061,0.2954,21.09,328,3,0,131,0.0091,0.4031,27.94,16.54,9.26,3420.0,18.0,565.0,0,1812.0
BOS,2023-06-04,2023,6,403,1,0,146,0.0025,0.3632,28.02,400,1,1,210,0.0025,0.5263,33.04,16.82,9.49,3991.0,1040.0,499.0,25.0,3652.0
BOS,2023-06-05,2023,6,421,1,0,111,0.0024,0.2643,11.47,421,1,0,145,0.0024,0.3452,11.0,17.37,9.77,1674.0,0,279.0,0,1628.0
BOS,2023-06-06,2023,6,398,0,1,70,0.0,0.1759,10.01,400,0,0,100,0.0,0.25,11.07,23.05,8.24,610.0,139.0,1972.0,0,1926.0
BOS,2023-06-07,2023,6,400,2,1,57,0.005,0.1432,2.81,402,3,0,64,0.0075,0.1604,-1.72,21.79,7.97,550.0,21.0,1127.0,0,594.0
BOS,2023-06-08,2023,6,417,1,2,79,0.0024,0.1899,7.34,416,2,1,82,0.0048,0.1981,2.23,18.75,9.37,1501.0,0,1197.0,0,920.0
BOS,2023-06-09,2023,6,413,1,0,72,0.0024,0.1748,8.98,415,0,0,98,0.0,0.2361,5.35,19.09,8.79,2017.0,131.0,375.0,0,1600.0
BOS,2023-06-10,2023,6,326,0,1,71,0.0,0.2178,11.99,326,0,2,62,0.0,0.1902,4.3,17.5,8.86,1509.0,513.0,543.0,25.0,1573.0
BOS,2023-06-11,2023,6,397,0,3,68,0.0,0.1713,9.6,396,2,0,72,0.0051,0.1827,4.61,16.84,9.1,1673.0,55.0,665.0,35.0,1816.0
BOS,2023-06-12,2023,6,418,7,3,100,0.0167,0.2433,13.38,417,5,1,120,0.012,0.2913,14.29,20.72,9.85,1393.0,32.0,2141.0,0,2250.0
BOS,2023-06-13,2023,6,398,2,1,134,0.005,0.3384,12.96,398,2,0,172,0.005,0.4343,15.01,18.39,10.29,1774.0,20.0,840.0,0,1893.0
BOS,2023-06-14,2023,6,399,5,1,122,0.0125,0.3096,32.72,402,4,1,136,0.01,0.3417,22.39,22.55,11.61,3486.0,2166.0,4719.0,0,3324.0
BOS,2023-06-15,2023,6,406,4,1,105,0.0099,0.2612,14.43,407,3,0,104,0.0074,0.2574,10.16,24.75,8.6,2901.0,98.0,1451.0,0,1993.0
BOS,2023-06-16,2023,6,407,12,1,123,0.0295,0.3114,24.37,406,11,2,143,0.0271,0.362,27.27,24.91,10.08,3129.0,25.0,3423.0,0,4469.0
BOS,2023-06-17,2023,6,319,3,8,84,0.0094,0.2658,16.33,319,5,1,92,0.0157,0.293,24.98,17.09,9.41,2382.0,0,598.0,0,1459.0
BOS,2023-06-18,2023,6,384,6,0,90,0.0156,0.2381,16.99,387,4,0,79,0.0103,0.2063,11.86,17.66,9.98,2596.0,0,385.0,0,2899.0
BOS,2023-06-19,2023,6,409,3,2,57,0.0073,0.1404,8.22,406,4,0,65,0.0099,0.1617,5.12,16.27,9.01,1539.0,21.0,810.0,64.0,1468.0
BOS,2023-06-20,2023,6,386,4,3,53,0.0104,0.1387,6.67,385,4,1,67,0.0104,0.1759,2.12,17.65,10.06,1442.0,31.0,847.0,35.0,671.0
BOS,2023-06-21,2023,6,390,2,3,78,0.0051,0.201,10.11,393,3,1,87,0.0076,0.2231,11.61,17.94,9.94,2141.0,13.0,1243.0,14.0,1105.0
BOS,2023-06-22,2023,6,406,5,2,89,0.0123,0.2219,11.45,406,5,0,106,0.0123,0.2643,10.74,16.81,9.62,2399.0,21.0,790.0,0,1432.0
BOS,2023-06-23,2023,6,408,6,1,108,0.0147,0.2687,18.4,408,6,0,145,0.0147,0.3607,24.57,19.77,9.37,3044.0,21.0,1737.0,15.0,3676.0
BOS,2023-06-24,2023,6,320,5,3,79,0.0156,0.2508,14.7,319,8,0,88,0.0251,0.283,27.4,20.97,7.66,1257.0,69.0,1706.0,28.0,1641.0
BOS,2023-06-25,2023,6,387,29,7,163,0.0749,0.4553,42.72,389,35,1,177,0.09,0.5,42.37,24.27,9.16,5249.0,545.0,4516.0,46.0,6148.0
BOS,2023-06-26,2023,6,409,86,2,162,0.2103,0.5015,61.98,407,85,3,181,0.2088,0.5621,76.32,26.67,10.52,6234.0,1975.0,7038.0,0,6054.0
BOS,2023-06-27,2023,6,388,77,0,173,0.1985,0.5563,51.53,386,70,0,193,0.1813,0.6108,67.82,31.17,9.13,6610.0,261.0,5763.0,0,6381.0
BOS,2023-06-28,2023,6,391,29,0,178,0.0742,0.4917,48.22,394,32,1,161,0.0812,0.4448,40.83,24.19,10.25,4986.0,843.0,5880.0,10.0,5750.0
BOS,2023-06-29,2023,6,407,10,0,108,0.0246,0.272,19.44,408,11,1,105,0.027,0.2645,17.67,19.75,9.32,2838.0,0,1151.0,0,3536.0
BOS,2023-06-30,2023,6,409,4,5,120,0.0098,0.2963,20.34,406,3,0,115,0.0074,0.2854,16.66,19.16,10.54,3685.0,0,1555.0,14.0,2430.0
BOS,2023-07-01,2023,7,326,1,1,102,0.0031,0.3138,19.25,326,0,3,138,0.0,0.4233,27.16,20.81,8.88,1525.0,0,1741.0,0,3116.0
BOS,2023-07-02,2023,7,363,10,3,115,0.0275,0.3258,21.62,365,10,3,137,0.0274,0.3859,24.21,20.9,7.8,2401.0,134.0,1226.0,0,3973.0
BOS,2023-07-03,2023,7,339,1,0,44,0.0029,0.1302,5.57,335,1,1,50,0.003,0.1497,-0.08,15.88,9.31,1754.0,34.0,393.0,0,624.0
BOS,2023-07-04,2023,7,304,4,1,64,0.0132,0.2133,12.79,304,7,3,95,0.023,0.3199,20.74,16.5,9.32,1839.0,16.0,1416.0,0,1483.0
BOS,2023-07-05,2023,7,386,5,2,75,0.013,0.1969,11.16,392,6,0,83,0.0153,0.215,16.84,18.12,8.77,2298.0,23.0,1333.0,2.0,1554.0
BOS,2023-07-06,2023,7,384,0,0,70,0.0,0.1823,9.18,384,1,1,76,0.0026,0.1984,6.66,19.59,8.74,1930.0,21.0,732.0,0,1626.0
BOS,2023-07-07,2023,7,388,24,0,151,0.0619,0.4148,46.8,387,17,1,198,0.0439,0.5351,50.15,23.65,9.8,4418.0,321.0,6310.0,24.0,7781.0
BOS,2023-07-08,2023,7,332,5,1,100,0.0151,0.3058,22.37,331,3,5,111,0.0091,0.3384,28.88,18.61,9.98,2939.0,91.0,1578.0,0,3165.0
BOS,2023-07-09,2023,7,397,100,2,104,0.2519,0.3502,41.43,399,112,0,140,0.2807,0.4878,62.21,20.86,10.37,4677.0,29.0,4267.0,0,4472.0
BOS,2023-07-10,2023,7,417,32,0,229,0.0767,0.5948,60.72,416,21,4,252,0.0505,0.638,64.2,23.95,11.66,8557.0,205.0,4224.0,0,10642.0
BOS,2023-07-11,2023,7,400,2,2,99,0.005,0.2487,19.31,400,0,0,84,0.0,0.21,5.26,22.83,9.39,3525.0,0,628.0,58.0,2442.0
BOS,2023-07-12,2023,7,408,1,3,77,0.0025,0.1892,11.82,410,1,0,82,0.0024,0.2005,7.4,20.4,8.89,2475.0,91.0,1541.0,7.0,1698.0
BOS,2023-07-13,2023,7,420,10,0,81,0.0238,0.1976,16.69,420,7,28,89,0.0167,0.2155,17.21,24.28,9.78,2049.0,1551.0,3496.0,64.0,2490.0
BOS,2023-07-14,2023,7,420,66,3,224,0.1571,0.6328,68.22,420,68,0,228,0.1619,0.6477,74.38,38.98,10.39,4679.0,2155.0,12832.0,77.0,11314.0
BOS,2023-07-15,2023,7,345,17,1,127,0.0493,0.3872,30.52,344,12,0,130,0.0349,0.3916,27.0,21.33,8.5,4605.0,30.0,1705.0,6.0,4093.0
BOS,2023-07-16,2023,7,408,112,3,190,0.2745,0.6419,80.29,409,120,9,198,0.2934,0.6851,107.99,38.99,10.13,6037.0,1158.0,12053.0,7.0,9951.0
BOS,2023-07-17,2023,7,425,23,0,156,0.0541,0.3881,34.2,423,14,1,157,0.0331,0.3839,39.38,22.73,9.45,7657.0,620.0,2563.0,13.0,4614.0
BOS,2023-07-18,2023,7,403,30,2,154,0.0744,0.4129,35.75,402,28,1,185,0.0697,0.4947,53.68,22.33,8.32,3980.0,78.0,3956.0,0,6178.0
BOS,2023-07-19,2023,7,410,7,0,90,0.0171,0.2233,15.07,412,6,0,99,0.0146,0.2438,8.68,20.73,8.26,3378.0,21.0,1094.0,0,2404.0
BOS,2023-07-20,2023,7,423,8,2,79,0.0189,0.1904,10.09,423,9,0,103,0.0213,0.2488,10.79,19.31,10.94,2437.0,71.0,1614.0,0,1483.0
BOS,2023-07-21,2023,7,423,16,1,184,0.0378,0.4521,62.62,423,10,22,244,0.0236,0.5908,56.8,26.21,14.21,6389.0,4997.0,6854.0,36.0,9432.0
BOS,2023-07-22,2023,7,344,8,2,89,0.0233,0.2649,19.67,344,11,0,85,0.032,0.2553,10.58,18.3,9.48,2675.0,587.0,646.0,296.0,2103.0
BOS,2023-07-23,2023,7,407,4,4,113,0.0098,0.2804,19.39,408,6,1,98,0.0147,0.2438,13.53,23.11,9.6,4084.0,7.0,2091.0,0,2524.0
BOS,2023-07-24,2023,7,425,5,1,151,0.0118,0.3595,27.97,423,5,0,144,0.0118,0.3445,15.45,21.91,9.94,6696.0,43.0,2585.0,0,3694.0
BOS,2023-07-25,2023,7,403,31,1,147,0.0769,0.3952,50.27,402,27,8,173,0.0672,0.4613,52.56,24.85,13.43,3527.0,2692.0,4845.0,0,8989.0
BOS,2023-07-26,2023,7,410,4,3,118,0.0098,0.2906,22.27,412,6,0,134,0.0146,0.33,21.8,21.55,9.47,4501.0,0,1022.0,0,3585.0
BOS,2023-07-27,2023,7,424,40,5,141,0.0943,0.3672,40.41,423,42,0,150,0.0993,0.3937,40.51,22.99,8.74,6176.0,760.0,2979.0,4.0,5620.0
BOS,2023-07-28,2023,7,423,16,2,132,0.0378,0.3243,23.79,423,13,1,131,0.0307,0.3195,26.6,20.61,9.21,3733.0,48.0,3723.0,13.0,3011.0
BOS,2023-07-29,2023,7,344,33,1,134,0.0959,0.4309,52.29,344,36,8,156,0.1047,0.5065,47.68,25.83,11.8,4986.0,2343.0,5523.0,0,5277.0
BOS,2023-07-30,2023,7,407,10,2,125,0.0246,0.3149,26.75,408,14,0,102,0.0343,0.2589,14.58,23.15,8.95,5057.0,0,1101.0,0,4578.0
BOS,2023-07-31,2023,7,425,5,5,120,0.0118,0.2857,20.92,423,7,0,110,0.0165,0.2644,14.88,25.29,9.0,3864.0,0,2265.0,13.0,3692.0
BOS,2023-12-01,2023,12,369,1,0,39,0.0027,0.106,3.24,372,0,0,40,0.0,0.1075,-6.79,18.73,7.69,1011.0,15.0,648.0,0,1201.0
BOS,2023-12-02,2023,12,296,0,0,26,0.0,0.0878,0.21,291,0,0,35,0.0,0.1203,-9.28,16.99,7.51,702.0,34.0,978.0,0,336.0
BOS,2023-12-03,2023,12,356,0,1,64,0.0,0.1798,9.27,358,0,1,70,0.0,0.1955,0.88,18.94,10.09,2251.0,389.0,2464.0,0,1185.0
BOS,2023-12-04,2023,12,370,0,0,33,0.0,0.0892,2.95,370,1,0,37,0.0027,0.1003,-6.16,16.33,9.37,1316.0,0,988.0,0,831.0
BOS,2023-12-05,2023,12,347,1,0,34,0.0029,0.0983,1.36,347,0,3,45,0.0,0.1297,-6.42,17.76,9.86,1021.0,0,413.0,8.0,666.0
BOS,2023-12-06,2023,12,351,0,1,53,0.0,0.151,4.94,352,0,0,56,0.0,0.1591,0.4,22.66,10.66,779.0,237.0,950.0,0,484.0
BOS,2023-12-07,2023,12,381,0,0,59,0.0,0.1549,5.81,381,0,1,41,0.0,0.1076,-4.18,22.4,8.1,1819.0,16.0,163.0,0,446.0
BOS,2023-12-08,2023,12,382,1,0,39,0.0026,0.1024,4.16,383,0,1,40,0.0,0.1044,-4.7,20.04,9.23,975.0,2.0,242.0,31.0,1191.0
BOS,2023-12-09,2023,12,295,0,1,32,0.0,0.1085,1.11,292,0,1,33,0.0,0.113,-4.43,17.61,7.21,487.0,0,120.0,0,488.0
BOS,2023-12-10,2023,12,362,1,3,98,0.0028,0.2715,10.85,365,1,1,131,0.0027,0.3599,16.11,19.59,8.4,1255.0,87.0,1776.0,0,1710.0
BOS,2023-12-11,2023,12,383,0,0,63,0.0,0.1645,8.24,383,1,0,63,0.0026,0.1649,0.07,21.05,8.07,2104.0,41.0,1313.0,0,1073.0
BOS,2023-12-12,2023,12,360,0,0,24,0.0,0.0667,-0.58,358,0,0,20,0.0,0.0559,-11.3,19.03,8.11,682.0,0,306.0,12.0,376.0
BOS,2023-12-13,2023,12,363,0,0,28,0.0,0.0771,0.74,364,0,0,33,0.0,0.0907,-10.3,21.31,7.68,1054.0,17.0,479.0,0,189.0
BOS,2023-12-14,2023,12,383,0,0,67,0.0,0.1749,7.87,379,0,1,62,0.0,0.1636,3.29,19.95,7.89,1207.0,0,130.0,0,983.0
BOS,2023-12-15,2023,12,384,3,0,66,0.0078,0.1732,11.38,391,1,1,58,0.0026,0.1487,4.15,19.67,7.71,1979.0,0,127.0,0,1617.0
BOS,2023-12-16,2023,12,300,0,1,54,0.0,0.18,11.9,293,0,0,46,0.0,0.157,-0.61,17.08,8.45,2125.0,42.0,270.0,0,877.0
BOS,2023-12-17,2023,12,350,0,0,82,0.0,0.2343,13.4,353,0,1,93,0.0,0.2635,10.7,18.52,10.17,2131.0,27.0,1092.0,0,1479.0
BOS,2023-12-18,2023,12,357,70,2,177,0.1961,0.6167,94.87,358,70,26,188,0.1955,0.6528,105.07,19.93,8.65,3015.0,3236.0,1146.0,0,16880.0
BOS,2023-12-19,2023,12,352,1,0,104,0.0028,0.2963,16.74,351,0,0,82,0.0,0.2336,8.23,18.48,7.62,2777.0,22.0,293.0,24.0,1308.0
BOS,2023-12-20,2023,12,363,0,1,57,0.0,0.157,7.57,364,0,1,57,0.0,0.1566,0.64,20.97,7.39,1224.0,0,211.0,27.0,656.0
BOS,2023-12-21,2023,12,370,0,0,57,0.0,0.1541,9.13,370,0,1,50,0.0,0.1351,-0.9,19.99,7.85,1291.0,0,20.0,0,1382.0
BOS,2023-12-22,2023,12,375,0,2,75,0.0,0.2,8.96,374,0,0,71,0.0,0.1898,2.18,18.37,8.29,1645.0,0,131.0,0,876.0
BOS,2023-12-23,2023,12,325,1,1,56,0.0031,0.1728,6.7,326,1,0,58,0.0031,0.1785,3.06,17.79,7.3,883.0,0,277.0,0,502.0
BOS,2023-12-24,2023,12,265,0,2,32,0.0,0.1208,4.82,264,3,1,40,0.0114,0.1533,-1.78,15.73,8.92,972.0,0,142.0,0,189.0
BOS,2023-12-25,2023,12,264,1,0,28,0.0038,0.1065,3.2,264,0,0,48,0.0,0.1818,3.19,14.79,8.53,577.0,0,19.0,0,113.0
BOS,2023-12-26,2023,12,344,2,2,118,0.0058,0.345,30.04,344,2,17,116,0.0058,0.3392,26.28,18.03,9.04,2605.0,420.0,1252.0,17.0,4500.0
BOS,2023-12-27,2023,12,343,1,0,96,0.0029,0.2807,18.82,345,2,2,122,0.0058,0.3557,21.59,18.83,8.29,3112.0,154.0,1759.0,0,1690.0
BOS,2023-12-28,2023,12,337,0,1,116,0.0,0.3442,18.71,335,0,1,132,0.0,0.394,20.91,18.66,9.56,1457.0,69.0,1338.0,0,2787.0
BOS,2023-12-29,2023,12,344,0,0,78,0.0,0.2267,9.91,344,1,0,85,0.0029,0.2478,3.63,19.82,7.15,1624.0,11.0,1195.0,0,1013.0
BOS,2023-12-30,2023,12,313,0,0,78,0.0,0.2492,12.73,313,0,0,69,0.0,0.2204,4.91,19.46,7.39,1836.0,0,795.0,0,1064.0
BOS,2023-12-31,2023,12,276,0,0,61,0.0,0.221,14.15,277,0,1,52,0.0,0.1877,2.39,17.95,7.41,1322.0,0,272.0,34.0,1747.0
BOS,2024-01-01,2024,1,292,0,0,59,0.0,0.2021,9.66,293,0,0,69,0.0,0.2355,8.83,14.91,8.73,1136.0,0,310.0,0,952.0
BOS,2024-01-02,2024,1,332,0,0,87,0.0,0.262,12.8,331,1,0,107,0.003,0.3242,12.63,22.54,7.68,824.0,15.0,605.0,0,1639.0
BOS,2024-01-03,2024,1,315,0,0,54,0.0,0.1714,9.7,319,0,1,62,0.0,0.1944,2.89,19.55,6.64,1664.0,46.0,268.0,0,956.0
BOS,2024-01-04,2024,1,299,0,0,37,0.0,0.1237,4.38,295,0,1,34,0.0,0.1153,-3.15,18.03,6.93,1141.0,0,190.0,44.0,301.0
BOS,2024-01-05,2024,1,300,0,0,52,0.0,0.1733,8.25,299,0,0,43,0.0,0.1438,-2.21,18.44,7.56,1235.0,7.0,195.0,0,765.0
BOS,2024-01-06,2024,1,273,3,0,56,0.011,0.2074,10.86,272,27,3,66,0.0993,0.2694,9.9,17.63,9.28,1706.0,37.0,1284.0,0,493.0
BOS,2024-01-07,2024,1,336,75,0,139,0.2232,0.5326,95.4,336,47,24,180,0.1399,0.6228,84.32,44.94,19.13,7141.0,5259.0,5378.0,0,12514.0
BOS,2024-01-08,2024,1,352,7,5,130,0.0199,0.3768,26.53,348,10,0,94,0.0287,0.2781,11.19,24.57,8.93,5092.0,413.0,1406.0,25.0,2447.0
BOS,2024-01-09,2024,1,328,19,8,79,0.0579,0.2557,11.95,325,25,0,104,0.0769,0.3467,21.38,19.99,10.22,1752.0,152.0,2273.0,0,815.0
BOS,2024-01-10,2024,1,327,19,0,59,0.0581,0.1916,7.95,329,12,0,44,0.0365,0.1388,-0.7,18.74,7.62,1496.0,0,272.0,0,1336.0
BOS,2024-01-11,2024,1,350,4,0,43,0.0114,0.1243,3.73,347,4,0,42,0.0115,0.1224,-7.62,19.52,7.9,1399.0,0,698.0,0,598.0
BOS,2024-01-12,2024,1,351,15,2,50,0.0427,0.1488,9.96,352,17,1,77,0.0483,0.2299,11.62,18.25,9.32,1506.0,0,1834.0,0,1689.0
BOS,2024-01-13,2024,1,272,7,2,70,0.0257,0.2642,15.21,272,5,1,87,0.0184,0.3258,16.68,19.22,8.28,2137.0,205.0,1874.0,0,1468.0
BOS,2024-01-14,2024,1,318,9,2,67,0.0283,0.2168,10.04,318,12,0,95,0.0377,0.3105,12.22,21.42,7.34,2132.0,144.0,2851.0,0,1048.0
BOS,2024-01-15,2024,1,357,25,2,100,0.07,0.3012,30.14,357,31,0,141,0.0868,0.4325,35.1,18.99,8.21,2875.0,1494.0,2838.0,0,5502.0
BOS,2024-01-16,2024,1,323,65,2,153,0.2012,0.593,67.06,323,62,1,192,0.192,0.7356,104.85,54.61,12.56,4926.0,4252.0,11403.0,141.0,6936.0
BOS,2024-01-17,2024,1,327,18,1,85,0.055,0.2751,14.79,329,15,0,92,0.0456,0.293,8.3,21.6,8.42,2406.0,34.0,633.0,104.0,1915.0
BOS,2024-01-18,2024,1,357,3,1,63,0.0084,0.178,15.11,355,4,1,54,0.0113,0.1538,0.05,18.56,8.2,4250.0,0,673.0,0,1378.0
BOS,2024-01-19,2024,1,357,19,0,142,0.0532,0.4201,36.57,358,18,0,163,0.0503,0.4794,39.62,21.46,8.39,2441.0,1451.0,2737.0,0,5798.0
BOS,2024-01-20,2024,1,270,1,0,87,0.0037,0.3234,24.54,270,0,0,64,0.0,0.237,10.57,27.38,9.25,3258.0,1759.0,1202.0,37.0,758.0
BOS,2024-01-21,2024,1,349,3,0,80,0.0086,0.2312,13.97,349,5,0,84,0.0143,0.2442,7.64,20.12,8.25,2648.0,15.0,169.0,0,1295.0
BOS,2024-01-22,2024,1,356,12,0,55,0.0337,0.1599,10.14,356,11,0,68,0.0309,0.1971,4.86,17.78,7.54,2709.0,0,128.0,0,1206.0
BOS,2024-01-23,2024,1,324,4,1,37,0.0123,0.1156,4.47,324,4,1,32,0.0123,0.1,-11.41,16.59,8.73,1052.0,127.0,573.0,0,1081.0
BOS,2024-01-24,2024,1,329,2,2,58,0.0061,0.1774,8.24,330,4,0,63,0.0121,0.1933,3.83,28.91,8.9,1748.0,102.0,2612.0,0,932.0
BOS,2024-01-25,2024,1,358,5,3,60,0.014,0.17,7.83,356,9,1,56,0.0253,0.1614,-3.18,18.2,9.16,1574.0,218.0,310.0,0,1237.0
BOS,2024-01-26,2024,1,359,4,1,50,0.0111,0.1408,6.59,360,2,0,57,0.0056,0.1592,-1.7,17.88,10.0,1701.0,0,473.0,0,866.0
BOS,2024-01-27,2024,1,270,2,1,27,0.0074,0.1007,2.19,270,3,1,36,0.0111,0.1348,-4.89,15.04,8.0,958.0,0,138.0,0,555.0
BOS,2024-01-28,2024,1,350,3,1,59,0.0086,0.17,6.11,350,2,1,97,0.0057,0.2787,5.75,24.35,9.79,1722.0,28.0,1315.0,0,1158.0
BOS,2024-01-29,2024,1,348,0,0,47,0.0,0.1351,5.44,348,3,0,73,0.0086,0.2116,11.4,23.93,9.67,1172.0,70.0,337.0,0,1053.0
BOS,2024-01-30,2024,1,326,1,0,116,0.0031,0.3569,25.47,326,1,0,112,0.0031,0.3446,13.29,31.32,14.13,1710.0,4200.0,1709.0,0,1950.0
BOS,2024-01-31,2024,1,329,0,0,32,0.0,0.0973,1.36,329,1,0,53,0.003,0.1616,0.42,18.57,7.65,588.0,0,218.0,0,416.0
BOS,2024-06-01,2024,6,351,3,0,54,0.0085,0.1552,5.8,348,3,0,57,0.0086,0.1652,1.92,19.54,7.44,1286.0,0,357.0,0,1140.0
BOS,2024-06-02,2024,6,418,3,4,73,0.0072,0.1759,8.83,419,1,1,76,0.0024,0.1818,4.55,19.35,9.47,1838.0,0,1481.0,0,1111.0
BOS,2024-06-03,2024,6,434,2,2,51,0.0046,0.1181,3.62,435,4,1,61,0.0092,0.1415,0.52,16.75,9.45,1102.0,0,322.0,3.0,826.0
BOS,2024-06-04,2024,6,416,1,1,55,0.0024,0.1325,5.01,413,1,0,63,0.0024,0.1529,4.13,17.5,8.72,903.0,31.0,1199.0,0,1715.0
BOS,2024-06-05,2024,6,424,8,4,101,0.0189,0.2428,11.41,427,8,0,151,0.0187,0.3604,18.72,21.26,8.42,1141.0,0,1764.0,13.0,2740.0
BOS,2024-06-06,2024,6,443,5,0,175,0.0113,0.3995,29.37,444,4,2,244,0.009,0.5545,48.38,20.61,10.12,2970.0,94.0,2504.0,13.0,7817.0
BOS,2024-06-07,2024,6,441,1,0,89,0.0023,0.2023,11.72,442,1,2,97,0.0023,0.22,8.16,20.86,9.72,3032.0,0,1039.0,0,2310.0
BOS,2024-06-08,2024,6,372,0,0,39,0.0,0.1048,0.39,368,0,0,41,0.0,0.1114,-5.16,19.47,7.44,563.0,0,707.0,10.0,664.0
BOS,2024-06-09,2024,6,433,0,1,124,0.0,0.2864,17.06,436,2,0,144,0.0046,0.3318,13.72,22.0,8.34,3401.0,0,1704.0,35.0,3670.0
BOS,2024-06-10,2024,6,444,0,0,76,0.0,0.1712,7.71,444,0,0,69,0.0,0.1554,-0.94,22.21,7.88,2332.0,28.0,867.0,37.0,1549.0
BOS,2024-06-11,2024,6,423,1,2,71,0.0024,0.1682,7.3,423,3,1,80,0.0071,0.1905,4.76,19.25,8.78,1419.0,0,1226.0,0,1526.0
BOS,2024-06-12,2024,6,430,13,3,87,0.0302,0.2086,12.17,431,16,0,82,0.0371,0.1976,4.48,17.58,9.65,2627.0,261.0,866.0,0,2142.0
BOS,2024-06-13,2024,6,437,12,0,76,0.0275,0.1788,11.41,435,9,0,78,0.0207,0.1831,0.71,21.5,8.76,1990.0,97.0,1246.0,0,2683.0
BOS,2024-06-14,2024,6,439,12,0,160,0.0273,0.3747,24.85,439,12,3,215,0.0273,0.5035,28.41,22.27,8.85,2168.0,582.0,3209.0,0,5886.0
BOS,2024-06-15,2024,6,367,1,0,48,0.0027,0.1311,3.52,366,1,1,54,0.0027,0.1479,-0.47,18.22,8.12,1101.0,0,265.0,0,463.0
BOS,2024-06-16,2024,6,427,0,3,119,0.0,0.2787,18.33,429,0,0,95,0.0,0.2214,7.31,17.72,9.62,3917.0,0,997.0,7.0,2351.0
BOS,2024-06-17,2024,6,440,1,2,89,0.0023,0.2027,13.37,439,2,0,78,0.0046,0.1785,2.82,20.59,8.45,3151.0,0,514.0,7.0,2247.0
BOS,2024-06-18,2024,6,416,1,0,70,0.0024,0.1687,5.17,417,1,0,50,0.0024,0.1202,-5.25,22.02,8.48,1781.0,27.0,779.0,0,625.0
BOS,2024-06-19,2024,6,424,1,0,75,0.0024,0.1773,11.3,425,1,0,82,0.0024,0.1934,1.74,21.59,8.62,3283.0,11.0,475.0,0,1504.0
BOS,2024-06-20,2024,6,436,10,2,105,0.0229,0.2465,28.75,435,5,28,104,0.0115,0.2419,29.41,30.78,10.51,4527.0,2043.0,4477.0,0,4629.0
BOS,2024-06-21,2024,6,440,2,0,167,0.0045,0.3813,30.07,440,4,2,188,0.0091,0.4312,27.6,26.34,11.0,2974.0,1481.0,6000.0,0,5009.0
BOS,2024-06-22,2024,6,366,9,0,131,0.0246,0.3669,36.06,366,8,2,169,0.0219,0.4721,42.54,23.38,10.8,3199.0,1003.0,4330.0,39.0,5812.0
BOS,2024-06-23,2024,6,427,32,1,179,0.0749,0.4532,42.45,428,33,1,226,0.0771,0.5722,54.14,22.38,8.98,6157.0,85.0,3662.0,0,7564.0
BOS,2024-06-24,2024,6,439,6,0,123,0.0137,0.2841,20.42,438,3,2,120,0.0068,0.2759,12.09,22.97,8.66,4647.0,13.0,1642.0,7.0,3005.0
BOS,2024-06-25,2024,6,416,4,5,99,0.0096,0.2403,16.27,417,4,1,113,0.0096,0.2736,15.11,22.32,9.13,2424.0,151.0,1960.0,0,3218.0
BOS,2024-06-26,2024,6,424,10,2,109,0.0236,0.2633,18.16,425,10,5,126,0.0235,0.3036,21.93,22.26,11.26,2303.0,879.0,3339.0,80.0,3251.0
BOS,2024-06-27,2024,6,431,4,1,96,0.0093,0.2248,16.55,430,3,0,105,0.007,0.2459,8.83,22.98,9.14,3950.0,35.0,2353.0,0,2863.0
BOS,2024-06-28,2024,6,436,1,2,84,0.0023,0.1931,8.27,437,1,1,81,0.0023,0.1858,-1.23,21.99,9.8,1482.0,0,1493.0,0,1472.0
BOS,2024-06-29,2024,6,366,4,1,83,0.0109,0.2293,14.06,365,4,1,84,0.011,0.2327,10.87,17.96,8.7,2355.0,0,1139.0,0,1847.0
BOS,2024-06-30,2024,6,408,49,2,110,0.1201,0.3064,36.03,409,52,4,140,0.1271,0.3922,45.03,27.7,9.96,4584.0,877.0,7895.0,0,4592.0
BOS,2024-12-01,2024,12,461,1,0,106,0.0022,0.2304,12.85,462,1,1,110,0.0022,0.2386,7.78,21.13,8.64,2592.0,169.0,1133.0,0,2703.0
BOS,2024-12-02,2024,12,459,0,0,82,0.0,0.1786,5.86,460,0,0,101,0.0,0.2196,6.21,21.7,9.47,943.0,0,571.0,0,1156.0
BOS,2024-12-03,2024,12,394,0,0,49,0.0,0.1244,4.88,388,0,0,62,0.0,0.1598,0.69,21.59,8.23,812.0,0,442.0,0,1024.0
BOS,2024-12-04,2024,12,378,0,2,50,0.0,0.1323,4.41,376,0,0,63,0.0,0.1676,1.41,22.54,9.44,1319.0,24.0,781.0,0,879.0
BOS,2024-12-05,2024,12,403,1,0,132,0.0025,0.3284,24.15,403,1,0,194,0.0025,0.4826,29.63,29.89,8.57,2510.0,129.0,4961.0,0,4245.0
BOS,2024-12-06,2024,12,405,0,0,65,0.0,0.1605,7.3,408,0,0,64,0.0,0.1569,4.23,22.78,8.16,1677.0,0,862.0,0,1055.0
BOS,2024-12-07,2024,12,305,0,0,37,0.0,0.1213,2.16,301,0,0,37,0.0,0.1229,-3.49,17.98,7.23,501.0,0,607.0,0,269.0
BOS,2024-12-08,2024,12,400,0,0,57,0.0,0.1425,4.23,402,1,0,56,0.0025,0.1397,-1.03,26.28,8.49,933.0,15.0,1228.0,41.0,1137.0
BOS,2024-12-09,2024,12,406,1,0,35,0.0025,0.0864,1.49,406,1,0,36,0.0025,0.0889,-7.85,18.26,10.08,1132.0,0,408.0,0,641.0
BOS,2024-12-10,2024,12,377,0,0,78,0.0,0.2069,7.66,377,0,0,89,0.0,0.2361,2.86,20.99,10.39,1592.0,135.0,1863.0,0,1343.0
BOS,2024-12-11,2024,12,379,22,1,121,0.058,0.3389,30.72,380,22,0,206,0.0579,0.5754,40.43,20.96,8.79,1484.0,134.0,4378.0,0,7277.0
BOS,2024-12-12,2024,12,408,1,0,80,0.0025,0.1966,9.09,405,1,0,76,0.0025,0.1881,0.52,25.34,9.01,1976.0,12.0,1531.0,0,1951.0
BOS,2024-12-13,2024,12,415,0,0,59,0.0,0.1422,4.8,419,0,0,54,0.0,0.1289,-3.28,21.43,8.04,1640.0,0,865.0,0,955.0
BOS,2024-12-14,2024,12,305,0,0,43,0.0,0.141,3.85,303,0,2,31,0.0,0.1023,-4.79,19.34,8.86,1132.0,0,362.0,0,413.0
BOS,2024-12-15,2024,12,405,1,1,44,0.0025,0.1089,3.31,406,1,0,41,0.0025,0.1012,-2.01,18.99,9.45,981.0,0,111.0,20.0,1054.0
BOS,2024-12-16,2024,12,406,0,2,79,0.0,0.1946,6.13,407,1,1,68,0.0025,0.1675,2.07,19.9,7.83,1403.0,110.0,1515.0,0,904.0
BOS,2024-12-17,2024,12,382,1,0,31,0.0026,0.0814,0.24,382,1,1,17,0.0026,0.0446,-10.84,19.85,8.21,800.0,16.0,542.0,0,365.0
BOS,2024-12-18,2024,12,406,0,2,57,0.0,0.1404,5.88,402,0,1,65,0.0,0.1617,-1.48,21.03,8.56,1466.0,0,1307.0,187.0,1505.0
BOS,2024-12-19,2024,12,398,0,1,62,0.0,0.1558,8.58,398,1,0,64,0.0025,0.1612,6.2,19.89,8.5,954.0,169.0,501.0,0,2302.0
BOS,2024-12-20,2024,12,400,73,0,137,0.1825,0.419,68.07,403,77,17,192,0.1911,0.589,107.63,43.75,26.88,5011.0,5855.0,8192.0,0,9646.0
BOS,2024-12-21,2024,12,364,47,0,226,0.1291,0.7129,62.97,358,39,1,174,0.1089,0.5455,43.15,27.43,14.36,6694.0,1312.0,1626.0,83.0,9197.0
BOS,2024-12-22,2024,12,385,5,0,246,0.013,0.6474,58.6,388,7,0,188,0.018,0.4934,39.64,27.94,14.35,7286.0,1676.0,1314.0,0,10147.0
BOS,2024-12-23,2024,12,393,0,0,187,0.0,0.4758,28.85,393,0,0,128,0.0,0.3257,14.18,23.54,10.21,4802.0,446.0,941.0,0,3741.0
BOS,2024-12-24,2024,12,283,0,0,70,0.0,0.2473,13.39,284,1,0,61,0.0035,0.2155,7.93,23.18,8.89,2158.0,44.0,1313.0,0,935.0
BOS,2024-12-25,2024,12,286,1,0,41,0.0035,0.1439,5.85,287,0,0,34,0.0,0.1185,-5.84,19.33,8.84,972.0,0,278.0,0,591.0
BOS,2024-12-26,2024,12,383,4,3,83,0.0104,0.219,9.9,381,3,0,102,0.0079,0.2698,15.73,19.81,9.85,574.0,0,1453.0,0,1208.0
BOS,2024-12-27,2024,12,383,4,0,98,0.0104,0.2586,16.85,384,3,0,111,0.0078,0.2913,12.48,23.74,8.47,1658.0,35.0,2032.0,0,2411.0
BOS,2024-12-28,2024,12,358,1,3,115,0.0028,0.3221,22.08,354,3,3,104,0.0085,0.2963,16.88,22.97,8.68,1554.0,0,3114.0,53.0,4066.0
BOS,2024-12-29,2024,12,374,2,2,128,0.0053,0.3441,24.89,378,4,5,142,0.0106,0.3797,26.23,18.71,9.1,2418.0,772.0,3192.0,0,2887.0
BOS,2024-12-30,2024,12,383,1,4,102,0.0026,0.267,18.75,382,2,0,81,0.0052,0.2132,8.61,18.86,8.56,3574.0,0,520.0,31.0,2532.0
BOS,2024-12-31,2024,12,294,0,0,44,0.0,0.1497,7.84,292,0,1,29,0.0,0.0993,-3.52,17.14,7.95,1443.0,0,491.0,0,839.0
DCA,2016-01-01,2016,1,159,0,0,10,0.0,0.0629,6.45,164,2,0,15,0.0122,0.0926,-5.2,13.89,5.46,308.0,0,49.0,0,1007.0
DCA,2016-01-02,2016,1,176,0,0,22,0.0,0.125,4.39,172,1,1,27,0.0058,0.1579,2.22,14.64,4.5,358.0,0,155.0,0,385.0
DCA,2016-01-03,2016,1,194,2,0,35,0.0103,0.1823,13.06,199,0,0,51,0.0,0.2563,6.7,15.93,5.68,1443.0,0,448.0,0,923.0
DCA,2016-01-04,2016,1,218,0,0,50,0.0,0.2294,6.16,218,0,0,56,0.0,0.2569,7.39,17.11,5.24,604.0,0,188.0,0,485.0
DCA,2016-01-05,2016,1,220,1,0,39,0.0045,0.1781,5.14,222,1,0,48,0.0045,0.2172,3.92,18.01,6.13,352.0,50.0,252.0,0,676.0
DCA,2016-01-06,2016,1,225,1,1,24,0.0044,0.1071,2.01,225,1,0,29,0.0044,0.1295,-0.68,18.22,6.45,548.0,0,281.0,0,417.0
DCA,2016-01-07,2016,1,227,3,0,17,0.0132,0.0759,0.26,227,3,0,29,0.0132,0.1295,-1.24,18.68,5.71,376.0,0,87.0,0,240.0
DCA,2016-01-08,2016,1,227,4,1,43,0.0176,0.1928,5.63,226,3,1,60,0.0133,0.2691,7.42,20.91,5.42,550.0,59.0,188.0,0,719.0
DCA,2016-01-09,2016,1,153,1,0,7,0.0065,0.0461,-2.66,151,1,0,23,0.0066,0.1533,-2.87,16.43,4.77,48.0,14.0,115.0,0,63.0
DCA,2016-01-10,2016,1,205,3,0,49,0.0146,0.2426,15.55,208,3,1,60,0.0144,0.2927,12.89,17.53,6.1,969.0,0,978.0,0,1961.0
DCA,2016-01-11,2016,1,228,4,0,23,0.0175,0.1027,3.26,227,5,0,28,0.022,0.1261,-0.25,18.09,5.43,519.0,0,423.0,0,595.0
DCA,2016-01-12,2016,1,221,3,0,21,0.0136,0.0963,0.11,222,2,0,27,0.009,0.1227,-2.03,18.01,5.55,261.0,136.0,212.0,0,429.0
DCA,2016-01-13,2016,1,226,3,0,23,0.0133,0.1031,1.33,226,2,0,29,0.0088,0.1295,-4.09,17.92,5.95,445.0,0,258.0,0,296.0
DCA,2016-01-14,2016,1,229,1,0,31,0.0044,0.136,4.78,229,1,0,29,0.0044,0.1272,0.19,18.67,6.21,439.0,13.0,236.0,0,701.0
DCA,2016-01-15,2016,1,228,0,1,54,0.0,0.2368,14.74,228,0,0,53,0.0,0.2325,6.57,18.76,6.5,1333.0,31.0,407.0,0,1806.0
DCA,2016-01-16,2016,1,150,1,0,23,0.0067,0.1544,11.39,148,1,1,19,0.0068,0.1293,0.42,16.93,4.69,259.0,138.0,672.0,0,1454.0
DCA,2016-01-17,2016,1,185,1,1,32,0.0054,0.1739,7.58,186,1,0,40,0.0054,0.2162,7.58,21.49,6.74,748.0,36.0,1082.0,0,782.0
DCA,2016-01-18,2016,1,219,3,0,55,0.0137,0.2546,15.56,219,2,0,57,0.0091,0.2627,10.42,17.93,6.83,1118.0,14.0,599.0,0,2029.0
DCA,2016-01-19,2016,1,221,2,0,37,0.009,0.1689,4.1,223,2,0,31,0.009,0.1403,0.08,18.56,5.86,327.0,35.0,589.0,0,841.0
DCA,2016-01-20,2016,1,229,3,0,34,0.0131,0.1504,4.38,228,2,0,43,0.0088,0.1903,0.89,24.74,8.31,860.0,198.0,1062.0,0,541.0
DCA,2016-01-21,2016,1,229,1,0,54,0.0044,0.2368,10.32,229,0,1,38,0.0,0.1659,1.95,20.54,7.1,935.0,14.0,611.0,0,969.0
DCA,2016-01-22,2016,1,228,98,1,30,0.4298,0.2308,11.99,227,142,2,16,0.6256,0.1882,2.07,21.16,6.25,452.0,373.0,848.0,0,468.0
DCA,2016-01-23,2016,1,155,155,0,0,1.0,,,152,152,0,0,1.0,,,,,0,0,0,0,0
DCA,2016-01-24,2016,1,205,205,0,0,1.0,,,209,207,2,0,0.9904,0.0,,,,0,0,0,0,0
DCA,2016-01-25,2016,1,228,97,0,49,0.4254,0.374,16.48,227,53,1,39,0.2335,0.2241,5.46,15.9,6.44,527.0,19.0,38.0,42.0,753.0
DCA,2016-01-26,2016,1,221,11,0,40,0.0498,0.1905,6.39,222,8,0,68,0.036,0.3178,7.11,18.2,6.26,489.0,0,129.0,0,675.0
DCA,2016-01-27,2016,1,226,1,0,24,0.0044,0.1067,1.7,226,1,0,30,0.0044,0.1333,-1.56,18.41,5.69,287.0,0,686.0,0,564.0
DCA,2016-01-28,2016,1,229,3,0,21,0.0131,0.0929,0.57,229,2,0,25,0.0087,0.1101,-5.05,19.57,6.0,613.0,0,781.0,0,244.0
DCA,2016-01-29,2016,1,229,1,1,20,0.0044,0.0877,2.28,229,0,0,33,0.0,0.1441,1.97,19.69,5.55,400.0,0,329.0,0,578.0
DCA,2016-01-30,2016,1,155,1,0,8,0.0065,0.0519,-1.84,152,2,0,8,0.0132,0.0533,-9.17,14.94,4.87,54.0,0,31.0,0,305.0
DCA,2016-01-31,2016,1,202,0,1,11,0.0,0.0545,1.55,205,0,0,17,0.0,0.0829,-4.38,16.52,6.0,572.0,0,22.0,0,329.0
DCA,2017-01-01,2017,1,158,0,0,16,0.0,0.1013,2.18,162,0,1,27,0.0,0.1667,2.8,15.42,5.25,155.0,0,118.0,0,640.0
DCA,2017-01-02,2017,1,183,2,1,44,0.0109,0.2431,10.95,182,1,0,60,0.0055,0.3315,14.02,19.73,5.5,332.0,0,647.0,0,1308.0
DCA,2017-01-03,2017,1,182,2,0,28,0.011,0.1556,5.5,182,1,0,38,0.0055,0.2099,5.35,18.79,5.87,251.0,13.0,544.0,0,503.0
DCA,2017-01-04,2017,1,190,1,3,20,0.0053,0.1058,2.95,192,0,0,36,0.0,0.1875,4.31,17.81,5.22,135.0,0,389.0,0,826.0
DCA,2017-01-05,2017,1,194,0,1,20,0.0,0.1031,2.69,193,1,0,26,0.0052,0.1354,-1.66,18.32,5.0,202.0,0,310.0,0,670.0
DCA,2017-01-06,2017,1,196,12,0,33,0.0612,0.1793,5.32,198,10,0,55,0.0505,0.2926,6.98,15.82,6.04,242.0,0,794.0,0,714.0
DCA,2017-01-07,2017,1,148,19,1,42,0.1284,0.3256,27.34,146,18,0,53,0.1233,0.4141,32.41,23.5,5.61,422.0,541.0,1625.0,1.0,2098.0
DCA,2017-01-08,2017,1,184,4,1,66,0.0217,0.3667,21.05,184,6,0,68,0.0326,0.382,15.87,16.59,6.19,1198.0,135.0,557.0,0,1640.0
DCA,2017-01-09,2017,1,213,1,0,45,0.0047,0.2123,9.75,216,1,0,61,0.0046,0.2837,11.27,18.1,6.32,692.0,0,465.0,0,1069.0
DCA,2017-01-10,2017,1,211,4,2,51,0.019,0.2464,13.0,212,4,1,58,0.0189,0.2788,12.29,18.35,6.24,394.0,0,1270.0,0,1756.0
DCA,2017-01-11,2017,1,214,4,0,32,0.0187,0.1524,12.8,213,5,1,35,0.0235,0.1683,1.93,16.99,6.31,1049.0,106.0,408.0,0,1851.0
DCA,2017-01-12,2017,1,216,2,0,27,0.0093,0.1262,4.18,215,1,0,39,0.0047,0.1822,-0.2,19.13,6.07,602.0,0,578.0,0,518.0
DCA,2017-01-13,2017,1,215,1,0,26,0.0047,0.1215,5.14,217,4,0,21,0.0184,0.0986,-3.86,17.97,6.22,694.0,15.0,358.0,0,503.0
DCA,2017-01-14,2017,1,148,5,0,16,0.0338,0.1119,16.55,146,2,1,12,0.0137,0.0833,-9.15,15.79,5.19,2243.0,0,37.0,23.0,79.0
DCA,2017-01-15,2017,1,175,4,1,14,0.0229,0.0819,1.78,175,3,1,15,0.0171,0.0872,-3.42,15.58,6.63,640.0,0,123.0,0,164.0
DCA,2017-01-16,2017,1,208,1,1,30,0.0048,0.1449,5.99,208,2,0,35,0.0096,0.1699,4.97,17.64,5.37,219.0,107.0,217.0,0,999.0
DCA,2017-01-17,2017,1,211,0,0,31,0.0,0.1469,4.04,212,0,1,53,0.0,0.25,4.04,19.14,6.42,431.0,51.0,204.0,0,563.0
DCA,2017-01-18,2017,1,218,2,0,27,0.0092,0.125,3.76,217,2,1,42,0.0092,0.1953,2.66,19.53,5.43,130.0,21.0,662.0,0,684.0
DCA,2017-01-19,2017,1,218,1,0,22,0.0046,0.1014,1.82,217,1,0,27,0.0046,0.125,-3.38,18.99,5.76,368.0,0,360.0,0,346.0
DCA,2017-01-20,2017,1,215,2,0,24,0.0093,0.1127,1.45,218,2,1,33,0.0092,0.1528,-1.08,21.19,5.41,404.0,14.0,405.0,0,430.0
DCA,2017-01-21,2017,1,156,0,1,23,0.0,0.1474,8.61,155,0,0,27,0.0,0.1742,2.48,17.65,4.77,127.0,204.0,448.0,0,1146.0
DCA,2017-01-22,2017,1,198,2,4,55,0.0101,0.2806,20.4,197,2,0,65,0.0102,0.3333,22.9,21.71,6.58,779.0,263.0,1796.0,0,2215.0
DCA,2017-01-23,2017,1,215,6,2,110,0.0279,0.5263,53.29,215,4,10,110,0.0186,0.5213,38.84,29.22,7.89,2063.0,929.0,1847.0,0,6756.0
DCA,2017-01-24,2017,1,210,1,0,30,0.0048,0.1435,4.92,211,0,0,37,0.0,0.1754,2.12,20.85,5.29,487.0,0,928.0,0,692.0
DCA,2017-01-25,2017,1,213,0,0,17,0.0,0.0798,2.53,212,0,1,14,0.0,0.066,-8.86,18.92,5.58,273.0,0,835.0,0,353.0
DCA,2017-01-26,2017,1,216,0,0,22,0.0,0.1019,1.52,215,0,0,24,0.0,0.1116,-5.24,20.05,5.53,338.0,0,445.0,0,312.0
DCA,2017-01-27,2017,1,215,0,0,13,0.0,0.0605,-1.43,217,0,0,19,0.0,0.0876,-8.1,17.91,5.63,82.0,0,241.0,0,213.0
DCA,2017-01-28,2017,1,148,0,0,5,0.0,0.0338,-4.93,147,0,0,4,0.0,0.0272,-13.35,14.34,4.82,52.0,0,0,0,23.0
DCA,2017-01-29,2017,1,194,2,0,16,0.0103,0.0833,5.44,194,4,0,30,0.0206,0.1579,2.29,16.52,6.32,1134.0,0,411.0,0,725.0
DCA,2017-01-30,2017,1,215,4,0,51,0.0186,0.2417,10.26,215,2,0,31,0.0093,0.1455,2.44,25.49,5.97,794.0,237.0,832.0,0,1121.0
DCA,2017-01-31,2017,1,209,5,0,22,0.0239,0.1078,3.22,211,3,0,27,0.0142,0.1298,-4.79,17.62,5.36,421.0,7.0,627.0,0,446.0
DCA,2018-01-01,2018,1,272,9,0,79,0.0331,0.3004,16.02,279,6,0,90,0.0215,0.3297,15.24,15.78,5.75,1116.0,53.0,484.0,0,2984.0
DCA,2018-01-02,2018,1,308,2,0,78,0.0065,0.2549,11.38,311,3,0,86,0.0096,0.2792,8.8,17.09,5.59,1168.0,20.0,536.0,0,1477.0
DCA,2018-01-03,2018,1,318,14,2,76,0.044,0.25,14.22,318,12,0,77,0.0377,0.2516,9.39,17.5,6.42,1319.0,140.0,623.0,0,2501.0
DCA,2018-01-04,2018,1,317,78,1,61,0.2461,0.2552,10.67,317,72,0,67,0.2271,0.2735,10.08,25.7,6.58,1313.0,137.0,745.0,0,861.0
DCA,2018-01-05,2018,1,319,27,2,84,0.0846,0.2877,19.72,320,38,0,69,0.1187,0.2447,15.95,15.18,6.29,1656.0,110.0,1409.0,0,2632.0
DCA,2018-01-06,2018,1,251,14,0,61,0.0558,0.2574,12.86,250,14,0,51,0.056,0.2161,6.9,16.31,5.17,1280.0,0,460.0,0,1357.0
DCA,2018-01-07,2018,1,334,8,0,97,0.024,0.2975,21.18,334,9,0,91,0.0269,0.28,16.18,16.34,7.24,2003.0,390.0,599.0,0,3752.0
DCA,2018-01-08,2018,1,382,43,2,105,0.1126,0.3097,21.01,382,41,0,115,0.1073,0.3372,16.81,19.27,8.55,2036.0,33.0,888.0,0,4299.0
DCA,2018-01-09,2018,1,380,28,0,186,0.0737,0.5284,48.8,381,27,26,182,0.0709,0.5141,44.89,21.89,8.11,2211.0,998.0,1154.0,0,12396.0
DCA,2018-01-10,2018,1,382,0,0,43,0.0,0.1126,3.29,381,3,0,45,0.0079,0.119,-3.54,21.77,6.66,880.0,14.0,853.0,0,1054.0
DCA,2018-01-11,2018,1,386,5,0,48,0.013,0.126,6.06,385,3,0,58,0.0078,0.1518,1.25,19.57,6.67,1181.0,15.0,610.0,0,1721.0
DCA,2018-01-12,2018,1,386,73,2,190,0.1891,0.607,74.95,386,66,29,211,0.171,0.6594,76.27,18.63,8.5,2122.0,646.0,2456.0,0,17132.0
DCA,2018-01-13,2018,1,240,11,0,50,0.0458,0.2183,8.53,241,14,0,38,0.0581,0.1674,-1.11,13.8,5.13,1045.0,64.0,166.0,0,710.0
DCA,2018-01-14,2018,1,293,2,0,29,0.0068,0.0997,1.64,293,3,0,34,0.0102,0.1172,-5.33,15.56,5.51,603.0,0,98.0,0,689.0
DCA,2018-01-15,2018,1,373,3,0,83,0.008,0.2243,8.87,373,3,0,117,0.008,0.3162,8.34,18.95,5.55,670.0,0,1065.0,0,2116.0
DCA,2018-01-16,2018,1,380,16,2,64,0.0421,0.1758,6.65,381,17,0,71,0.0446,0.1951,4.23,18.23,6.14,1034.0,0,461.0,0,1863.0
DCA,2018-01-17,2018,1,383,49,0,133,0.1279,0.3982,30.03,382,43,0,148,0.1126,0.4366,23.87,24.06,7.91,2648.0,1365.0,2619.0,0,4284.0
DCA,2018-01-18,2018,1,387,14,0,77,0.0362,0.2064,8.18,386,21,0,65,0.0544,0.1781,3.36,18.48,5.74,1053.0,0,467.0,0,1626.0
DCA,2018-01-19,2018,1,387,7,0,66,0.0181,0.1737,6.7,387,9,0,56,0.0233,0.1481,-1.1,18.88,6.37,1373.0,0,347.0,0,1177.0
DCA,2018-01-20,2018,1,245,0,0,20,0.0,0.0816,2.64,248,2,0,17,0.0081,0.0691,-10.24,13.28,5.65,619.0,0,2.0,0,848.0
DCA,2018-01-21,2018,1,352,6,0,24,0.017,0.0694,-0.97,349,5,2,31,0.0143,0.0901,-6.11,16.99,6.32,471.0,46.0,275.0,0,474.0
DCA,2018-01-22,2018,1,385,9,1,36,0.0234,0.0957,3.22,386,10,0,26,0.0259,0.0691,-6.94,16.87,6.12,722.0,16.0,1268.0,0,860.0
DCA,2018-01-23,2018,1,380,6,0,41,0.0158,0.1096,1.93,381,8,0,43,0.021,0.1153,-5.26,20.49,5.95,264.0,205.0,1381.0,0,1380.0
DCA,2018-01-24,2018,1,383,2,0,44,0.0052,0.1155,1.74,382,1,0,49,0.0026,0.1286,-5.64,19.31,5.91,511.0,0,607.0,0,1259.0
DCA,2018-01-25,2018,1,387,2,0,38,0.0052,0.0987,3.07,386,6,0,39,0.0155,0.1026,-6.19,18.09,5.71,748.0,0,359.0,25.0,1552.0
DCA,2018-01-26,2018,1,387,2,0,31,0.0052,0.0805,0.58,387,2,0,34,0.0052,0.0883,-7.31,19.61,6.36,469.0,0,274.0,0,693.0
DCA,2018-01-27,2018,1,245,1,2,12,0.0041,0.0492,-2.89,248,2,0,10,0.0081,0.0407,-13.65,15.11,5.98,285.0,0,27.0,0,243.0
DCA,2018-01-28,2018,1,352,0,1,45,0.0,0.1278,3.82,349,0,0,37,0.0,0.106,-4.66,18.57,6.2,965.0,64.0,344.0,0,1220.0
DCA,2018-01-29,2018,1,385,4,1,61,0.0104,0.1601,8.7,386,3,1,69,0.0078,0.1802,6.84,18.62,5.67,1590.0,17.0,656.0,0,2500.0
DCA,2018-01-30,2018,1,380,2,0,67,0.0053,0.1772,6.85,381,3,0,80,0.0079,0.2116,4.57,19.96,6.13,570.0,57.0,896.0,0,2589.0
DCA,2018-01-31,2018,1,383,1,0,26,0.0026,0.0681,-0.38,382,1,0,19,0.0026,0.0499,-9.12,18.14,6.52,475.0,0,229.0,0,634.0
DCA,2019-01-01,2019,1,293,1,0,47,0.0034,0.161,6.18,298,1,0,56,0.0034,0.1886,-0.51,14.89,5.22,989.0,0,404.0,0,1304.0
DCA,2019-01-02,2019,1,331,2,0,46,0.006,0.1398,4.42,332,3,0,56,0.009,0.1702,0.59,15.88,5.61,1128.0,18.0,588.0,0,1025.0
DCA,2019-01-03,2019,1,330,1,1,44,0.003,0.1337,6.09,332,1,1,50,0.003,0.1511,5.49,16.39,5.12,794.0,62.0,271.0,0,2084.0
DCA,2019-01-04,2019,1,333,0,1,37,0.0,0.1111,6.05,332,1,1,48,0.003,0.145,3.41,16.24,5.4,1655.0,8.0,236.0,0,1369.0
DCA,2019-01-05,2019,1,273,0,1,30,0.0,0.1099,4.92,276,0,2,32,0.0,0.1159,-2.25,15.3,4.57,886.0,0,427.0,0,786.0
DCA,2019-01-06,2019,1,372,0,1,52,0.0,0.1398,8.51,372,1,0,58,0.0027,0.1563,3.62,18.33,5.57,1564.0,34.0,593.0,30.0,2095.0
DCA,2019-01-07,2019,1,422,2,2,35,0.0047,0.0833,2.17,423,3,1,37,0.0071,0.0881,-6.51,18.54,6.26,1235.0,0,422.0,0,1086.0
DCA,2019-01-08,2019,1,420,7,2,38,0.0167,0.092,-0.69,421,9,3,44,0.0214,0.1068,-7.25,18.34,7.04,473.0,0,634.0,0,791.0
DCA,2019-01-09,2019,1,420,2,0,36,0.0048,0.0861,-1.07,420,3,0,44,0.0071,0.1055,-5.88,18.56,6.06,631.0,0,525.0,134.0,502.0
DCA,2019-01-10,2019,1,423,10,1,45,0.0236,0.109,5.53,422,13,0,45,0.0308,0.11,-0.79,19.41,5.37,942.0,0,2314.0,0,1240.0
DCA,2019-01-11,2019,1,423,4,0,74,0.0095,0.1766,8.49,423,3,0,74,0.0071,0.1762,1.13,20.01,6.2,2153.0,0,1371.0,0,1635.0
DCA,2019-01-12,2019,1,261,11,0,16,0.0421,0.064,-2.5,264,47,0,22,0.178,0.1014,-9.25,21.36,5.81,237.0,0,652.0,0,294.0
DCA,2019-01-13,2019,1,386,209,1,115,0.5415,0.6497,107.81,383,163,23,109,0.4256,0.4955,77.1,59.3,30.56,3002.0,9924.0,5355.0,0,6100.0
DCA,2019-01-14,2019,1,423,29,4,138,0.0686,0.3503,21.46,423,35,1,120,0.0827,0.3093,15.41,25.21,8.62,1796.0,939.0,1780.0,32.0,4889.0
DCA,2019-01-15,2019,1,420,0,0,43,0.0,0.1024,0.54,421,0,0,52,0.0,0.1235,-3.27,19.69,6.15,550.0,107.0,607.0,0,733.0
DCA,2019-01-16,2019,1,420,0,1,41,0.0,0.0976,2.79,420,1,0,53,0.0024,0.1265,-1.76,22.19,5.9,510.0,0,1429.0,0,1148.0
DCA,2019-01-17,2019,1,423,0,1,89,0.0,0.2104,14.11,422,2,0,82,0.0047,0.1952,6.13,27.98,8.18,1974.0,1019.0,3315.0,0,3533.0
DCA,2019-01-18,2019,1,423,8,0,99,0.0189,0.2386,11.78,423,5,0,94,0.0118,0.2249,6.41,22.29,6.41,1453.0,19.0,1959.0,0,2676.0
DCA,2019-01-19,2019,1,257,39,2,24,0.1518,0.1101,1.33,258,34,0,30,0.1318,0.1339,-5.98,16.95,5.44,197.0,197.0,528.0,0,299.0
DCA,2019-01-20,2019,1,353,58,0,64,0.1643,0.2169,8.0,352,58,0,67,0.1648,0.2279,7.93,15.67,6.07,750.0,0,603.0,0,1533.0
DCA,2019-01-21,2019,1,415,34,2,132,0.0819,0.3465,30.86,415,39,1,125,0.094,0.3324,22.09,19.75,8.51,2500.0,2126.0,4254.0,0,4604.0
DCA,2019-01-22,2019,1,420,22,1,107,0.0524,0.2688,25.23,421,21,0,101,0.0499,0.2525,14.86,20.97,7.56,2295.0,500.0,5001.0,0,4221.0
DCA,2019-01-23,2019,1,419,11,1,105,0.0263,0.2574,14.33,420,11,0,116,0.0262,0.2836,11.91,18.61,6.67,1204.0,29.0,3163.0,0,3412.0
DCA,2019-01-24,2019,1,423,25,3,163,0.0591,0.4095,33.02,422,25,0,201,0.0592,0.5063,29.18,21.14,7.22,4456.0,192.0,3756.0,0,6384.0
DCA,2019-01-25,2019,1,423,13,0,89,0.0307,0.2171,13.01,423,17,1,101,0.0402,0.2488,9.39,19.14,6.75,2176.0,0,2192.0,0,2728.0
DCA,2019-01-26,2019,1,261,1,0,19,0.0038,0.0731,-0.83,264,3,0,17,0.0114,0.0651,-10.21,15.36,5.37,702.0,0,213.0,0,189.0
DCA,2019-01-27,2019,1,386,1,0,55,0.0026,0.1429,5.11,383,3,0,79,0.0078,0.2079,4.08,16.55,6.59,719.0,0,1238.0,0,1920.0
DCA,2019-01-28,2019,1,423,21,1,59,0.0496,0.1468,10.73,423,23,0,58,0.0544,0.145,1.48,18.16,7.29,554.0,231.0,2656.0,0,2177.0
DCA,2019-01-29,2019,1,420,41,0,92,0.0976,0.2427,12.41,421,41,0,123,0.0974,0.3237,11.86,22.34,6.5,1939.0,344.0,1822.0,0,2956.0
DCA,2019-01-30,2019,1,420,55,1,79,0.131,0.2164,9.36,420,53,1,93,0.1262,0.2534,5.93,18.77,7.23,1127.0,67.0,2669.0,0,1715.0
DCA,2019-01-31,2019,1,423,26,1,73,0.0615,0.1839,8.73,422,32,0,70,0.0758,0.1795,3.53,18.38,7.57,1337.0,22.0,870.0,28.0,2089.0
DCA,2019-07-01,2019,7,377,5,0,57,0.0133,0.1532,5.07,377,5,0,51,0.0133,0.1371,-2.32,16.69,6.4,984.0,0,339.0,0,1437.0
DCA,2019-07-02,2019,7,374,10,1,92,0.0267,0.2527,24.39,374,13,3,106,0.0348,0.2936,14.24,24.65,8.17,1135.0,2731.0,3576.0,0,3775.0
DCA,2019-07-03,2019,7,331,3,1,57,0.0091,0.1738,7.17,331,3,0,65,0.0091,0.1982,2.78,18.49,6.16,863.0,144.0,888.0,0,1291.0
DCA,2019-07-04,2019,7,317,75,1,86,0.2366,0.3554,58.9,314,66,15,87,0.2102,0.3508,29.63,23.52,9.3,1244.0,1927.0,6779.0,0,6053.0
DCA,2019-07-05,2019,7,321,7,1,83,0.0218,0.2643,21.94,323,7,0,90,0.0217,0.2848,17.54,20.15,5.94,1729.0,528.0,2058.0,129.0,3824.0
DCA,2019-07-06,2019,7,292,21,3,74,0.0719,0.2731,40.41,291,15,4,80,0.0515,0.2899,32.93,21.37,11.11,1930.0,2233.0,4734.0,0,3556.0
DCA,2019-07-07,2019,7,369,23,1,135,0.0623,0.3902,31.88,371,27,0,176,0.0728,0.5116,35.87,17.88,6.37,2747.0,0,887.0,99.0,7210.0
DCA,2019-07-08,2019,7,405,11,4,195,0.0272,0.4949,39.63,405,9,18,180,0.0222,0.4545,33.9,26.59,8.61,3183.0,1240.0,3094.0,10.0,9547.0
DCA,2019-07-09,2019,7,405,3,0,56,0.0074,0.1393,2.63,405,4,0,56,0.0099,0.1397,-0.27,17.88,6.21,644.0,0,288.0,0,1424.0
DCA,2019-07-10,2019,7,405,3,2,70,0.0074,0.1741,10.83,405,2,0,63,0.0049,0.1563,5.83,18.0,6.55,1889.0,0,498.0,0,3035.0
DCA,2019-07-11,2019,7,405,94,1,109,0.2321,0.3505,60.06,405,80,7,138,0.1975,0.4246,62.44,23.51,7.69,3845.0,5404.0,2887.0,0,8324.0
DCA,2019-07-12,2019,7,405,9,2,88,0.0222,0.2222,15.03,405,16,0,86,0.0395,0.2211,10.43,18.99,6.6,3263.0,0,856.0,0,2315.0
DCA,2019-07-13,2019,7,302,7,1,36,0.0232,0.122,3.55,298,8,0,28,0.0268,0.0966,-7.17,17.19,5.87,1210.0,0,257.0,0,648.0
DCA,2019-07-14,2019,7,369,2,1,30,0.0054,0.0817,2.24,373,3,0,30,0.008,0.0811,-4.95,19.2,6.62,1063.0,0,566.0,0,919.0
DCA,2019-07-15,2019,7,405,5,2,48,0.0123,0.12,6.91,405,4,0,52,0.0099,0.1297,-0.73,19.9,6.26,2298.0,0,847.0,0,1729.0
DCA,2019-07-16,2019,7,405,2,0,54,0.0049,0.134,4.81,405,2,0,70,0.0049,0.1737,1.93,19.6,6.99,987.0,0,521.0,0,2015.0
DCA,2019-07-17,2019,7,405,37,3,102,0.0914,0.2772,26.57,405,39,6,112,0.0963,0.306,22.74,23.13,6.88,1383.0,1652.0,3591.0,0,4964.0
DCA,2019-07-18,2019,7,405,17,2,105,0.042,0.2706,24.27,405,20,0,114,0.0494,0.2961,23.13,18.92,6.32,1460.0,0,3656.0,0,4818.0
DCA,2019-07-19,2019,7,405,8,3,100,0.0198,0.2519,18.92,405,6,0,96,0.0148,0.2406,11.61,17.29,6.63,2223.0,62.0,1305.0,0,3667.0
DCA,2019-07-20,2019,7,301,2,2,79,0.0066,0.2642,15.64,297,1,0,68,0.0034,0.2297,14.45,16.18,5.98,1313.0,30.0,562.0,0,2292.0
DCA,2019-07-21,2019,7,369,20,0,129,0.0542,0.3696,38.22,373,21,1,159,0.0563,0.4517,34.46,25.95,7.76,3594.0,1037.0,3953.0,17.0,7065.0
DCA,2019-07-22,2019,7,405,34,1,97,0.084,0.2615,18.71,405,33,0,116,0.0815,0.3118,15.59,23.08,6.8,1407.0,624.0,3411.0,0,3329.0
DCA,2019-07-23,2019,7,405,8,0,77,0.0198,0.194,12.06,405,11,0,94,0.0272,0.2386,11.85,20.07,5.81,1098.0,0,1731.0,22.0,3568.0
DCA,2019-07-24,2019,7,405,7,0,86,0.0173,0.2161,12.74,405,8,6,70,0.0198,0.1763,4.52,21.55,6.8,2146.0,122.0,1433.0,0,3056.0
DCA,2019-07-25,2019,7,405,6,2,53,0.0148,0.1328,6.57,405,7,0,46,0.0173,0.1156,-3.23,19.19,6.01,2283.0,0,457.0,0,1196.0
DCA,2019-07-26,2019,7,405,2,0,57,0.0049,0.1414,3.85,405,2,0,54,0.0049,0.134,-0.92,18.58,5.7,772.0,70.0,556.0,0,1089.0
DCA,2019-07-27,2019,7,302,0,1,38,0.0,0.1258,4.02,298,0,0,33,0.0,0.1107,-5.45,15.3,5.97,1172.0,0,168.0,0,569.0
DCA,2019-07-28,2019,7,369,1,0,44,0.0027,0.1196,4.18,373,1,0,38,0.0027,0.1022,-4.92,16.95,6.41,997.0,0,250.0,0,1443.0
DCA,2019-07-29,2019,7,405,5,0,64,0.0123,0.16,8.21,405,7,0,93,0.0173,0.2337,6.31,19.55,6.82,742.0,0,1814.0,0,2109.0
DCA,2019-07-30,2019,7,405,10,2,80,0.0247,0.2025,15.04,405,8,3,90,0.0198,0.2267,13.3,21.32,6.57,1111.0,856.0,2071.0,0,3730.0
DCA,2019-07-31,2019,7,405,45,0,74,0.1111,0.2056,14.93,405,39,1,88,0.0963,0.2404,13.46,23.78,6.41,1767.0,455.0,3172.0,0,2517.0
DCA,2020-01-01,2020,1,246,0,0,18,0.0,0.0732,1.82,245,0,0,17,0.0,0.0694,-7.42,14.35,5.47,240.0,0,123.0,0,1069.0
DCA,2020-01-02,2020,1,346,0,0,51,0.0,0.1474,7.5,346,2,0,46,0.0058,0.1337,-2.59,15.17,6.46,763.0,177.0,194.0,0,2550.0
DCA,2020-01-03,2020,1,345,3,2,58,0.0087,0.1696,7.24,346,2,0,55,0.0058,0.1599,2.16,16.47,7.12,967.0,18.0,686.0,0,2177.0
DCA,2020-01-04,2020,1,284,1,2,72,0.0035,0.2544,15.87,284,2,1,90,0.007,0.3191,18.47,19.38,6.13,2029.0,34.0,1472.0,0,2334.0
DCA,2020-01-05,2020,1,340,1,0,58,0.0029,0.1711,10.45,341,1,1,46,0.0029,0.1353,0.3,17.3,5.77,1615.0,0,265.0,0,2465.0
DCA,2020-01-06,2020,1,391,1,0,35,0.0026,0.0897,0.35,390,2,0,39,0.0051,0.1005,-4.94,18.84,5.77,355.0,0,564.0,0,1657.0
DCA,2020-01-07,2020,1,397,12,0,68,0.0302,0.1766,11.22,396,12,1,75,0.0303,0.1953,0.82,33.36,7.61,1692.0,670.0,3875.0,0,3520.0
DCA,2020-01-08,2020,1,403,3,0,60,0.0074,0.15,6.53,403,4,0,69,0.0099,0.1729,-1.18,20.87,5.98,542.0,26.0,1347.0,0,3078.0
DCA,2020-01-09,2020,1,407,3,0,45,0.0074,0.1114,2.75,408,3,0,37,0.0074,0.0914,-5.58,19.25,6.58,633.0,0,242.0,0,1985.0
DCA,2020-01-10,2020,1,407,4,2,70,0.0098,0.1737,8.06,407,4,0,67,0.0098,0.1663,0.69,17.33,6.79,1682.0,71.0,596.0,0,2330.0
DCA,2020-01-11,2020,1,281,14,2,32,0.0498,0.1199,1.76,281,15,0,39,0.0534,0.1466,-3.02,15.21,5.47,384.0,24.0,1177.0,113.0,589.0
DCA,2020-01-12,2020,1,374,4,0,50,0.0107,0.1351,4.3,374,5,0,54,0.0134,0.1463,3.38,17.03,5.27,750.0,0,437.0,0,2059.0
DCA,2020-01-13,2020,1,407,5,2,58,0.0123,0.1443,7.24,407,7,0,54,0.0172,0.135,-1.85,20.26,6.57,1049.0,8.0,670.0,0,3425.0
DCA,2020-01-14,2020,1,405,1,1,45,0.0025,0.1114,3.95,405,5,1,53,0.0123,0.1325,-1.06,19.78,5.48,900.0,3.0,716.0,0,2058.0
DCA,2020-01-15,2020,1,406,0,2,38,0.0,0.0936,1.65,406,1,1,34,0.0025,0.084,-8.27,18.82,7.21,930.0,33.0,229.0,0,1227.0
DCA,2020-01-16,2020,1,406,3,0,95,0.0074,0.2357,13.82,406,5,0,91,0.0123,0.2269,3.07,21.61,6.96,1612.0,24.0,3172.0,0,2646.0
DCA,2020-01-17,2020,1,407,22,0,66,0.0541,0.1714,10.96,407,22,0,55,0.0541,0.1429,-0.84,19.05,6.69,1175.0,0,1135.0,0,2655.0
DCA,2020-01-18,2020,1,277,5,3,58,0.0181,0.2132,14.72,277,6,1,55,0.0217,0.203,4.55,25.42,6.29,1053.0,323.0,1646.0,0,2369.0
DCA,2020-01-19,2020,1,336,3,0,50,0.0089,0.1502,8.14,338,4,0,44,0.0118,0.1317,-2.57,16.95,5.66,1510.0,0,188.0,0,2190.0
DCA,2020-01-20,2020,1,399,0,0,71,0.0,0.1779,9.6,397,1,0,68,0.0025,0.1717,3.29,18.75,5.54,1467.0,0,477.0,0,2453.0
DCA,2020-01-21,2020,1,405,3,1,41,0.0074,0.102,1.77,405,3,0,46,0.0074,0.1144,-0.52,20.4,5.3,386.0,0,389.0,0,1593.0
DCA,2020-01-22,2020,1,406,3,1,41,0.0074,0.1017,4.85,406,4,0,38,0.0099,0.0945,-1.97,18.16,5.86,666.0,0,138.0,0,2782.0
DCA,2020-01-23,2020,1,407,2,0,49,0.0049,0.121,4.57,407,0,0,62,0.0,0.1523,-2.24,19.59,6.63,1268.0,0,398.0,43.0,1338.0
DCA,2020-01-24,2020,1,407,2,3,54,0.0049,0.1333,3.23,407,6,0,59,0.0147,0.1471,-0.2,18.54,5.94,447.0,0,201.0,0,1437.0
DCA,2020-01-25,2020,1,281,0,0,22,0.0,0.0783,3.66,281,0,0,22,0.0,0.0783,-6.93,16.02,4.92,1261.0,0,133.0,0,793.0
DCA,2020-01-26,2020,1,374,0,1,39,0.0,0.1043,1.29,374,0,0,30,0.0,0.0802,-6.19,17.35,5.89,774.0,0,174.0,0,921.0
DCA,2020-01-27,2020,1,407,0,1,47,0.0,0.1155,0.37,407,1,0,38,0.0025,0.0936,-3.23,19.23,5.67,543.0,0,199.0,0,1213.0
DCA,2020-01-28,2020,1,405,1,2,35,0.0025,0.0866,-1.18,405,0,0,41,0.0,0.1012,-7.22,20.96,6.06,638.0,0,324.0,0,977.0
DCA,2020-01-29,2020,1,406,0,0,21,0.0,0.0517,-0.01,406,0,0,31,0.0,0.0764,-8.91,18.76,6.12,889.0,0,215.0,0,1157.0
DCA,2020-01-30,2020,1,407,0,0,59,0.0,0.145,6.4,406,0,6,62,0.0,0.1527,-1.83,19.15,6.64,1695.0,0,195.0,1.0,1980.0
DCA,2020-01-31,2020,1,406,0,0,46,0.0,0.1133,4.96,407,0,0,48,0.0,0.1179,-4.8,18.91,6.36,1977.0,15.0,494.0,0,1235.0
DCA,2020-04-01,2020,4,344,173,0,11,0.5029,0.0643,-3.61,346,178,0,5,0.5145,0.0298,-15.83,12.63,5.39,405.0,0,0,0,86.0
DCA,2020-04-02,2020,4,343,193,0,13,0.5627,0.0867,-1.53,344,195,0,4,0.5669,0.0268,-18.38,12.91,4.62,589.0,0,21.0,0,65.0
DCA,2020-04-03,2020,4,343,180,0,5,0.5248,0.0307,-7.21,343,178,0,8,0.519,0.0485,-17.22,12.9,4.75,44.0,0,0,0,66.0
DCA,2020-04-04,2020,4,249,139,0,5,0.5582,0.0455,-6.14,248,141,0,3,0.5685,0.028,-16.46,11.03,4.38,144.0,0,0,0,4.0
DCA,2020-04-05,2020,4,305,169,0,0,0.5541,0.0,-9.46,306,170,0,2,0.5556,0.0147,-20.59,11.68,4.9,0,0,0,0,0
DCA,2020-04-06,2020,4,282,151,0,15,0.5355,0.1145,0.18,284,144,0,24,0.507,0.1714,-5.66,12.22,4.85,321.0,0,0,0,380.0
DCA,2020-04-07,2020,4,211,102,0,4,0.4834,0.0367,-7.97,207,102,0,2,0.4928,0.019,-19.31,11.38,3.92,39.0,0,18.0,0,29.0
DCA,2020-04-08,2020,4,199,71,0,2,0.3568,0.0156,-8.26,197,73,0,3,0.3706,0.0242,-21.35,12.25,5.39,36.0,0,33.0,0,3.0
DCA,2020-04-09,2020,4,199,95,0,4,0.4774,0.0385,-5.8,198,95,1,4,0.4798,0.0388,-22.78,12.33,4.11,256.0,0,83.0,0,121.0
DCA,2020-04-10,2020,4,194,91,1,3,0.4691,0.0291,-5.03,196,94,0,2,0.4796,0.0196,-23.35,12.16,4.0,361.0,0,0,0,0
DCA,2020-04-11,2020,4,160,65,0,4,0.4062,0.0421,-6.36,159,62,0,2,0.3899,0.0206,-23.48,12.09,3.74,204.0,0,0,0,0
DCA,2020-04-12,2020,4,147,52,0,5,0.3537,0.0526,-6.53,156,54,0,3,0.3462,0.0294,-20.17,11.0,4.39,174.0,0,37.0,0,0
DCA,2020-04-13,2020,4,152,43,0,6,0.2829,0.055,-5.06,152,47,2,6,0.3092,0.0571,-20.31,11.73,4.26,16.0,0,19.0,0,287.0
DCA,2020-04-14,2020,4,140,52,0,0,0.3714,0.0,-9.45,137,49,0,3,0.3577,0.0341,-26.31,11.56,3.83,14.0,0,76.0,0,0
DCA,2020-04-15,2020,4,134,47,0,2,0.3507,0.023,-7.61,134,46,1,1,0.3433,0.0114,-25.02,10.62,4.09,17.0,0,90.0,0,0
DCA,2020-04-16,2020,4,139,56,0,1,0.4029,0.012,-9.33,137,57,0,2,0.4161,0.025,-19.89,12.07,3.84,0,0,0,0,40.0
DCA,2020-04-17,2020,4,136,53,0,4,0.3897,0.0482,-7.08,136,52,0,1,0.3824,0.0119,-23.06,11.83,4.01,124.0,0,34.0,0,0
DCA,2020-04-18,2020,4,106,43,0,4,0.4057,0.0635,-3.83,108,43,0,4,0.3981,0.0615,-21.97,12.7,3.95,184.0,0,36.0,0,17.0
DCA,2020-04-19,2020,4,124,56,0,0,0.4516,0.0,-9.04,123,54,0,2,0.439,0.029,-18.46,11.62,4.62,0,0,104.0,0,0
DCA,2020-04-20,2020,4,128,51,0,2,0.3984,0.026,-7.4,128,52,0,1,0.4062,0.0132,-23.2,12.09,3.84,37.0,0,34.0,0,0
DCA,2020-04-21,2020,4,127,55,0,2,0.4331,0.0278,-7.29,128,57,0,2,0.4453,0.0282,-21.38,11.42,4.39,23.0,0,0,0,0
DCA,2020-04-22,2020,4,122,50,0,2,0.4098,0.0278,-6.69,126,53,0,0,0.4206,0.0,-25.21,11.83,3.75,20.0,0,117.0,0,0
DCA,2020-04-23,2020,4,129,53,0,1,0.4109,0.0132,-7.37,127,54,0,1,0.4252,0.0137,-23.63,11.84,4.42,30.0,0,13.0,0,0
DCA,2020-04-24,2020,4,132,49,0,3,0.3712,0.0361,-5.3,130,46,0,3,0.3538,0.0357,-20.33,11.45,3.85,84.0,0,34.0,0,74.0
DCA,2020-04-25,2020,4,95,37,0,0,0.3895,0.0,-8.59,100,37,0,3,0.37,0.0476,-22.48,11.38,4.1,0,0,0,0,0
DCA,2020-04-26,2020,4,125,48,0,2,0.384,0.026,-4.62,123,46,0,1,0.374,0.013,-22.88,10.73,3.84,26.0,0,11.0,0,90.0
DCA,2020-04-27,2020,4,129,63,0,2,0.4884,0.0303,-7.5,127,60,0,1,0.4724,0.0149,-19.97,11.89,3.69,46.0,0,0,0,0
DCA,2020-04-28,2020,4,123,49,0,1,0.3984,0.0135,-7.38,126,50,0,1,0.3968,0.0132,-17.38,11.7,5.03,0,0,20.0,0,0
DCA,2020-04-29,2020,4,123,39,0,1,0.3171,0.0119,-6.81,121,46,0,1,0.3802,0.0133,-16.6,11.31,4.93,0,0,0,0,92.0
DCA,2020-04-30,2020,4,121,50,0,2,0.4132,0.0282,-6.44,126,50,0,2,0.3968,0.0263,-17.95,11.51,4.11,0,0,0,0,0
DCA,2021-01-01,2021,1,77,3,0,12,0.039,0.1622,14.07,79,4,0,15,0.0506,0.2,0.56,13.59,3.91,873.0,2.0,373.0,0,139.0
DCA,2021-01-02,2021,1,100,1,0,10,0.01,0.101,16.38,100,0,0,13,0.0,0.13,-3.33,12.9,3.72,1448.0,0,72.0,1.0,438.0
DCA,2021-01-03,2021,1,106,0,0,19,0.0,0.1792,8.44,106,0,0,31,0.0,0.2925,8.35,13.43,3.76,233.0,0,76.0,0,838.0
DCA,2021-01-04,2021,1,99,3,0,11,0.0303,0.1146,1.68,99,3,0,18,0.0303,0.1875,3.78,15.52,3.55,45.0,0,639.0,0,90.0
DCA,2021-01-05,2021,1,78,0,0,4,0.0,0.0513,-4.33,77,0,0,5,0.0,0.0649,-6.64,11.64,3.65,69.0,0,0,0,0
DCA,2021-01-06,2021,1,80,0,1,1,0.0,0.0125,-6.29,81,0,0,3,0.0,0.037,-13.26,12.21,3.8,0,0,0,0,0
DCA,2021-01-07,2021,1,92,0,0,4,0.0,0.0435,-0.26,91,0,0,3,0.0,0.033,-14.25,12.74,3.89,89.0,0,5.0,79.0,16.0
DCA,2021-01-08,2021,1,92,0,0,5,0.0,0.0543,-1.67,92,0,0,9,0.0,0.0978,-9.89,13.04,3.76,19.0,0,96.0,0,77.0
DCA,2021-01-09,2021,1,74,0,0,0,0.0,0.0,-6.15,73,0,0,6,0.0,0.0822,-14.47,11.72,3.79,0,0,0,0,0
DCA,2021-01-10,2021,1,90,3,0,18,0.0333,0.2069,7.28,93,3,1,25,0.0323,0.2778,7.17,17.0,4.36,182.0,0,461.0,0,510.0
DCA,2021-01-11,2021,1,92,0,0,0,0.0,0.0,-7.84,88,0,0,2,0.0,0.0227,-17.65,13.74,3.74,0,0,17.0,0,0
DCA,2021-01-12,2021,1,74,0,0,2,0.0,0.027,-7.11,76,0,0,3,0.0,0.0395,-17.53,12.84,3.54,15.0,0,0,0,0
DCA,2021-01-13,2021,1,77,0,1,10,0.0,0.1299,6.32,78,0,0,11,0.0,0.141,-3.19,15.14,4.0,0,0,693.0,0,250.0
DCA,2021-01-14,2021,1,93,0,0,7,0.0,0.0753,-3.03,92,0,0,6,0.0,0.0652,-15.2,13.65,3.86,66.0,0,19.0,0,90.0
DCA,2021-01-15,2021,1,98,0,0,5,0.0,0.051,-2.27,98,0,0,3,0.0,0.0306,-12.98,15.23,4.49,160.0,0,157.0,0,4.0
DCA,2021-01-16,2021,1,78,0,0,1,0.0,0.0128,-3.96,76,0,0,2,0.0,0.0263,-17.55,12.4,3.97,119.0,0,0,0,0
DCA,2021-01-17,2021,1,89,0,0,3,0.0,0.0337,-5.65,92,0,0,6,0.0,0.0652,-13.5,11.51,4.38,86.0,0,35.0,0,0
DCA,2021-01-18,2021,1,100,1,0,0,0.01,0.0,-6.8,98,1,0,1,0.0102,0.0103,-17.81,12.23,3.92,0,0,21.0,0,0
DCA,2021-01-19,2021,1,94,3,0,4,0.0319,0.044,-5.18,96,3,0,6,0.0312,0.0645,-11.8,12.27,4.16,52.0,0,0,0,122.0
DCA,2021-01-20,2021,1,80,1,0,5,0.0125,0.0633,-3.82,79,1,0,12,0.0127,0.1538,-6.65,13.66,3.82,223.0,0,43.0,0,39.0
DCA,2021-01-21,2021,1,97,0,0,5,0.0,0.0515,-3.73,97,0,0,3,0.0,0.0309,-17.99,12.42,4.32,292.0,0,85.0,0,0
DCA,2021-01-22,2021,1,95,0,0,2,0.0,0.0211,-5.03,96,0,0,3,0.0,0.0312,-20.8,13.47,3.98,57.0,0,0,0,33.0
DCA,2021-01-23,2021,1,81,0,0,2,0.0,0.0247,-6.1,79,0,0,3,0.0,0.038,-19.42,12.64,4.09,98.0,0,77.0,0,0
DCA,2021-01-24,2021,1,95,0,0,5,0.0,0.0526,-4.19,98,0,0,4,0.0,0.0408,-18.18,12.74,3.95,127.0,0,200.0,0,0
DCA,2021-01-25,2021,1,91,0,0,3,0.0,0.033,-5.76,87,2,0,5,0.023,0.0588,-14.52,15.14,3.79,164.0,0,91.0,0,18.0
DCA,2021-01-26,2021,1,74,2,0,7,0.027,0.0972,6.44,76,0,0,9,0.0,0.1184,-11.99,17.85,3.87,596.0,156.0,262.0,0,0
DCA,2021-01-27,2021,1,77,0,0,2,0.0,0.026,-5.32,78,0,0,4,0.0,0.0513,-18.26,11.71,3.56,72.0,0,32.0,0,0
DCA,2021-01-28,2021,1,91,0,0,1,0.0,0.011,-6.62,90,0,0,3,0.0,0.0333,-15.66,11.81,3.66,0,0,0,0,0
DCA,2021-01-29,2021,1,91,0,0,9,0.0,0.0989,1.42,91,1,1,8,0.011,0.0889,-11.0,14.97,3.94,0,0,399.0,0,367.0
DCA,2021-01-30,2021,1,74,1,1,5,0.0135,0.0685,1.53,73,1,0,5,0.0137,0.0694,-15.44,13.34,3.99,15.0,0,226.0,0,195.0
DCA,2021-01-31,2021,1,91,13,0,17,0.1429,0.2179,16.71,95,27,0,16,0.2842,0.2353,4.09,40.64,5.18,467.0,67.0,1712.0,0,208.0
DCA,2022-01-01,2022,1,272,26,3,96,0.0956,0.3902,22.71,277,21,0,71,0.0758,0.2773,17.82,19.25,8.2,2466.0,76.0,1066.0,0,2208.0
DCA,2022-01-02,2022,1,364,24,1,181,0.0659,0.5324,46.48,366,53,0,170,0.1448,0.5431,40.42,20.44,14.08,6747.0,19.0,1712.0,35.0,8303.0
DCA,2022-01-03,2022,1,387,366,0,11,0.9457,0.5238,120.76,388,341,21,13,0.8789,0.2766,46.38,44.43,12.59,123.0,1414.0,424.0,0,920.0
DCA,2022-01-04,2022,1,380,97,0,218,0.2553,0.7703,68.93,384,85,7,214,0.2214,0.7157,66.15,29.19,30.79,6518.0,2677.0,1801.0,40.0,8179.0
DCA,2022-01-05,2022,1,407,94,0,111,0.231,0.3546,19.7,407,101,0,106,0.2482,0.3464,18.04,19.59,12.03,2417.0,519.0,897.0,0,2468.0
DCA,2022-01-06,2022,1,406,55,1,79,0.1355,0.2251,11.0,406,82,1,69,0.202,0.213,4.78,22.31,9.67,1905.0,111.0,1254.0,3.0,2141.0
DCA,2022-01-07,2022,1,406,86,0,96,0.2118,0.3,18.32,406,63,0,108,0.1552,0.3149,14.72,25.3,8.75,2460.0,0,1980.0,0,2774.0
DCA,2022-01-08,2022,1,315,22,0,62,0.0698,0.2116,11.19,314,21,0,63,0.0669,0.215,5.14,17.38,7.58,1200.0,0,183.0,0,1982.0
DCA,2022-01-09,2022,1,384,29,0,86,0.0755,0.2423,13.52,385,25,0,82,0.0649,0.2278,11.63,19.57,10.79,2903.0,0,774.0,4.0,2002.0
DCA,2022-01-10,2022,1,410,13,0,79,0.0317,0.199,9.3,410,17,0,82,0.0415,0.2087,4.36,22.53,8.59,1864.0,0,929.0,31.0,2212.0
DCA,2022-01-11,2022,1,407,3,0,42,0.0074,0.104,-0.33,407,3,0,54,0.0074,0.1337,-3.52,23.49,7.78,646.0,0,622.0,0,515.0
DCA,2022-01-12,2022,1,407,3,0,40,0.0074,0.099,1.01,407,4,0,43,0.0098,0.1067,-4.96,17.56,7.58,748.0,15.0,105.0,0,1016.0
DCA,2022-01-13,2022,1,407,2,0,47,0.0049,0.116,2.92,407,1,0,37,0.0025,0.0911,-4.57,20.4,6.58,975.0,0,195.0,0,980.0
DCA,2022-01-14,2022,1,406,4,0,61,0.0099,0.1517,3.24,406,6,0,72,0.0148,0.18,2.1,19.99,6.07,403.0,0,393.0,0,1102.0
DCA,2022-01-15,2022,1,314,12,0,32,0.0382,0.106,4.66,313,14,0,36,0.0447,0.1204,-1.52,16.5,5.86,1113.0,6.0,184.0,0,793.0
DCA,2022-01-16,2022,1,383,189,3,69,0.4935,0.3557,50.47,384,196,9,74,0.5104,0.3936,35.65,32.0,13.2,1756.0,4569.0,2686.0,0,3189.0
DCA,2022-01-17,2022,1,410,89,0,107,0.2171,0.3333,18.07,410,74,0,110,0.1805,0.3274,14.54,20.71,7.89,2679.0,15.0,617.0,0,2195.0
DCA,2022-01-18,2022,1,407,6,0,51,0.0147,0.1272,4.47,407,11,0,48,0.027,0.1212,-6.22,20.56,6.99,1595.0,0,258.0,0,1090.0
DCA,2022-01-19,2022,1,407,10,1,47,0.0246,0.1184,3.32,407,17,1,50,0.0418,0.1282,-1.19,17.99,7.61,881.0,0,501.0,0,1632.0
DCA,2022-01-20,2022,1,407,47,0,56,0.1155,0.1556,7.2,407,41,0,74,0.1007,0.2022,2.52,20.39,5.94,1071.0,0,807.0,0,2638.0
DCA,2022-01-21,2022,1,406,18,2,49,0.0443,0.1263,4.44,406,17,0,62,0.0419,0.1594,-0.1,22.33,8.72,1093.0,25.0,874.0,0,1470.0
DCA,2022-01-22,2022,1,306,6,0,44,0.0196,0.1467,8.04,305,10,2,47,0.0328,0.1593,-0.12,16.58,5.93,740.0,67.0,204.0,0,2278.0
DCA,2022-01-23,2022,1,384,4,0,76,0.0104,0.2,8.34,385,4,2,94,0.0104,0.2467,4.85,16.83,6.73,1101.0,96.0,429.0,0,1809.0
DCA,2022-01-24,2022,1,410,4,0,57,0.0098,0.1404,6.38,410,4,1,81,0.0098,0.1995,4.64,19.21,7.0,1147.0,0,900.0,16.0,1901.0
DCA,2022-01-25,2022,1,407,2,0,43,0.0049,0.1062,-1.05,407,1,0,36,0.0025,0.0887,-10.4,21.04,6.67,622.0,0,420.0,0,864.0
DCA,2022-01-26,2022,1,407,6,0,29,0.0147,0.0723,-1.88,407,6,1,31,0.0147,0.0773,-9.81,21.54,6.0,624.0,0,425.0,32.0,657.0
DCA,2022-01-27,2022,1,407,8,0,46,0.0197,0.1153,6.79,407,10,0,52,0.0246,0.131,0.06,18.51,6.82,1438.0,0,229.0,0,2367.0
DCA,2022-01-28,2022,1,406,43,1,145,0.1059,0.3994,34.07,406,44,0,154,0.1084,0.4254,36.89,33.82,10.19,5462.0,1371.0,3852.0,0,5628.0
DCA,2022-01-29,2022,1,306,81,0,64,0.2647,0.2844,27.17,305,73,0,50,0.2393,0.2155,23.03,19.21,7.72,1612.0,659.0,197.0,0,3328.0
DCA,2022-01-30,2022,1,385,35,1,88,0.0909,0.2514,24.66,386,46,1,78,0.1192,0.2294,15.33,17.53,8.45,2610.0,181.0,214.0,0,5123.0
DCA,2022-01-31,2022,1,410,8,0,68,0.0195,0.1692,6.88,410,5,0,67,0.0122,0.1654,4.86,21.57,6.82,1359.0,29.0,364.0,16.0,1943.0
DCA,2022-06-01,2022,6,410,10,4,59,0.0244,0.1475,4.41,410,8,0,69,0.0195,0.1716,7.1,21.7,6.14,1366.0,43.0,1563.0,0,841.0
DCA,2022-06-02,2022,6,408,71,2,159,0.174,0.4718,41.02,409,78,3,146,0.1907,0.4411,30.34,27.49,15.04,2810.0,3541.0,3133.0,56.0,6010.0
DCA,2022-06-03,2022,6,404,22,2,111,0.0545,0.2906,14.05,404,20,2,104,0.0495,0.2708,10.12,19.75,6.15,2212.0,194.0,1279.0,0,2111.0
DCA,2022-06-04,2022,6,296,13,0,41,0.0439,0.1449,6.51,295,11,0,34,0.0373,0.1197,-4.46,18.36,5.71,1065.0,10.0,542.0,0,1138.0
DCA,2022-06-05,2022,6,386,5,0,82,0.013,0.2152,9.09,388,5,0,70,0.0129,0.1828,2.54,18.94,6.81,2042.0,0,420.0,13.0,1509.0
DCA,2022-06-06,2022,6,410,5,2,109,0.0122,0.2691,20.18,410,5,0,113,0.0122,0.279,12.87,18.41,9.19,4417.0,31.0,1424.0,18.0,3122.0
DCA,2022-06-07,2022,6,410,5,1,79,0.0122,0.1951,6.27,410,6,1,79,0.0146,0.1955,4.35,18.92,7.35,1529.0,0,647.0,0,1358.0
DCA,2022-06-08,2022,6,410,26,4,102,0.0634,0.2656,22.15,410,27,3,113,0.0659,0.295,15.56,28.07,9.41,4370.0,772.0,4793.0,0,3273.0
DCA,2022-06-09,2022,6,410,16,5,113,0.039,0.2868,22.0,410,15,1,103,0.0366,0.2608,12.0,21.16,7.19,3776.0,0,1337.0,43.0,4370.0
DCA,2022-06-10,2022,6,410,7,0,76,0.0171,0.1886,9.03,410,8,0,80,0.0195,0.199,7.19,20.25,7.11,1658.0,11.0,1061.0,11.0,2304.0
DCA,2022-06-11,2022,6,313,6,2,58,0.0192,0.1889,11.65,312,8,0,57,0.0256,0.1875,0.48,19.0,6.31,1321.0,93.0,697.0,2.0,2101.0
DCA,2022-06-12,2022,6,388,19,2,155,0.049,0.4201,26.08,389,16,1,175,0.0411,0.4692,29.22,24.37,7.8,2766.0,330.0,4010.0,43.0,4403.0
DCA,2022-06-13,2022,6,410,8,2,89,0.0195,0.2214,12.08,410,9,1,100,0.022,0.2494,9.41,21.07,7.6,1801.0,185.0,1352.0,14.0,2191.0
DCA,2022-06-14,2022,6,410,30,0,133,0.0732,0.35,22.48,410,29,0,123,0.0707,0.3228,20.12,23.16,7.34,2639.0,476.0,2637.0,0,4370.0
DCA,2022-06-15,2022,6,410,5,1,110,0.0122,0.2716,15.22,410,6,9,122,0.0146,0.302,12.42,20.09,8.17,2125.0,2.0,602.0,21.0,3280.0
DCA,2022-06-16,2022,6,410,86,2,147,0.2098,0.4537,58.4,410,80,1,160,0.1951,0.4848,64.75,30.17,15.12,4178.0,1589.0,8176.0,18.0,9031.0
DCA,2022-06-17,2022,6,410,55,5,151,0.1341,0.4254,34.87,410,64,1,138,0.1561,0.3988,26.11,20.15,9.06,5577.0,244.0,1940.0,36.0,4818.0
DCA,2022-06-18,2022,6,313,20,2,81,0.0639,0.2765,17.03,312,23,1,65,0.0737,0.2249,7.0,18.37,6.75,3079.0,56.0,685.0,4.0,1302.0
DCA,2022-06-19,2022,6,388,10,1,85,0.0258,0.2249,15.95,389,13,0,78,0.0334,0.2074,4.76,19.52,6.36,2905.0,0,747.0,25.0,2590.0
DCA,2022-06-20,2022,6,410,5,0,81,0.0122,0.2,8.37,410,6,0,79,0.0146,0.1955,4.04,20.12,6.76,1454.0,0,371.0,0,1436.0
DCA,2022-06-21,2022,6,410,3,0,60,0.0073,0.1474,10.18,410,2,0,56,0.0049,0.1373,7.71,18.14,7.68,1551.0,8.0,235.0,0,2652.0
DCA,2022-06-22,2022,6,410,138,1,66,0.3366,0.2426,43.01,410,132,3,73,0.322,0.2626,68.79,25.47,7.69,4998.0,4898.0,1966.0,0,1448.0
DCA,2022-06-23,2022,6,410,58,2,132,0.1415,0.375,27.39,410,64,0,107,0.1561,0.3092,13.78,17.63,7.72,3339.0,0,394.0,0,4989.0
DCA,2022-06-24,2022,6,410,7,2,93,0.0171,0.2308,13.6,410,9,0,88,0.022,0.2195,6.8,19.34,6.68,2086.0,0,603.0,0,3115.0
DCA,2022-06-25,2022,6,313,2,2,68,0.0064,0.2186,9.33,312,3,0,64,0.0096,0.2071,8.89,16.23,6.37,918.0,0,231.0,0,1139.0
DCA,2022-06-26,2022,6,389,23,1,94,0.0591,0.2568,16.0,390,21,1,99,0.0538,0.2683,12.39,20.58,7.78,2814.0,275.0,1556.0,0,2255.0
DCA,2022-06-27,2022,6,410,20,1,125,0.0488,0.3205,24.53,410,22,0,123,0.0537,0.317,20.66,20.09,7.63,3328.0,297.0,2841.0,0,4552.0
DCA,2022-06-28,2022,6,406,11,0,66,0.0271,0.1671,5.53,406,11,0,59,0.0271,0.1494,-2.33,19.1,6.53,1438.0,0,333.0,36.0,1049.0
DCA,2022-06-29,2022,6,407,13,1,62,0.0319,0.1574,5.57,407,10,1,76,0.0246,0.1914,1.68,18.59,7.28,1173.0,0,447.0,0,1360.0
DCA,2022-06-30,2022,6,410,12,1,80,0.0293,0.201,9.95,410,10,0,68,0.0244,0.17,4.73,19.68,7.49,1665.0,137.0,856.0,0,2059.0
DCA,2022-12-01,2022,12,419,1,0,86,0.0024,0.2057,7.3,419,2,0,84,0.0048,0.2014,1.91,22.3,9.03,1412.0,197.0,743.0,0,1956.0
DCA,2022-12-02,2022,12,419,0,0,69,0.0,0.1647,6.11,419,0,0,72,0.0,0.1718,-0.57,19.71,8.68,1509.0,7.0,346.0,0,1565.0
DCA,2022-12-03,2022,12,312,0,0,24,0.0,0.0769,-1.07,312,0,0,37,0.0,0.1186,-7.13,17.58,7.06,205.0,0,381.0,0,523.0
DCA,2022-12-04,2022,12,397,0,1,48,0.0,0.1209,3.13,397,0,0,51,0.0,0.1285,-3.5,19.01,7.09,820.0,0,499.0,0,1385.0
DCA,2022-12-05,2022,12,418,2,1,72,0.0048,0.1731,5.48,418,1,0,126,0.0024,0.3022,7.85,21.92,9.02,809.0,0,538.0,23.0,1844.0
DCA,2022-12-06,2022,12,418,19,1,49,0.0455,0.1228,1.51,418,17,2,75,0.0407,0.187,1.99,23.29,6.86,685.0,130.0,852.0,0,906.0
DCA,2022-12-07,2022,12,418,0,0,58,0.0,0.1388,5.27,418,2,1,65,0.0048,0.1562,0.92,22.86,7.23,1520.0,80.0,1599.0,0,1324.0
DCA,2022-12-08,2022,12,419,2,0,58,0.0048,0.1391,5.7,419,1,0,57,0.0024,0.1364,1.01,20.9,6.72,1176.0,0,664.0,0,2376.0
DCA,2022-12-09,2022,12,419,1,4,45,0.0024,0.1077,3.41,419,1,0,43,0.0024,0.1029,-3.24,19.75,5.8,752.0,0,466.0,19.0,1528.0
DCA,2022-12-10,2022,12,314,0,2,38,0.0,0.121,1.77,314,0,0,29,0.0,0.0924,-3.24,18.96,5.89,644.0,52.0,303.0,0,646.0
DCA,2022-12-11,2022,12,397,0,0,68,0.0,0.1713,5.55,397,1,0,92,0.0025,0.2323,5.7,22.03,6.28,1282.0,107.0,1542.0,0,1419.0
DCA,2022-12-12,2022,12,419,1,0,65,0.0024,0.1555,6.73,419,2,1,91,0.0048,0.2182,10.05,22.81,6.94,1249.0,0,1181.0,0,1976.0
DCA,2022-12-13,2022,12,418,3,0,64,0.0072,0.1542,4.56,418,2,1,70,0.0048,0.1683,1.66,21.23,6.79,645.0,239.0,1007.0,0,2000.0
DCA,2022-12-14,2022,12,418,3,0,44,0.0072,0.106,5.51,416,2,0,54,0.0048,0.1304,1.94,20.57,7.26,1460.0,0,451.0,0,1903.0
DCA,2022-12-15,2022,12,415,3,3,120,0.0072,0.2913,15.32,416,1,1,126,0.0024,0.3036,15.29,24.74,9.31,1492.0,142.0,2043.0,14.0,3463.0
DCA,2022-12-16,2022,12,417,4,2,106,0.0096,0.2567,16.58,417,6,0,112,0.0144,0.2725,17.36,21.85,7.18,1533.0,491.0,2665.0,14.0,3779.0
DCA,2022-12-17,2022,12,308,2,1,57,0.0065,0.1863,8.48,307,1,0,70,0.0033,0.2288,2.64,18.16,6.6,1153.0,38.0,430.0,9.0,1619.0
DCA,2022-12-18,2022,12,393,2,0,64,0.0051,0.1637,8.41,393,1,0,67,0.0025,0.1709,2.62,20.58,7.46,1453.0,98.0,808.0,26.0,2020.0
DCA,2022-12-19,2022,12,414,0,1,64,0.0,0.1546,5.13,415,0,0,76,0.0,0.1831,1.2,24.96,7.38,1479.0,67.0,1524.0,0,1321.0
DCA,2022-12-20,2022,12,415,1,0,65,0.0024,0.157,5.95,415,1,0,69,0.0024,0.1667,-0.53,22.49,7.43,1792.0,0,490.0,19.0,1182.0
DCA,2022-12-21,2022,12,415,1,0,101,0.0024,0.244,10.23,415,1,0,97,0.0024,0.2343,6.31,21.2,7.98,1735.0,105.0,672.0,0,2214.0
DCA,2022-12-22,2022,12,415,32,1,180,0.0771,0.47,34.19,415,23,10,203,0.0554,0.5179,41.66,23.68,9.72,4200.0,312.0,2716.0,24.0,7056.0
DCA,2022-12-23,2022,12,415,123,2,146,0.2964,0.5,47.25,414,127,1,177,0.3068,0.6167,62.86,23.85,10.65,4081.0,1325.0,3033.0,0,7637.0
DCA,2022-12-24,2022,12,230,32,0,86,0.1391,0.4343,39.13,224,39,0,73,0.1741,0.3946,39.53,17.55,7.62,3022.0,65.0,418.0,15.0,3543.0
DCA,2022-12-25,2022,12,237,32,2,72,0.135,0.3512,36.46,241,31,0,73,0.1286,0.3476,27.23,18.63,8.03,3655.0,148.0,237.0,0,2865.0
DCA,2022-12-26,2022,12,360,48,1,119,0.1333,0.3814,32.95,360,46,0,115,0.1278,0.3662,36.94,19.82,8.25,2933.0,68.0,1217.0,0,5633.0
DCA,2022-12-27,2022,12,362,38,2,118,0.105,0.3642,26.91,362,38,0,129,0.105,0.3981,25.36,18.56,8.9,2353.0,17.0,695.0,22.0,4080.0
DCA,2022-12-28,2022,12,310,35,0,57,0.1129,0.2073,10.17,310,35,0,68,0.1129,0.2473,9.51,17.2,6.77,902.0,0,152.0,0,1004.0
DCA,2022-12-29,2022,12,309,33,0,43,0.1068,0.1558,5.38,309,34,0,58,0.11,0.2109,5.26,17.95,7.47,357.0,0,281.0,0,712.0
DCA,2022-12-30,2022,12,309,0,0,39,0.0,0.1262,2.35,308,0,0,53,0.0,0.1721,-0.55,16.81,6.77,373.0,0,227.0,0,607.0
DCA,2022-12-31,2022,12,229,0,0,52,0.0,0.2271,14.66,227,0,5,53,0.0,0.2335,9.75,20.25,6.15,1221.0,483.0,686.0,0,1599.0
DCA,2023-01-01,2023,1,280,1,2,28,0.0036,0.1004,5.3,283,1,0,33,0.0035,0.117,-2.72,15.83,6.59,467.0,777.0,60.0,0,992.0
DCA,2023-01-02,2023,1,361,2,3,76,0.0055,0.2117,14.87,361,3,0,91,0.0083,0.2542,11.7,18.46,8.02,1682.0,74.0,2053.0,0,2136.0
DCA,2023-01-03,2023,1,371,3,2,83,0.0081,0.2255,10.81,372,5,1,107,0.0134,0.2916,10.61,18.36,8.47,1494.0,16.0,601.0,0,2070.0
DCA,2023-01-04,2023,1,319,11,1,57,0.0345,0.1851,8.54,319,10,1,70,0.0313,0.2265,8.31,17.23,6.95,1237.0,0,853.0,0,1232.0
DCA,2023-01-05,2023,1,318,2,0,35,0.0063,0.1108,5.07,318,1,1,46,0.0031,0.1451,-0.03,18.39,6.47,1585.0,18.0,669.0,0,740.0
DCA,2023-01-06,2023,1,318,1,1,32,0.0031,0.1009,0.37,318,0,0,33,0.0,0.1038,-7.71,18.11,5.86,731.0,0,105.0,0,320.0
DCA,2023-01-07,2023,1,279,0,0,26,0.0,0.0932,1.29,281,0,1,28,0.0,0.0996,-7.34,18.06,5.86,483.0,0,162.0,0,767.0
DCA,2023-01-08,2023,1,388,0,0,71,0.0,0.183,8.2,388,0,0,57,0.0,0.1469,-1.24,21.29,6.88,1889.0,158.0,526.0,0,1430.0
DCA,2023-01-09,2023,1,413,3,0,23,0.0073,0.0561,-2.14,415,3,0,45,0.0072,0.1092,-4.93,21.24,6.68,310.0,0,360.0,0,506.0
DCA,2023-01-10,2023,1,411,1,1,33,0.0024,0.0805,-0.01,406,0,0,34,0.0,0.0837,-7.07,20.72,8.04,364.0,0,149.0,18.0,1326.0
DCA,2023-01-11,2023,1,418,84,0,238,0.201,0.7126,88.66,417,83,2,235,0.199,0.7036,89.04,21.21,8.99,5578.0,16.0,8273.0,0,14142.0
DCA,2023-01-12,2023,1,415,2,3,73,0.0048,0.1768,5.77,415,4,1,97,0.0096,0.236,7.66,21.64,8.12,761.0,213.0,1378.0,12.0,1660.0
DCA,2023-01-13,2023,1,417,1,0,90,0.0024,0.2163,13.47,417,0,0,112,0.0,0.2686,9.91,23.33,7.19,2846.0,89.0,939.0,0,2377.0
DCA,2023-01-14,2023,1,305,0,0,30,0.0,0.0984,0.63,304,0,0,39,0.0,0.1283,-2.42,18.95,5.1,526.0,0,106.0,0,321.0
DCA,2023-01-15,2023,1,385,2,0,42,0.0052,0.1097,1.14,385,0,0,58,0.0,0.1506,-0.55,21.98,6.87,707.0,0,902.0,0,740.0
DCA,2023-01-16,2023,1,415,6,0,62,0.0145,0.1516,6.16,417,5,1,89,0.012,0.216,4.86,21.77,8.02,928.0,32.0,883.0,0,2198.0
DCA,2023-01-17,2023,1,418,1,0,33,0.0024,0.0791,-0.48,417,2,2,38,0.0048,0.0916,-6.02,22.0,7.98,1618.0,0,325.0,0,425.0
DCA,2023-01-18,2023,1,417,4,1,30,0.0096,0.0726,-1.38,417,2,1,40,0.0048,0.0964,-8.9,21.07,7.01,690.0,32.0,190.0,0,1113.0
DCA,2023-01-19,2023,1,416,2,0,57,0.0048,0.1377,4.18,416,2,1,56,0.0048,0.1353,-4.22,26.48,8.03,1395.0,745.0,1689.0,0,1080.0
DCA,2023-01-20,2023,1,415,1,0,45,0.0024,0.1087,0.91,415,2,0,63,0.0048,0.1525,-2.6,22.06,6.18,506.0,0,720.0,18.0,1292.0
DCA,2023-01-21,2023,1,305,0,0,23,0.0,0.0754,-1.01,305,0,0,21,0.0,0.0689,-12.93,19.16,5.99,1056.0,0,235.0,0,149.0
DCA,2023-01-22,2023,1,386,2,0,85,0.0052,0.2214,9.48,386,1,0,101,0.0026,0.2623,9.59,19.65,6.99,1176.0,6.0,1016.0,0,3092.0
DCA,2023-01-23,2023,1,415,10,0,85,0.0241,0.2099,9.67,416,9,0,105,0.0216,0.258,10.96,23.85,6.56,1152.0,377.0,1485.0,43.0,2590.0
DCA,2023-01-24,2023,1,417,8,1,41,0.0192,0.1002,-0.18,416,4,0,38,0.0096,0.0922,-4.32,20.12,7.75,836.0,39.0,553.0,0,1011.0
DCA,2023-01-25,2023,1,415,23,0,106,0.0554,0.2704,15.16,415,17,2,139,0.041,0.3492,15.13,21.83,7.77,2176.0,386.0,1579.0,0,3568.0
DCA,2023-01-26,2023,1,416,1,0,60,0.0024,0.1446,3.19,416,4,1,58,0.0096,0.1408,-3.38,21.61,6.67,1241.0,131.0,1084.0,0,1244.0
DCA,2023-01-27,2023,1,416,2,1,53,0.0048,0.128,7.03,416,3,1,60,0.0072,0.1453,-0.65,21.26,7.75,1797.0,0,860.0,0,2350.0
DCA,2023-01-28,2023,1,305,1,1,14,0.0033,0.0461,-3.5,305,2,0,19,0.0066,0.0627,-14.52,16.4,6.3,453.0,0,256.0,0,150.0
DCA,2023-01-29,2023,1,386,3,0,56,0.0078,0.1462,5.32,386,2,1,54,0.0052,0.1406,-0.18,18.78,8.6,1560.0,16.0,782.0,1.0,1774.0
DCA,2023-01-30,2023,1,415,8,2,52,0.0193,0.1278,3.11,416,6,2,59,0.0144,0.1439,-3.35,20.35,7.92,1492.0,0,479.0,0,1267.0
DCA,2023-01-31,2023,1,417,15,1,73,0.036,0.1816,8.95,416,17,0,93,0.0409,0.2331,7.33,22.55,7.27,1957.0,162.0,1622.0,14.0,2397.0
DCA,2023-06-01,2023,6,408,6,0,51,0.0147,0.1269,4.96,406,6,2,53,0.0148,0.1325,4.9,20.84,6.24,1405.0,34.0,384.0,0,1352.0
DCA,2023-06-02,2023,6,408,3,1,49,0.0074,0.121,4.56,408,4,1,53,0.0098,0.1312,0.05,21.56,5.8,956.0,0,1564.0,6.0,879.0
DCA,2023-06-03,2023,6,302,1,2,56,0.0033,0.186,14.73,301,1,0,63,0.0033,0.21,20.91,21.44,6.18,1219.0,100.0,552.0,37.0,3660.0
DCA,2023-06-04,2023,6,381,0,0,66,0.0,0.1732,8.4,383,1,0,73,0.0026,0.1911,6.51,21.14,6.32,1316.0,54.0,732.0,4.0,2292.0
DCA,2023-06-05,2023,6,402,8,1,51,0.0199,0.1294,5.79,402,9,0,55,0.0224,0.1399,-0.16,19.82,5.22,1383.0,0,485.0,0,1549.0
DCA,2023-06-06,2023,6,402,1,2,70,0.0025,0.1746,11.4,402,0,1,72,0.0,0.1791,0.56,23.0,5.75,2530.0,0,1666.0,0,2095.0
DCA,2023-06-07,2023,6,402,6,1,45,0.0149,0.1136,2.21,402,3,1,60,0.0075,0.1504,3.04,22.12,6.51,620.0,108.0,785.0,0,912.0
DCA,2023-06-08,2023,6,402,4,1,76,0.01,0.191,5.81,402,4,1,75,0.01,0.1884,1.3,24.39,6.56,885.0,1.0,1541.0,89.0,1811.0
DCA,2023-06-09,2023,6,402,4,3,54,0.01,0.1357,5.48,402,5,2,58,0.0124,0.1461,-0.56,19.36,6.17,1072.0,0,258.0,0,1575.0
DCA,2023-06-10,2023,6,304,2,2,53,0.0066,0.1755,12.98,302,6,0,42,0.0199,0.1419,-0.09,18.78,6.77,1969.0,138.0,412.0,22.0,2119.0
DCA,2023-06-11,2023,6,376,2,4,51,0.0053,0.1364,4.21,375,2,0,52,0.0053,0.1394,-3.6,17.33,6.45,767.0,0,533.0,0,1389.0
DCA,2023-06-12,2023,6,398,7,0,73,0.0176,0.1867,12.18,398,8,3,80,0.0201,0.2051,11.68,20.21,7.19,2146.0,136.0,1331.0,0,2132.0
DCA,2023-06-13,2023,6,399,4,0,72,0.01,0.1823,7.92,399,5,1,74,0.0125,0.1878,-0.05,19.55,7.42,1171.0,57.0,989.0,0,2339.0
DCA,2023-06-14,2023,6,399,7,1,77,0.0175,0.1964,11.27,399,8,1,72,0.0201,0.1841,3.08,20.74,6.63,1789.0,288.0,1300.0,9.0,2461.0
DCA,2023-06-15,2023,6,396,1,4,66,0.0025,0.1671,16.89,396,0,3,80,0.0,0.202,15.26,21.39,6.28,3577.0,180.0,904.0,0,3267.0
DCA,2023-06-16,2023,6,395,10,1,145,0.0253,0.3766,35.34,395,9,2,157,0.0228,0.4067,30.93,25.59,7.33,3413.0,474.0,4157.0,19.0,6455.0
DCA,2023-06-17,2023,6,297,1,2,55,0.0034,0.1858,14.34,296,1,1,67,0.0034,0.2271,9.82,19.11,5.33,2499.0,0,715.0,0,1834.0
DCA,2023-06-18,2023,6,371,0,2,65,0.0,0.1752,9.34,372,0,0,54,0.0,0.1452,0.11,18.92,6.2,1794.0,0,410.0,0,1951.0
DCA,2023-06-19,2023,6,396,8,5,88,0.0202,0.2268,13.76,396,10,0,86,0.0253,0.2228,9.14,23.66,7.94,1889.0,208.0,1778.0,24.0,3362.0
DCA,2023-06-20,2023,6,392,7,2,66,0.0179,0.1714,7.43,392,6,1,67,0.0153,0.1736,6.19,19.69,6.45,891.0,12.0,741.0,0,2292.0
DCA,2023-06-21,2023,6,392,1,8,89,0.0026,0.2276,18.08,392,1,0,86,0.0026,0.2199,14.85,22.49,6.96,3584.0,14.0,1069.0,0,3060.0
DCA,2023-06-22,2023,6,396,4,1,103,0.0101,0.2628,20.58,396,3,0,95,0.0076,0.2417,19.71,23.03,6.47,2677.0,232.0,1584.0,0,4401.0
DCA,2023-06-23,2023,6,400,20,4,139,0.05,0.3658,38.26,400,16,5,144,0.04,0.375,25.53,31.13,9.59,6504.0,657.0,5327.0,83.0,5246.0
DCA,2023-06-24,2023,6,298,11,0,81,0.0369,0.2822,22.83,297,13,4,80,0.0438,0.2817,17.01,20.57,7.54,2601.0,11.0,886.0,0,3211.0
DCA,2023-06-25,2023,6,372,51,7,118,0.1371,0.3676,52.95,373,46,20,113,0.1233,0.3456,39.64,21.49,8.02,5267.0,0,5711.0,7.0,6710.0
DCA,2023-06-26,2023,6,397,50,2,122,0.1259,0.3516,27.7,396,50,0,111,0.1263,0.3208,26.87,24.27,8.65,3425.0,356.0,3256.0,0,3733.0
DCA,2023-06-27,2023,6,390,61,0,152,0.1564,0.462,43.39,390,58,20,138,0.1487,0.4157,37.12,27.22,11.22,3248.0,2323.0,3313.0,3.0,7160.0
DCA,2023-06-28,2023,6,390,14,0,84,0.0359,0.2234,17.37,390,21,2,79,0.0538,0.2141,11.72,22.68,6.75,3081.0,0,610.0,0,3077.0
DCA,2023-06-29,2023,6,394,6,3,90,0.0152,0.232,12.34,394,5,2,104,0.0127,0.2674,14.06,22.52,7.79,1527.0,0,1236.0,49.0,2271.0
DCA,2023-06-30,2023,6,394,27,1,148,0.0685,0.4033,45.16,394,21,32,154,0.0533,0.4129,41.17,18.83,8.68,3928.0,514.0,660.0,0,10554.0
DCA,2023-07-01,2023,7,302,12,2,89,0.0397,0.3069,35.42,302,16,4,90,0.053,0.3147,33.65,20.79,7.4,2992.0,647.0,1262.0,0,5618.0
DCA,2023-07-02,2023,7,371,9,2,82,0.0243,0.2265,16.86,372,10,0,95,0.0269,0.2624,18.47,19.36,6.73,1908.0,52.0,1119.0,0,3557.0
DCA,2023-07-03,2023,7,350,0,0,46,0.0,0.1314,5.55,351,2,2,52,0.0057,0.149,0.85,20.99,8.56,569.0,539.0,1037.0,0,1462.0
DCA,2023-07-04,2023,7,304,4,0,19,0.0132,0.0633,4.78,302,2,0,22,0.0066,0.0733,-9.27,19.55,6.44,1813.0,40.0,891.0,0,587.0
DCA,2023-07-05,2023,7,390,4,3,110,0.0103,0.285,23.34,389,5,2,114,0.0129,0.2969,14.98,24.16,10.76,2567.0,2199.0,1997.0,0,4128.0
DCA,2023-07-06,2023,7,394,7,0,133,0.0178,0.3437,22.1,395,5,4,127,0.0127,0.3256,14.71,22.61,9.58,2306.0,1389.0,1207.0,0,4471.0
DCA,2023-07-07,2023,7,395,44,2,153,0.1114,0.4359,41.69,395,37,12,150,0.0937,0.419,39.01,22.35,14.92,2839.0,2006.0,3127.0,0,7885.0
DCA,2023-07-08,2023,7,298,4,1,109,0.0134,0.3707,32.17,298,8,3,83,0.0268,0.2862,15.32,21.46,7.57,3065.0,1229.0,2273.0,40.0,4450.0
DCA,2023-07-09,2023,7,372,75,0,117,0.2016,0.3939,44.46,373,73,2,129,0.1957,0.43,39.39,24.57,10.44,4076.0,878.0,3585.0,0,6587.0
DCA,2023-07-10,2023,7,396,11,6,119,0.0278,0.3091,24.69,395,12,5,106,0.0304,0.2768,24.02,21.41,8.01,2658.0,196.0,1636.0,0,5268.0
DCA,2023-07-11,2023,7,393,6,0,66,0.0153,0.1705,7.02,393,3,1,60,0.0076,0.1538,-0.13,19.86,6.96,1083.0,37.0,863.0,0,1704.0
DCA,2023-07-12,2023,7,393,5,1,60,0.0127,0.1546,6.76,393,5,2,65,0.0127,0.1675,1.87,21.7,8.26,987.0,54.0,1356.0,0,1590.0
DCA,2023-07-13,2023,7,397,6,0,82,0.0151,0.2097,12.75,397,2,1,85,0.005,0.2152,9.79,23.51,9.42,1454.0,0,2366.0,25.0,3613.0
DCA,2023-07-14,2023,7,397,72,0,123,0.1814,0.3785,39.66,397,58,21,154,0.1461,0.4543,46.31,26.0,11.56,3231.0,1830.0,2871.0,62.0,6777.0
DCA,2023-07-15,2023,7,300,11,4,122,0.0367,0.4221,40.89,300,20,1,107,0.0667,0.3821,36.37,23.73,8.41,3445.0,448.0,2014.0,0,6916.0
DCA,2023-07-16,2023,7,377,50,3,134,0.1326,0.4098,45.73,378,49,0,141,0.1296,0.4286,38.61,23.42,8.83,4398.0,969.0,4680.0,0,5918.0
DCA,2023-07-17,2023,7,400,11,4,108,0.0275,0.2776,18.1,399,16,2,102,0.0401,0.2663,15.53,20.45,7.18,3038.0,0,1252.0,16.0,3823.0
DCA,2023-07-18,2023,7,393,7,2,102,0.0178,0.2642,19.8,393,12,1,95,0.0305,0.2493,11.88,22.51,7.81,1454.0,174.0,4395.0,0,3309.0
DCA,2023-07-19,2023,7,393,4,1,97,0.0102,0.2494,14.77,393,3,2,121,0.0076,0.3103,12.88,24.15,8.43,2606.0,722.0,1680.0,0,2323.0
DCA,2023-07-20,2023,7,397,5,4,75,0.0126,0.1913,9.98,397,5,1,79,0.0126,0.2015,5.36,24.14,8.34,1977.0,907.0,1993.0,0,1520.0
DCA,2023-07-21,2023,7,397,4,3,99,0.0101,0.2519,17.73,397,5,2,98,0.0126,0.25,11.33,24.17,7.0,2246.0,0,2414.0,0,3428.0
DCA,2023-07-22,2023,7,300,2,1,47,0.0067,0.1577,7.68,300,1,2,54,0.0033,0.1806,3.87,19.45,6.85,1315.0,0,653.0,29.0,1293.0
DCA,2023-07-23,2023,7,377,2,1,88,0.0053,0.2347,18.73,378,2,0,83,0.0053,0.2207,13.49,19.71,8.3,2428.0,33.0,1457.0,0,4406.0
DCA,2023-07-24,2023,7,400,4,1,135,0.01,0.3409,25.26,399,4,2,147,0.01,0.3722,19.98,18.88,7.43,2223.0,0,996.0,4.0,6708.0
DCA,2023-07-25,2023,7,393,25,0,130,0.0636,0.3533,34.9,396,24,4,128,0.0606,0.3441,22.0,24.61,9.54,3638.0,1536.0,4194.0,26.0,5259.0
DCA,2023-07-26,2023,7,395,6,4,88,0.0152,0.2262,16.69,395,8,0,105,0.0203,0.2713,13.29,18.94,8.98,2624.0,18.0,518.0,8.0,3470.0
DCA,2023-07-27,2023,7,400,44,1,105,0.11,0.2949,22.99,400,42,0,93,0.105,0.2598,16.01,20.5,8.98,2894.0,1009.0,2076.0,0,3174.0
DCA,2023-07-28,2023,7,400,25,4,143,0.0625,0.3813,38.98,400,19,8,140,0.0475,0.3675,37.03,24.92,10.32,2439.0,3093.0,3921.0,4.0,6757.0
DCA,2023-07-29,2023,7,307,38,0,131,0.1238,0.487,67.42,307,27,13,108,0.0879,0.3857,60.52,22.97,11.22,5206.0,4003.0,2643.0,0,6829.0
DCA,2023-07-30,2023,7,380,3,1,109,0.0079,0.2891,22.96,381,12,0,89,0.0315,0.2412,11.68,20.15,7.82,2963.0,618.0,667.0,0,4222.0
DCA,2023-07-31,2023,7,405,2,2,82,0.0049,0.2035,14.13,405,2,1,91,0.0049,0.2258,6.67,19.23,7.18,2382.0,608.0,357.0,0,2357.0
DCA,2023-12-01,2023,12,411,0,0,87,0.0,0.2117,15.09,412,0,2,83,0.0,0.2015,7.54,18.55,7.85,2658.0,70.0,488.0,0,3645.0
DCA,2023-12-02,2023,12,296,0,0,28,0.0,0.0946,1.7,296,0,3,32,0.0,0.1081,-8.1,20.6,6.18,344.0,673.0,545.0,0,689.0
DCA,2023-12-03,2023,12,392,7,0,134,0.0179,0.3481,38.33,392,6,18,163,0.0153,0.4223,35.11,21.06,7.4,3201.0,1638.0,1344.0,0,9983.0
DCA,2023-12-04,2023,12,409,0,2,44,0.0,0.1076,2.5,407,1,0,62,0.0025,0.1527,0.63,19.91,7.24,1291.0,0,307.0,0,1058.0
DCA,2023-12-05,2023,12,399,0,0,29,0.0,0.0727,-0.8,398,0,2,32,0.0,0.0804,-9.73,20.66,6.4,669.0,0,202.0,0,945.0
DCA,2023-12-06,2023,12,404,0,0,59,0.0,0.146,7.84,405,0,0,58,0.0,0.1432,-2.52,21.35,5.99,2293.0,0,281.0,0,1512.0
DCA,2023-12-07,2023,12,409,0,0,43,0.0,0.1051,3.29,410,0,0,50,0.0,0.122,-1.04,19.44,7.59,1028.0,0,189.0,0,946.0
DCA,2023-12-08,2023,12,410,0,1,52,0.0,0.1268,3.55,410,0,0,46,0.0,0.1122,-4.51,17.71,7.0,1001.0,0,29.0,0,756.0
DCA,2023-12-09,2023,12,297,1,1,31,0.0034,0.1047,1.97,297,1,0,32,0.0034,0.1081,-8.69,17.31,6.7,386.0,13.0,114.0,1.0,1003.0
DCA,2023-12-10,2023,12,392,5,2,173,0.0128,0.447,35.72,392,3,5,214,0.0077,0.5501,34.22,24.97,8.12,3710.0,267.0,2092.0,0,8695.0
DCA,2023-12-11,2023,12,411,0,0,80,0.0,0.1946,7.4,411,3,0,83,0.0073,0.2034,3.12,22.4,6.6,937.0,90.0,848.0,4.0,1983.0
DCA,2023-12-12,2023,12,404,1,0,33,0.0025,0.0819,0.15,402,1,0,30,0.0025,0.0748,-9.1,18.49,7.03,853.0,0,195.0,0,495.0
DCA,2023-12-13,2023,12,406,0,0,41,0.0,0.101,0.39,407,0,0,43,0.0,0.1057,-3.67,20.65,6.34,606.0,0,278.0,0,640.0
DCA,2023-12-14,2023,12,410,0,0,61,0.0,0.1488,6.19,412,0,0,68,0.0,0.165,1.09,20.26,8.05,1445.0,0,338.0,0,745.0
DCA,2023-12-15,2023,12,409,0,1,63,0.0,0.154,6.1,408,0,1,55,0.0,0.1348,-2.85,20.63,7.09,1079.0,0,156.0,0,1142.0
DCA,2023-12-16,2023,12,299,0,0,48,0.0,0.1605,8.29,298,0,0,36,0.0,0.1208,1.76,20.03,6.49,1309.0,65.0,185.0,0,1302.0
DCA,2023-12-17,2023,12,388,3,2,91,0.0077,0.2364,12.36,390,2,3,101,0.0051,0.2603,8.69,22.5,6.73,889.0,278.0,788.0,0,3103.0
DCA,2023-12-18,2023,12,404,18,3,77,0.0446,0.1995,16.51,404,20,0,71,0.0495,0.1849,13.8,20.79,5.74,1181.0,106.0,1646.0,0,3802.0
DCA,2023-12-19,2023,12,404,1,0,68,0.0025,0.1687,7.91,404,2,0,59,0.005,0.1468,0.91,21.43,6.7,1030.0,0,195.0,41.0,2042.0
DCA,2023-12-20,2023,12,361,0,1,38,0.0,0.1053,5.66,362,0,0,30,0.0,0.0829,-5.17,18.57,6.14,889.0,0,3.0,0,1429.0
DCA,2023-12-21,2023,12,362,0,1,33,0.0,0.0912,0.9,362,0,0,36,0.0,0.0994,-5.58,18.89,6.76,251.0,0,38.0,0,545.0
DCA,2023-12-22,2023,12,363,0,0,48,0.0,0.1322,6.06,361,0,0,49,0.0,0.1357,-3.18,17.24,6.58,976.0,627.0,178.0,0,637.0
DCA,2023-12-23,2023,12,297,2,0,50,0.0067,0.1695,5.61,298,1,0,52,0.0034,0.1751,1.95,18.26,6.41,612.0,0,144.0,0,908.0
DCA,2023-12-24,2023,12,244,3,3,42,0.0123,0.1743,6.05,241,6,1,22,0.0249,0.0936,-6.49,16.2,5.6,467.0,5.0,383.0,0,615.0
DCA,2023-12-25,2023,12,249,2,2,39,0.008,0.1579,5.37,251,2,0,27,0.008,0.1084,-5.54,17.79,6.33,403.0,0,80.0,0,923.0
DCA,2023-12-26,2023,12,326,6,1,80,0.0184,0.25,24.87,326,2,1,73,0.0061,0.2253,11.81,19.97,6.47,3018.0,955.0,1161.0,0,3103.0
DCA,2023-12-27,2023,12,306,3,4,76,0.0098,0.2508,11.2,306,7,0,79,0.0229,0.2642,13.39,21.22,7.23,1091.0,58.0,1251.0,0,1672.0
DCA,2023-12-28,2023,12,306,1,2,78,0.0033,0.2557,11.77,306,4,0,66,0.0131,0.2185,10.08,19.18,6.14,1346.0,130.0,987.0,40.0,1546.0
DCA,2023-12-29,2023,12,306,1,0,32,0.0033,0.1049,4.34,306,0,0,41,0.0,0.134,-5.2,17.74,5.45,1394.0,0,301.0,33.0,539.0
DCA,2023-12-30,2023,12,288,0,0,31,0.0,0.1076,4.4,287,0,1,39,0.0,0.1359,10.72,17.99,5.24,440.0,2.0,245.0,0,1498.0
DCA,2023-12-31,2023,12,252,0,1,39,0.0,0.1548,8.63,252,0,0,30,0.0,0.119,2.29,15.13,5.56,1215.0,0,17.0,0,1478.0
DCA,2024-01-01,2024,1,306,0,0,52,0.0,0.1699,6.62,307,0,0,46,0.0,0.1498,-1.85,18.15,6.64,1186.0,16.0,69.0,0,956.0
DCA,2024-01-02,2024,1,322,0,0,38,0.0,0.118,2.44,321,0,0,58,0.0,0.1807,-0.97,18.61,6.14,446.0,0,155.0,0,783.0
DCA,2024-01-03,2024,1,300,0,0,37,0.0,0.1233,3.12,300,0,0,35,0.0,0.1167,-5.72,17.42,5.74,826.0,0,294.0,39.0,548.0
DCA,2024-01-04,2024,1,297,0,0,27,0.0,0.0909,1.49,296,0,0,33,0.0,0.1115,-2.32,16.67,5.52,768.0,0,21.0,0,487.0
DCA,2024-01-05,2024,1,297,0,0,34,0.0,0.1145,2.14,297,0,1,29,0.0,0.0976,-7.22,16.39,6.06,1154.0,21.0,68.0,0,334.0
DCA,2024-01-06,2024,1,265,5,0,49,0.0189,0.1885,5.97,267,3,1,64,0.0112,0.2424,9.2,19.09,6.15,716.0,98.0,822.0,41.0,938.0
DCA,2024-01-07,2024,1,349,11,1,96,0.0315,0.284,24.51,350,15,0,91,0.0429,0.2716,13.1,19.67,7.07,1952.0,330.0,2247.0,6.0,5301.0
DCA,2024-01-08,2024,1,401,1,2,79,0.0025,0.1975,10.45,400,1,0,93,0.0025,0.2331,10.28,19.75,6.62,1697.0,156.0,1462.0,0,3075.0
DCA,2024-01-09,2024,1,403,69,3,117,0.1712,0.3503,28.63,401,60,5,160,0.1496,0.4692,44.21,20.19,7.53,1264.0,639.0,2526.0,0,6232.0
DCA,2024-01-10,2024,1,404,8,1,66,0.0198,0.1667,9.27,406,14,0,76,0.0345,0.1939,5.88,20.09,6.91,1559.0,0,303.0,19.0,2666.0
DCA,2024-01-11,2024,1,406,2,3,44,0.0049,0.1089,2.59,406,0,0,54,0.0,0.133,-1.97,20.5,7.26,538.0,22.0,806.0,49.0,1147.0
DCA,2024-01-12,2024,1,407,24,1,108,0.059,0.282,21.42,407,20,4,122,0.0491,0.3152,15.58,20.9,7.99,1856.0,642.0,3489.0,0,3987.0
DCA,2024-01-13,2024,1,301,11,0,75,0.0365,0.2586,14.67,301,11,1,76,0.0365,0.2621,8.39,19.1,6.14,2025.0,63.0,815.0,0,2220.0
DCA,2024-01-14,2024,1,379,17,2,97,0.0449,0.268,13.8,379,14,2,117,0.0369,0.3205,19.81,20.44,6.63,1571.0,286.0,1838.0,0,3384.0
DCA,2024-01-15,2024,1,408,138,1,171,0.3382,0.6333,92.24,408,114,28,191,0.2794,0.6497,102.5,64.89,38.84,2212.0,12882.0,12726.0,0,9158.0
DCA,2024-01-16,2024,1,403,164,1,155,0.4069,0.6485,73.06,401,180,0,139,0.4489,0.629,86.68,34.63,11.01,4300.0,3932.0,4737.0,0,8031.0
DCA,2024-01-17,2024,1,404,27,0,94,0.0668,0.2493,11.88,406,33,0,95,0.0813,0.2547,8.77,20.11,7.79,1918.0,17.0,865.0,5.0,2534.0
DCA,2024-01-18,2024,1,406,5,0,72,0.0123,0.1796,7.35,406,5,0,79,0.0123,0.197,3.24,19.88,8.63,1280.0,0,642.0,0,2221.0
DCA,2024-01-19,2024,1,408,113,1,261,0.277,0.8847,110.59,408,114,8,212,0.2794,0.7211,90.79,48.4,12.66,3582.0,12339.0,7626.0,11.0,16032.0
DCA,2024-01-20,2024,1,302,2,0,83,0.0066,0.2767,19.29,302,1,0,69,0.0033,0.2292,9.88,19.14,6.25,2500.0,27.0,485.0,0,2836.0
DCA,2024-01-21,2024,1,384,1,0,83,0.0026,0.2167,15.53,384,2,1,99,0.0052,0.2592,11.24,19.49,6.56,2335.0,0,256.0,6.0,3253.0
DCA,2024-01-22,2024,1,408,10,0,86,0.0245,0.2161,13.99,408,9,1,84,0.0221,0.2105,3.96,19.61,7.99,3069.0,134.0,358.0,0,2311.0
DCA,2024-01-23,2024,1,403,4,1,57,0.0099,0.1429,3.38,401,4,0,68,0.01,0.1713,-1.86,20.82,8.07,383.0,603.0,624.0,0,1517.0
DCA,2024-01-24,2024,1,404,15,1,63,0.0371,0.162,7.08,406,10,0,76,0.0246,0.1919,7.01,19.33,8.98,986.0,21.0,698.0,0,2065.0
DCA,2024-01-25,2024,1,406,19,1,73,0.0468,0.1886,10.12,406,26,16,79,0.064,0.2079,7.71,20.37,7.84,1918.0,161.0,383.0,0,1660.0
DCA,2024-01-26,2024,1,408,4,0,90,0.0098,0.2228,12.72,408,1,0,78,0.0025,0.1916,10.38,20.49,8.01,1430.0,0,445.0,23.0,3319.0
DCA,2024-01-27,2024,1,302,1,0,32,0.0033,0.1063,4.64,302,5,0,34,0.0166,0.1145,-4.41,18.54,6.22,1152.0,54.0,219.0,0,1313.0
DCA,2024-01-28,2024,1,384,1,2,81,0.0026,0.2115,11.86,384,0,0,81,0.0,0.2109,7.21,20.96,6.54,2504.0,29.0,300.0,46.0,1979.0
DCA,2024-01-29,2024,1,408,0,0,41,0.0,0.1005,1.54,408,1,0,58,0.0025,0.1425,1.2,22.34,7.05,838.0,0,305.0,0,1030.0
DCA,2024-01-30,2024,1,406,1,0,38,0.0025,0.0938,-0.87,404,1,0,66,0.0025,0.1638,-2.26,19.23,7.02,384.0,0,220.0,0,939.0
DCA,2024-01-31,2024,1,405,1,0,38,0.0025,0.0941,1.94,407,0,1,57,0.0,0.14,0.41,20.25,6.65,853.0,19.0,144.0,0,938.0
DCA,2024-06-01,2024,6,294,2,0,53,0.0068,0.1815,8.0,294,1,0,61,0.0034,0.2082,14.06,19.15,7.71,965.0,14.0,583.0,0,1605.0
DCA,2024-06-02,2024,6,385,1,4,68,0.0026,0.1771,9.47,385,2,2,77,0.0052,0.201,10.27,17.4,7.01,906.0,0,573.0,0,2854.0
DCA,2024-06-03,2024,6,401,2,1,65,0.005,0.1629,9.01,401,0,2,82,0.0,0.2045,9.3,19.89,6.55,872.0,0,399.0,0,3177.0
DCA,2024-06-04,2024,6,395,3,1,74,0.0076,0.1888,10.28,392,2,4,93,0.0051,0.2385,21.03,21.25,7.96,1712.0,0,836.0,0,2513.0
DCA,2024-06-05,2024,6,390,17,1,118,0.0436,0.3164,22.08,394,19,2,128,0.0482,0.3413,21.1,22.7,8.86,2536.0,884.0,1892.0,0,4272.0
DCA,2024-06-06,2024,6,401,4,4,101,0.01,0.2544,24.21,401,2,4,91,0.005,0.2281,12.66,21.3,9.14,1439.0,1409.0,2556.0,10.0,4832.0
DCA,2024-06-07,2024,6,401,0,1,104,0.0,0.2594,21.28,402,1,3,91,0.0025,0.2269,15.95,21.93,9.21,3178.0,31.0,1151.0,19.0,4664.0
DCA,2024-06-08,2024,6,300,0,1,41,0.0,0.1367,7.48,297,0,0,41,0.0,0.138,1.62,18.81,6.84,847.0,0,327.0,3.0,1976.0
DCA,2024-06-09,2024,6,383,1,0,57,0.0026,0.1492,5.64,386,0,0,67,0.0,0.1736,2.04,21.56,7.64,909.0,82.0,950.0,0,1749.0
DCA,2024-06-10,2024,6,402,2,2,61,0.005,0.1525,8.4,402,2,2,49,0.005,0.1225,4.6,20.82,6.9,1943.0,70.0,349.0,13.0,2085.0
DCA,2024-06-11,2024,6,398,2,1,67,0.005,0.1692,9.74,397,2,0,73,0.005,0.1848,7.01,23.87,7.85,1351.0,24.0,2199.0,0,2103.0
DCA,2024-06-12,2024,6,398,17,3,66,0.0427,0.1732,11.32,399,17,1,67,0.0426,0.1754,7.1,20.46,8.65,1755.0,0,953.0,0,2067.0
DCA,2024-06-13,2024,6,403,10,2,70,0.0248,0.1781,12.02,402,12,0,71,0.0299,0.1821,9.61,19.42,8.59,2192.0,105.0,500.0,0,2506.0
DCA,2024-06-14,2024,6,402,7,1,98,0.0174,0.2481,16.3,402,6,1,87,0.0149,0.2197,8.08,23.16,8.79,2267.0,263.0,2010.0,0,3126.0
DCA,2024-06-15,2024,6,300,3,1,49,0.01,0.165,8.74,297,4,1,42,0.0135,0.1433,-1.59,17.91,5.73,663.0,13.0,119.0,0,1856.0
DCA,2024-06-16,2024,6,383,0,1,60,0.0,0.1567,9.22,386,0,0,69,0.0,0.1788,6.53,19.38,7.25,1146.0,118.0,1317.0,0,1943.0
DCA,2024-06-17,2024,6,402,2,0,81,0.005,0.2025,12.09,405,2,0,81,0.0049,0.201,4.2,18.77,7.79,1727.0,39.0,429.0,0,3326.0
DCA,2024-06-18,2024,6,405,1,3,54,0.0025,0.1337,5.48,404,0,0,71,0.0,0.1757,0.99,20.74,8.64,975.0,0,529.0,43.0,1704.0
DCA,2024-06-19,2024,6,403,1,1,53,0.0025,0.1318,4.88,404,2,0,69,0.005,0.1716,4.56,18.54,8.71,670.0,0,326.0,0,1640.0
DCA,2024-06-20,2024,6,405,3,5,58,0.0074,0.1443,7.09,405,3,0,63,0.0074,0.1567,2.32,18.89,7.64,644.0,0,807.0,0,2338.0
DCA,2024-06-21,2024,6,405,2,0,94,0.0049,0.2333,21.37,405,2,1,87,0.0049,0.2159,7.55,19.29,7.77,2902.0,0,848.0,0,5118.0
DCA,2024-06-22,2024,6,303,3,1,64,0.0099,0.2133,19.7,302,2,2,64,0.0066,0.2133,12.25,18.12,7.18,2156.0,57.0,1512.0,0,2844.0
DCA,2024-06-23,2024,6,388,16,2,113,0.0412,0.3038,26.36,389,12,0,139,0.0308,0.3687,31.81,20.69,12.5,2220.0,427.0,2394.0,8.0,5384.0
DCA,2024-06-24,2024,6,405,6,1,135,0.0148,0.3383,25.83,405,6,1,131,0.0148,0.3283,27.86,22.58,8.52,3293.0,414.0,1010.0,18.0,5784.0
DCA,2024-06-25,2024,6,404,3,1,143,0.0074,0.3566,25.49,403,4,1,147,0.0099,0.3684,23.47,20.32,9.92,2151.0,180.0,1896.0,0,6310.0
DCA,2024-06-26,2024,6,404,25,1,115,0.0619,0.3034,32.91,405,16,20,102,0.0395,0.2622,23.88,26.82,13.14,1658.0,6354.0,3383.0,66.0,3553.0
DCA,2024-06-27,2024,6,404,3,4,104,0.0074,0.2594,19.78,404,9,0,98,0.0223,0.2481,9.82,20.84,8.99,4483.0,0,619.0,0,2683.0
DCA,2024-06-28,2024,6,405,0,1,77,0.0,0.1901,8.74,405,0,1,92,0.0,0.2272,9.14,19.93,7.64,1032.0,20.0,802.0,3.0,2151.0
DCA,2024-06-29,2024,6,302,3,3,61,0.0099,0.204,10.03,301,2,2,59,0.0066,0.1973,7.12,19.09,6.95,682.0,0,949.0,28.0,1924.0
DCA,2024-06-30,2024,6,386,35,4,124,0.0907,0.3533,28.95,387,34,3,121,0.0879,0.3428,30.01,22.14,10.02,1942.0,796.0,2261.0,27.0,6166.0
DCA,2024-12-01,2024,12,411,0,0,95,0.0,0.2311,14.89,412,0,0,98,0.0,0.2379,9.37,19.82,7.58,3271.0,0,796.0,0,2227.0
DCA,2024-12-02,2024,12,415,0,0,109,0.0,0.2627,14.37,416,0,1,109,0.0,0.262,14.06,22.35,7.0,1647.0,10.0,815.0,20.0,3669.0
DCA,2024-12-03,2024,12,415,0,1,81,0.0,0.1952,7.89,415,0,0,87,0.0,0.2096,6.23,20.4,6.43,619.0,0,266.0,0,2496.0
DCA,2024-12-04,2024,12,412,0,2,56,0.0,0.1359,3.53,411,0,0,82,0.0,0.1995,0.66,19.84,7.58,553.0,16.0,654.0,0,1317.0
DCA,2024-12-05,2024,12,414,3,0,142,0.0072,0.3455,24.14,414,3,2,145,0.0072,0.3528,15.12,22.6,8.29,3111.0,879.0,2067.0,0,4633.0
DCA,2024-12-06,2024,12,416,0,0,82,0.0,0.1971,12.52,416,0,1,78,0.0,0.1875,2.01,21.34,7.3,1372.0,0,602.0,0,3701.0
DCA,2024-12-07,2024,12,306,0,0,37,0.0,0.1209,0.86,306,0,0,32,0.0,0.1046,-3.22,19.52,5.86,554.0,0,261.0,0,429.0
DCA,2024-12-08,2024,12,402,2,0,72,0.005,0.18,10.44,402,3,0,80,0.0075,0.2005,2.52,19.84,6.84,2193.0,3.0,420.0,0,1935.0
DCA,2024-12-09,2024,12,416,0,0,55,0.0,0.1322,2.05,416,0,1,70,0.0,0.1683,2.38,20.32,7.32,649.0,0,361.0,0,1117.0
DCA,2024-12-10,2024,12,416,6,2,137,0.0144,0.3341,16.85,416,4,4,189,0.0096,0.4587,18.64,25.7,7.46,2087.0,122.0,1745.0,0,4626.0
DCA,2024-12-11,2024,12,416,49,0,167,0.1178,0.455,54.69,416,46,17,209,0.1106,0.5649,71.48,21.6,9.18,2367.0,969.0,2449.0,0,15065.0
DCA,2024-12-12,2024,12,416,0,0,94,0.0,0.226,11.47,416,3,0,87,0.0072,0.2107,6.58,20.12,7.27,1008.0,1.0,753.0,0,3470.0
DCA,2024-12-13,2024,12,416,0,0,69,0.0,0.1659,7.5,416,0,0,62,0.0,0.149,1.82,20.76,7.01,1679.0,0,532.0,0,1564.0
DCA,2024-12-14,2024,12,306,2,0,49,0.0065,0.1612,11.86,306,2,0,41,0.0065,0.1349,2.46,18.39,5.98,1068.0,0,190.0,0,2850.0
DCA,2024-12-15,2024,12,402,1,1,77,0.0025,0.192,12.39,402,2,0,55,0.005,0.1375,1.75,21.59,7.25,1170.0,178.0,572.0,0,3561.0
DCA,2024-12-16,2024,12,416,15,0,170,0.0361,0.4239,32.23,416,14,19,178,0.0337,0.4428,33.49,23.71,7.1,2568.0,150.0,1722.0,16.0,9295.0
DCA,2024-12-17,2024,12,416,3,0,50,0.0072,0.1211,4.67,416,3,0,68,0.0072,0.1646,-0.2,23.2,6.29,824.0,5.0,578.0,0,1946.0
DCA,2024-12-18,2024,12,414,0,4,117,0.0,0.2826,16.41,412,0,0,110,0.0,0.267,9.39,23.84,9.57,2697.0,48.0,1629.0,15.0,3293.0
DCA,2024-12-19,2024,12,380,0,3,74,0.0,0.1947,16.37,378,2,0,73,0.0053,0.1941,6.49,20.58,6.32,2763.0,0,596.0,0,3350.0
DCA,2024-12-20,2024,12,377,6,3,118,0.0159,0.3181,26.41,376,7,1,125,0.0186,0.3388,17.04,20.07,6.3,2900.0,249.0,2878.0,0,3552.0
DCA,2024-12-21,2024,12,296,2,1,96,0.0068,0.3265,19.31,293,5,1,91,0.0171,0.316,17.47,17.38,5.57,1533.0,112.0,630.0,0,2596.0
DCA,2024-12-22,2024,12,343,1,0,74,0.0029,0.2164,9.19,344,1,0,70,0.0029,0.2041,3.69,19.19,6.01,1010.0,0,370.0,0,1911.0
DCA,2024-12-23,2024,12,352,0,0,88,0.0,0.25,15.2,352,0,1,70,0.0,0.1989,20.37,17.73,6.55,1166.0,107.0,282.0,23.0,3172.0
DCA,2024-12-24,2024,12,251,0,0,137,0.0,0.5458,45.94,249,2,0,124,0.008,0.502,50.95,26.52,8.42,2671.0,2006.0,2828.0,0,4991.0
DCA,2024-12-25,2024,12,219,1,0,14,0.0046,0.0642,-0.01,221,0,0,19,0.0,0.086,-11.93,14.62,5.49,349.0,0,32.0,0,152.0
DCA,2024-12-26,2024,12,338,3,5,91,0.0089,0.2716,17.96,338,3,0,80,0.0089,0.2388,12.97,20.71,7.66,1164.0,67.0,921.0,0,3190.0
DCA,2024-12-27,2024,12,338,0,1,94,0.0,0.2781,19.51,338,1,0,87,0.003,0.2582,13.08,19.82,6.8,1837.0,0,1087.0,0,3624.0
DCA,2024-12-28,2024,12,291,1,1,93,0.0034,0.3207,21.08,291,1,1,85,0.0034,0.2931,18.58,21.1,6.44,1360.0,272.0,1946.0,0,3250.0
DCA,2024-12-29,2024,12,332,0,4,123,0.0,0.3705,24.92,332,3,1,118,0.009,0.3587,25.08,19.08,6.14,1416.0,528.0,1502.0,0,4590.0
DCA,2024-12-30,2024,12,339,0,1,52,0.0,0.1534,4.06,339,0,0,47,0.0,0.1386,-1.99,19.06,6.01,785.0,0,138.0,0,1032.0
DCA,2024-12-31,2024,12,265,0,0,26,0.0,0.0981,4.17,265,0,1,26,0.0,0.0981,-6.96,19.4,6.89,483.0,107.0,673.0,0,1185.0
DTW,2016-01-01,2016,1,219,0,0,33,0.0,0.1507,5.7,215,0,0,41,0.0,0.1907,2.68,29.26,8.15,753.0,14.0,1654.0,0,316.0
DTW,2016-01-02,2016,1,293,1,0,46,0.0034,0.1575,6.3,292,1,1,48,0.0034,0.1649,1.38,17.16,7.95,610.0,24.0,253.0,118.0,513.0
DTW,2016-01-03,2016,1,298,0,0,51,0.0,0.1711,11.2,295,0,0,51,0.0,0.1729,6.17,18.09,8.11,1178.0,0,871.0,0,1526.0
DTW,2016-01-04,2016,1,288,0,0,57,0.0,0.1979,8.99,297,0,0,53,0.0,0.1785,4.78,21.66,8.54,811.0,19.0,842.0,40.0,888.0
DTW,2016-01-05,2016,1,317,1,0,37,0.0032,0.1171,4.8,314,1,0,32,0.0032,0.1022,-5.83,18.03,7.5,772.0,0,737.0,0,171.0
DTW,2016-01-06,2016,1,321,0,0,29,0.0,0.0903,1.71,319,0,0,26,0.0,0.0815,-8.78,17.28,7.71,461.0,70.0,427.0,0,299.0
DTW,2016-01-07,2016,1,330,0,1,29,0.0,0.0879,-0.07,329,0,0,23,0.0,0.0699,-11.62,15.93,7.78,324.0,0,19.0,0,189.0
DTW,2016-01-08,2016,1,324,1,1,33,0.0031,0.1022,2.67,326,0,0,33,0.0,0.1012,-3.93,17.42,8.38,746.0,152.0,160.0,0,464.0
DTW,2016-01-09,2016,1,231,0,0,22,0.0,0.0952,1.26,227,0,1,26,0.0,0.1145,-2.15,16.0,7.47,278.0,0,117.0,0,181.0
DTW,2016-01-10,2016,1,309,37,1,211,0.1197,0.7757,95.3,302,31,23,153,0.1026,0.5646,69.53,41.27,12.02,5430.0,7085.0,5424.0,0,10989.0
DTW,2016-01-11,2016,1,332,1,2,93,0.003,0.281,16.58,332,7,0,76,0.0211,0.2338,9.61,28.03,9.39,2287.0,17.0,1893.0,0,2340.0
DTW,2016-01-12,2016,1,328,8,2,74,0.0244,0.2313,19.47,326,2,0,84,0.0061,0.2593,17.08,33.9,9.24,3244.0,174.0,2374.0,0,2319.0
DTW,2016-01-13,2016,1,331,2,0,51,0.006,0.155,12.37,329,4,0,60,0.0122,0.1846,8.36,32.91,9.34,1742.0,38.0,2711.0,0,2345.0
DTW,2016-01-14,2016,1,339,0,0,48,0.0,0.1416,6.28,338,2,0,42,0.0059,0.125,-1.21,22.52,8.46,1390.0,12.0,414.0,24.0,573.0
DTW,2016-01-15,2016,1,338,2,2,63,0.0059,0.1875,9.42,340,1,0,48,0.0029,0.1416,0.95,17.27,8.04,1767.0,113.0,574.0,0,683.0
DTW,2016-01-16,2016,1,223,3,0,34,0.0135,0.1545,10.02,221,1,0,27,0.0045,0.1227,-0.55,18.55,7.7,651.0,244.0,465.0,0,1161.0
DTW,2016-01-17,2016,1,235,0,0,38,0.0,0.1617,6.27,231,2,1,40,0.0087,0.1747,2.1,26.82,8.96,801.0,16.0,1118.0,0,663.0
DTW,2016-01-18,2016,1,329,2,1,62,0.0061,0.1896,10.73,335,3,0,60,0.009,0.1807,1.64,19.52,7.85,1528.0,156.0,550.0,0,1045.0
DTW,2016-01-19,2016,1,329,2,1,47,0.0061,0.1437,6.73,328,4,0,30,0.0122,0.0926,-1.46,17.48,8.11,1244.0,0,396.0,0,744.0
DTW,2016-01-20,2016,1,331,1,2,51,0.003,0.1545,4.97,328,1,0,50,0.003,0.1529,3.72,27.35,8.12,664.0,48.0,964.0,0,963.0
DTW,2016-01-21,2016,1,340,3,0,69,0.0088,0.2047,13.3,339,2,0,58,0.0059,0.1721,4.46,29.18,8.04,2655.0,35.0,1291.0,0,1674.0
DTW,2016-01-22,2016,1,337,39,0,53,0.1157,0.1779,9.59,340,34,0,53,0.1,0.1732,1.64,19.95,8.3,1001.0,234.0,1431.0,0,496.0
DTW,2016-01-23,2016,1,236,32,1,35,0.1356,0.1716,7.79,232,37,0,39,0.1595,0.2,3.52,16.19,7.46,582.0,0,467.0,0,647.0
DTW,2016-01-24,2016,1,312,28,0,31,0.0897,0.1092,5.43,313,35,0,37,0.1118,0.1331,0.1,16.92,7.94,759.0,326.0,260.0,0,440.0
DTW,2016-01-25,2016,1,336,7,0,50,0.0208,0.152,8.69,337,12,0,33,0.0356,0.1015,-5.02,16.37,7.67,1314.0,366.0,497.0,0,554.0
DTW,2016-01-26,2016,1,326,0,1,51,0.0,0.1564,9.79,327,1,0,46,0.0031,0.1411,0.75,18.23,7.6,1293.0,98.0,251.0,0,1852.0
DTW,2016-01-27,2016,1,331,1,2,32,0.003,0.097,2.58,328,0,0,34,0.0,0.1037,-2.91,20.32,7.58,834.0,0,158.0,0,522.0
DTW,2016-01-28,2016,1,342,2,1,46,0.0058,0.1353,6.25,341,2,0,32,0.0059,0.0944,-4.02,23.21,8.02,1764.0,14.0,459.0,0,569.0
DTW,2016-01-29,2016,1,339,0,0,30,0.0,0.0885,3.79,342,1,0,22,0.0029,0.0645,-6.49,16.49,7.84,1609.0,0,242.0,16.0,76.0
DTW,2016-01-30,2016,1,237,0,0,13,0.0,0.0549,2.12,235,0,0,10,0.0,0.0426,-12.54,15.05,7.16,906.0,0,78.0,0,259.0
DTW,2016-01-31,2016,1,308,2,2,28,0.0065,0.0915,2.72,305,2,0,20,0.0066,0.066,-6.47,16.4,8.2,1021.0,0,133.0,0,202.0
DTW,2017-01-01,2017,1,234,1,0,19,0.0043,0.0815,2.86,233,1,0,23,0.0043,0.0991,-3.68,17.89,7.41,440.0,0,376.0,0,88.0
DTW,2017-01-02,2017,1,299,3,1,45,0.01,0.152,9.07,304,1,0,53,0.0033,0.1749,4.26,18.57,8.17,1209.0,146.0,1417.0,0,651.0
DTW,2017-01-03,2017,1,291,3,1,51,0.0103,0.1771,12.95,292,8,0,47,0.0274,0.1655,3.83,16.25,8.4,1790.0,106.0,1151.0,0,768.0
DTW,2017-01-04,2017,1,284,2,2,65,0.007,0.2305,13.56,284,2,0,71,0.007,0.2518,9.28,28.4,8.29,1673.0,200.0,2449.0,0,1382.0
DTW,2017-01-05,2017,1,289,1,0,72,0.0035,0.25,11.66,288,1,0,76,0.0035,0.2648,14.4,26.74,8.46,1758.0,49.0,1702.0,0,1073.0
DTW,2017-01-06,2017,1,290,5,1,57,0.0172,0.2,9.01,290,6,0,59,0.0207,0.2077,3.54,22.39,7.51,1523.0,147.0,1095.0,0,670.0
DTW,2017-01-07,2017,1,236,13,0,76,0.0551,0.3408,36.87,233,16,0,85,0.0687,0.3917,26.13,30.05,8.08,2883.0,898.0,3992.0,0,1757.0
DTW,2017-01-08,2017,1,316,6,0,99,0.019,0.3194,24.39,320,7,1,95,0.0219,0.3035,19.04,18.91,8.29,2902.0,232.0,1494.0,0,1553.0
DTW,2017-01-09,2017,1,346,1,0,76,0.0029,0.2203,13.1,349,2,0,79,0.0057,0.2277,9.88,17.39,7.62,2269.0,0,814.0,0,777.0
DTW,2017-01-10,2017,1,338,19,3,132,0.0562,0.4138,30.23,340,17,0,137,0.05,0.4241,29.23,34.62,9.63,3858.0,260.0,4483.0,0,3500.0
DTW,2017-01-11,2017,1,348,4,0,53,0.0115,0.1541,9.36,344,13,0,45,0.0378,0.136,4.74,18.26,7.85,1654.0,366.0,625.0,0,1015.0
DTW,2017-01-12,2017,1,354,6,0,60,0.0169,0.1724,9.51,355,5,0,56,0.0141,0.16,7.04,17.98,8.52,1409.0,0,1375.0,0,1216.0
DTW,2017-01-13,2017,1,354,4,1,63,0.0113,0.18,9.44,357,4,0,46,0.0112,0.1303,-4.12,16.07,7.81,1884.0,71.0,516.0,0,571.0
DTW,2017-01-14,2017,1,224,7,0,17,0.0312,0.0783,2.26,224,3,0,16,0.0134,0.0724,-4.48,16.18,6.94,323.0,276.0,114.0,0,48.0
DTW,2017-01-15,2017,1,250,3,4,20,0.012,0.081,2.12,249,4,0,18,0.0161,0.0735,-1.12,19.83,7.13,719.0,95.0,233.0,0,51.0
DTW,2017-01-16,2017,1,344,9,1,51,0.0262,0.1522,6.67,348,5,0,52,0.0144,0.1516,2.42,20.11,8.45,1221.0,0,369.0,0,816.0
DTW,2017-01-17,2017,1,337,2,1,59,0.0059,0.1761,10.53,339,7,0,36,0.0206,0.1084,-2.0,18.36,8.37,2137.0,234.0,192.0,0,739.0
DTW,2017-01-18,2017,1,345,0,0,42,0.0,0.1217,4.42,341,2,0,27,0.0059,0.0796,-6.4,16.4,7.53,662.0,0,549.0,0,607.0
DTW,2017-01-19,2017,1,350,3,2,44,0.0086,0.1268,4.21,351,0,0,29,0.0,0.0826,-6.82,17.08,7.67,811.0,0,510.0,0,243.0
DTW,2017-01-20,2017,1,346,6,3,40,0.0173,0.1176,8.21,348,9,1,36,0.0259,0.1062,-0.83,17.2,8.63,1311.0,376.0,571.0,0,713.0
DTW,2017-01-21,2017,1,236,11,2,33,0.0466,0.1467,15.88,236,10,1,41,0.0424,0.1814,3.51,17.36,7.45,2336.0,175.0,256.0,0,949.0
DTW,2017-01-22,2017,1,317,32,4,138,0.1009,0.4842,45.64,317,30,9,133,0.0946,0.4634,53.48,19.29,9.59,2794.0,1487.0,2318.0,0,5407.0
DTW,2017-01-23,2017,1,344,8,1,114,0.0233,0.3393,26.94,348,12,0,90,0.0345,0.2679,18.82,16.32,8.29,2575.0,275.0,1458.0,0,3835.0
DTW,2017-01-24,2017,1,337,1,0,46,0.003,0.1369,4.24,339,3,1,37,0.0088,0.1101,-3.29,16.35,8.16,580.0,0,643.0,0,620.0
DTW,2017-01-25,2017,1,346,1,1,30,0.0029,0.087,4.52,343,2,0,34,0.0058,0.0997,-2.83,16.61,7.78,1709.0,141.0,119.0,0,264.0
DTW,2017-01-26,2017,1,354,0,0,27,0.0,0.0763,1.77,355,0,1,26,0.0,0.0732,-8.8,22.27,7.92,629.0,0,704.0,0,445.0
DTW,2017-01-27,2017,1,350,0,0,63,0.0,0.18,10.58,352,0,0,58,0.0,0.1648,4.25,39.83,8.32,2002.0,242.0,1914.0,0,1733.0
DTW,2017-01-28,2017,1,235,1,0,26,0.0043,0.1111,4.17,236,0,0,30,0.0,0.1271,-1.99,38.93,8.19,1106.0,0,1237.0,0,432.0
DTW,2017-01-29,2017,1,313,14,0,94,0.0447,0.3144,44.8,312,4,1,93,0.0128,0.3019,24.69,43.51,14.84,10125.0,91.0,3168.0,0,3234.0
DTW,2017-01-30,2017,1,341,4,0,74,0.0117,0.2196,16.48,345,16,0,64,0.0464,0.1945,7.94,24.35,8.92,3675.0,18.0,714.0,0,1236.0
DTW,2017-01-31,2017,1,335,1,0,62,0.003,0.1856,12.19,336,0,1,72,0.0,0.2143,5.88,37.35,9.2,1409.0,521.0,2988.0,0,1826.0
DTW,2018-01-01,2018,1,322,3,1,68,0.0093,0.2132,17.3,320,2,0,66,0.0063,0.2075,9.94,19.61,8.63,2319.0,273.0,302.0,0,1778.0
DTW,2018-01-02,2018,1,413,2,1,132,0.0048,0.3212,23.63,419,0,0,104,0.0,0.2482,15.75,23.12,9.89,3396.0,470.0,2308.0,26.0,2182.0
DTW,2018-01-03,2018,1,407,3,3,110,0.0074,0.2723,20.09,403,0,1,123,0.0,0.3052,14.71,40.22,10.48,3866.0,1475.0,3518.0,4.0,2550.0
DTW,2018-01-04,2018,1,406,55,1,78,0.1355,0.2222,17.34,405,52,0,79,0.1284,0.2238,9.44,19.55,10.47,1979.0,1780.0,432.0,0,737.0
DTW,2018-01-05,2018,1,410,8,3,121,0.0195,0.301,19.36,408,16,0,79,0.0392,0.2015,9.01,20.3,10.28,3549.0,354.0,1442.0,46.0,1160.0
DTW,2018-01-06,2018,1,305,1,1,50,0.0033,0.1645,8.79,305,1,0,53,0.0033,0.1743,5.19,21.36,8.87,1062.0,323.0,547.0,0,566.0
DTW,2018-01-07,2018,1,405,8,0,75,0.0198,0.1889,14.39,404,4,2,79,0.0099,0.1975,10.37,21.76,8.92,1741.0,1846.0,1054.0,0,1458.0
DTW,2018-01-08,2018,1,438,12,1,131,0.0274,0.3075,31.11,435,16,0,127,0.0368,0.3031,25.03,28.2,9.55,3549.0,1415.0,3244.0,0,5596.0
DTW,2018-01-09,2018,1,419,4,1,76,0.0095,0.1831,12.71,422,4,0,62,0.0095,0.1483,0.2,20.98,8.73,3241.0,0,1222.0,0,1028.0
DTW,2018-01-10,2018,1,430,6,4,94,0.014,0.2217,16.28,425,9,1,113,0.0212,0.2716,10.96,24.99,9.1,2863.0,491.0,1321.0,0,2531.0
DTW,2018-01-11,2018,1,436,4,1,52,0.0092,0.1204,4.84,435,5,0,53,0.0115,0.1233,-2.33,18.21,8.93,1394.0,67.0,459.0,0,775.0
DTW,2018-01-12,2018,1,439,18,5,182,0.041,0.4323,53.68,439,25,1,183,0.0569,0.442,46.22,29.53,11.14,10210.0,2710.0,4974.0,0,6925.0
DTW,2018-01-13,2018,1,287,3,1,49,0.0105,0.1725,10.99,289,1,0,57,0.0035,0.1979,14.8,23.32,9.09,1769.0,492.0,690.0,0,882.0
DTW,2018-01-14,2018,1,313,0,1,47,0.0,0.1502,5.84,312,1,1,31,0.0032,0.0997,-6.21,20.38,9.14,1014.0,0,285.0,0,520.0
DTW,2018-01-15,2018,1,425,3,0,144,0.0071,0.3412,20.99,425,2,1,173,0.0047,0.409,25.63,43.53,10.32,2613.0,846.0,5167.0,0,5291.0
DTW,2018-01-16,2018,1,418,15,2,92,0.0359,0.2283,19.6,421,15,0,112,0.0356,0.2759,13.16,35.44,9.34,4078.0,276.0,1694.0,0,3228.0
DTW,2018-01-17,2018,1,430,14,0,121,0.0326,0.2909,26.62,427,17,0,120,0.0398,0.2927,23.44,20.96,8.84,2403.0,1130.0,2160.0,0,4092.0
DTW,2018-01-18,2018,1,436,6,0,71,0.0138,0.1651,8.93,435,7,1,69,0.0161,0.1612,-1.62,19.16,8.95,1753.0,228.0,350.0,53.0,1243.0
DTW,2018-01-19,2018,1,439,0,0,29,0.0,0.0661,-0.54,439,0,0,28,0.0,0.0638,-10.9,16.66,8.37,420.0,51.0,187.0,0,178.0
DTW,2018-01-20,2018,1,298,0,0,17,0.0,0.057,1.51,298,0,0,13,0.0,0.0436,-15.05,16.56,7.69,1164.0,0,43.0,0,250.0
DTW,2018-01-21,2018,1,390,10,4,41,0.0256,0.1079,2.66,391,11,3,30,0.0281,0.0789,-6.4,18.94,9.42,659.0,417.0,382.0,0,152.0
DTW,2018-01-22,2018,1,439,14,3,59,0.0319,0.1388,11.13,439,17,1,45,0.0387,0.1066,-4.98,18.97,8.91,1536.0,2268.0,539.0,0,700.0
DTW,2018-01-23,2018,1,418,10,2,62,0.0239,0.152,9.11,421,10,0,53,0.0238,0.129,0.11,20.9,8.25,1175.0,0,1440.0,0,2058.0
DTW,2018-01-24,2018,1,430,3,1,52,0.007,0.1218,3.64,426,6,0,48,0.0141,0.1143,-5.05,22.56,8.85,1277.0,0,450.0,0,788.0
DTW,2018-01-25,2018,1,436,3,1,56,0.0069,0.1293,10.25,435,4,1,27,0.0092,0.0626,-8.5,18.78,8.22,4209.0,41.0,180.0,0,358.0
DTW,2018-01-26,2018,1,439,0,0,48,0.0,0.1093,5.18,439,1,0,33,0.0023,0.0753,-8.36,18.0,8.11,2177.0,254.0,102.0,0,525.0
DTW,2018-01-27,2018,1,298,0,0,8,0.0,0.0268,-1.39,298,0,0,8,0.0,0.0268,-14.83,16.06,7.89,893.0,0,73.0,0,0
DTW,2018-01-28,2018,1,390,0,2,34,0.0,0.0872,0.35,391,0,0,26,0.0,0.0665,-9.83,17.36,8.05,647.0,26.0,132.0,0,298.0
DTW,2018-01-29,2018,1,439,0,1,213,0.0,0.4852,44.19,439,0,1,267,0.0,0.6082,48.11,46.38,11.89,6432.0,824.0,7400.0,0,10187.0
DTW,2018-01-30,2018,1,418,0,1,65,0.0,0.1555,7.53,421,0,1,60,0.0,0.1425,-0.75,21.14,9.2,1915.0,83.0,617.0,0,976.0
DTW,2018-01-31,2018,1,429,0,1,27,0.0,0.0629,-0.66,427,0,0,31,0.0,0.0726,-11.75,17.03,8.48,683.0,0,108.0,0,239.0
DTW,2019-01-01,2019,1,314,1,1,40,0.0032,0.1278,7.88,312,2,0,47,0.0064,0.1516,-2.15,34.87,9.1,1211.0,1056.0,3584.0,0,652.0
DTW,2019-01-02,2019,1,406,0,1,75,0.0,0.1847,10.05,407,0,0,78,0.0,0.1916,4.05,32.59,9.12,1733.0,123.0,1677.0,0,2158.0
DTW,2019-01-03,2019,1,381,1,1,31,0.0026,0.0816,0.59,383,1,0,38,0.0026,0.0995,-7.71,18.43,8.2,350.0,0,193.0,0,613.0
DTW,2019-01-04,2019,1,381,0,0,22,0.0,0.0577,-0.9,376,0,0,22,0.0,0.0585,-12.15,18.52,8.23,342.0,0,57.0,0,334.0
DTW,2019-01-05,2019,1,296,0,1,27,0.0,0.0912,0.66,292,0,0,17,0.0,0.0582,-10.1,17.96,7.64,109.0,146.0,514.0,0,254.0
DTW,2019-01-06,2019,1,378,0,0,29,0.0,0.0767,1.83,379,1,0,31,0.0026,0.082,-7.4,16.75,8.24,357.0,14.0,717.0,0,723.0
DTW,2019-01-07,2019,1,435,9,4,36,0.0207,0.0845,1.12,433,9,0,32,0.0208,0.0755,-9.33,18.71,8.54,447.0,617.0,496.0,0,253.0
DTW,2019-01-08,2019,1,423,0,2,46,0.0,0.1087,5.2,426,1,0,47,0.0023,0.1106,-1.99,18.54,8.22,525.0,1351.0,599.0,0,295.0
DTW,2019-01-09,2019,1,432,0,0,39,0.0,0.0903,1.19,429,0,0,45,0.0,0.1049,-3.14,27.75,8.82,700.0,127.0,1212.0,0,411.0
DTW,2019-01-10,2019,1,432,1,0,38,0.0023,0.0882,2.35,430,1,1,36,0.0023,0.0839,-7.11,25.12,8.83,243.0,118.0,1979.0,0,478.0
DTW,2019-01-11,2019,1,431,1,0,41,0.0023,0.0953,0.29,431,1,0,38,0.0023,0.0884,-8.9,19.79,8.13,342.0,0,628.0,0,279.0
DTW,2019-01-12,2019,1,290,3,0,19,0.0103,0.0662,3.67,289,1,0,38,0.0035,0.1319,-3.1,17.69,7.8,430.0,782.0,317.0,0,438.0
DTW,2019-01-13,2019,1,373,4,2,48,0.0107,0.1301,5.24,374,6,0,47,0.016,0.1277,-0.29,18.05,8.58,995.0,405.0,1019.0,0,510.0
DTW,2019-01-14,2019,1,431,3,1,53,0.007,0.1238,4.89,432,2,0,43,0.0046,0.1,-5.3,21.88,8.15,1554.0,0,452.0,0,925.0
DTW,2019-01-15,2019,1,414,1,0,49,0.0024,0.1186,2.99,416,0,0,70,0.0,0.1683,1.19,34.06,8.64,952.0,22.0,1634.0,0,988.0
DTW,2019-01-16,2019,1,423,0,0,30,0.0,0.0709,0.16,419,0,0,30,0.0,0.0716,-8.51,25.07,8.65,281.0,41.0,937.0,0,245.0
DTW,2019-01-17,2019,1,433,1,1,61,0.0023,0.1412,5.38,433,1,0,65,0.0023,0.1505,-0.36,29.71,9.37,1713.0,58.0,1644.0,0,1024.0
DTW,2019-01-18,2019,1,433,3,2,83,0.0069,0.193,16.44,433,3,0,80,0.0069,0.186,5.37,23.9,8.63,2633.0,2008.0,1034.0,0,1482.0
DTW,2019-01-19,2019,1,274,18,0,76,0.0657,0.2969,41.93,274,12,0,80,0.0438,0.3053,8.95,51.84,11.37,2518.0,6190.0,6001.0,0,1456.0
DTW,2019-01-20,2019,1,301,12,0,75,0.0399,0.2595,19.21,301,17,0,67,0.0565,0.2359,10.52,22.79,10.0,2835.0,461.0,884.0,0,1223.0
DTW,2019-01-21,2019,1,413,5,1,118,0.0121,0.2892,28.94,414,8,0,82,0.0193,0.202,12.83,19.96,9.09,2916.0,2925.0,3823.0,0,1509.0
DTW,2019-01-22,2019,1,416,88,4,72,0.2115,0.2195,43.62,418,39,50,61,0.0933,0.1609,29.09,23.72,9.35,3351.0,6729.0,3044.0,0,2084.0
DTW,2019-01-23,2019,1,424,92,1,245,0.217,0.738,109.64,421,139,0,169,0.3302,0.5993,78.32,23.31,10.07,8882.0,12844.0,2427.0,0,10764.0
DTW,2019-01-24,2019,1,433,7,0,124,0.0162,0.2911,29.22,433,7,0,105,0.0162,0.2465,14.57,25.95,9.15,4355.0,867.0,4216.0,0,3783.0
DTW,2019-01-25,2019,1,433,0,2,98,0.0,0.2263,15.46,433,0,0,74,0.0,0.1709,4.63,21.77,9.11,3233.0,215.0,1161.0,0,1544.0
DTW,2019-01-26,2019,1,291,1,0,29,0.0034,0.1,2.91,290,0,1,27,0.0,0.0931,-5.37,23.62,8.96,831.0,108.0,537.0,0,278.0
DTW,2019-01-27,2019,1,375,2,0,55,0.0053,0.1475,7.54,376,4,1,48,0.0106,0.129,-1.83,31.58,9.4,2017.0,163.0,2985.0,0,626.0
DTW,2019-01-28,2019,1,433,51,2,110,0.1178,0.288,24.78,434,45,1,107,0.1037,0.2751,24.14,42.72,11.48,3766.0,2393.0,4657.0,0,3203.0
DTW,2019-01-29,2019,1,416,14,5,94,0.0337,0.2338,16.21,418,16,0,79,0.0383,0.1965,12.72,27.1,10.25,2175.0,1401.0,997.0,0,2065.0
DTW,2019-01-30,2019,1,424,40,2,188,0.0943,0.4896,45.2,421,39,0,117,0.0926,0.3063,29.66,19.05,12.31,3476.0,5725.0,1674.0,0,2961.0
DTW,2019-01-31,2019,1,433,30,0,162,0.0693,0.402,24.96,433,33,0,94,0.0762,0.235,13.7,18.48,10.75,1998.0,2405.0,265.0,25.0,2142.0
DTW,2019-07-01,2019,7,413,2,0,43,0.0048,0.1046,4.84,413,3,0,41,0.0073,0.1,-2.57,15.97,9.26,1289.0,26.0,761.0,43.0,837.0
DTW,2019-07-02,2019,7,398,2,1,82,0.005,0.2071,12.93,398,4,1,78,0.0101,0.198,6.51,18.08,8.85,3525.0,79.0,1224.0,0,1181.0
DTW,2019-07-03,2019,7,415,2,1,46,0.0048,0.1114,3.98,415,0,0,54,0.0,0.1301,0.9,16.54,8.61,1300.0,18.0,727.0,0,512.0
DTW,2019-07-04,2019,7,345,2,2,27,0.0058,0.0787,4.11,349,1,1,32,0.0029,0.092,-4.72,15.29,8.05,614.0,0,1270.0,0,655.0
DTW,2019-07-05,2019,7,358,0,1,51,0.0,0.1425,8.23,353,1,3,61,0.0028,0.1733,3.36,17.67,8.74,1801.0,0,756.0,0,993.0
DTW,2019-07-06,2019,7,392,14,2,78,0.0357,0.2063,28.43,392,11,1,86,0.0281,0.2257,17.73,17.08,8.59,3884.0,385.0,5242.0,0,2227.0
DTW,2019-07-07,2019,7,486,4,0,94,0.0082,0.195,11.49,486,3,0,89,0.0062,0.1843,6.99,16.88,8.65,2230.0,188.0,1188.0,0,2262.0
DTW,2019-07-08,2019,7,510,2,1,90,0.0039,0.1772,9.07,510,3,0,87,0.0059,0.1716,4.58,17.14,8.64,2217.0,16.0,1248.0,0,1755.0
DTW,2019-07-09,2019,7,503,3,0,80,0.006,0.16,8.56,502,1,1,66,0.002,0.1317,0.73,15.96,8.51,2518.0,91.0,300.0,0,1491.0
DTW,2019-07-10,2019,7,503,2,3,39,0.004,0.0778,1.92,503,1,1,45,0.002,0.0896,-2.51,16.87,8.48,1200.0,117.0,423.0,0,242.0
DTW,2019-07-11,2019,7,507,24,0,146,0.0473,0.3023,31.78,506,21,1,118,0.0415,0.2433,18.89,17.17,8.94,5302.0,604.0,5373.0,87.0,4003.0
DTW,2019-07-12,2019,7,508,3,2,95,0.0059,0.1881,12.33,509,6,0,76,0.0118,0.1511,4.81,16.87,9.29,2978.0,23.0,912.0,0,2424.0
DTW,2019-07-13,2019,7,392,7,1,42,0.0179,0.1091,4.22,394,7,1,44,0.0178,0.1137,0.65,15.74,8.59,1050.0,23.0,291.0,0,830.0
DTW,2019-07-14,2019,7,479,3,1,54,0.0063,0.1134,5.0,478,5,0,54,0.0105,0.1142,-1.08,16.92,8.7,1514.0,62.0,855.0,0,498.0
DTW,2019-07-15,2019,7,511,4,1,122,0.0078,0.2406,14.12,510,2,3,119,0.0039,0.2343,10.35,16.82,8.84,2644.0,898.0,1349.0,0,2589.0
DTW,2019-07-16,2019,7,504,4,2,123,0.0079,0.246,18.75,503,4,4,134,0.008,0.2685,14.18,18.82,9.6,3002.0,1746.0,2183.0,0,3390.0
DTW,2019-07-17,2019,7,504,11,2,146,0.0218,0.2961,27.33,504,9,0,137,0.0179,0.2768,18.79,17.47,10.11,4998.0,97.0,5315.0,0,3276.0
DTW,2019-07-18,2019,7,508,16,1,175,0.0315,0.3557,36.13,507,17,1,167,0.0335,0.3408,26.92,16.68,8.84,7499.0,854.0,3644.0,0,5845.0
DTW,2019-07-19,2019,7,510,63,2,229,0.1235,0.5123,99.49,510,47,59,192,0.0922,0.4147,71.76,18.08,12.93,6227.0,16273.0,3086.0,0,17842.0
DTW,2019-07-20,2019,7,391,14,0,197,0.0358,0.5225,59.32,393,23,3,173,0.0585,0.4676,56.65,16.23,9.74,11590.0,1213.0,1495.0,0,7384.0
DTW,2019-07-21,2019,7,481,9,1,154,0.0187,0.3263,27.4,480,7,2,146,0.0146,0.3087,21.68,19.71,9.77,4738.0,1655.0,3621.0,0,4186.0
DTW,2019-07-22,2019,7,511,10,4,120,0.0196,0.2395,19.82,511,7,0,110,0.0137,0.2183,16.31,16.81,9.7,5018.0,411.0,1955.0,0,2871.0
DTW,2019-07-23,2019,7,504,3,0,142,0.006,0.2834,17.06,503,6,0,135,0.0119,0.2716,13.39,17.07,9.7,2793.0,512.0,1404.0,33.0,3451.0
DTW,2019-07-24,2019,7,504,1,3,90,0.002,0.1789,10.1,504,0,0,87,0.0,0.1726,4.11,16.27,8.73,1787.0,372.0,955.0,0,2220.0
DTW,2019-07-25,2019,7,508,0,1,38,0.0,0.0748,1.55,508,1,0,45,0.002,0.0888,-4.16,16.04,8.53,892.0,136.0,240.0,0,457.0
DTW,2019-07-26,2019,7,510,1,0,44,0.002,0.0864,2.74,510,1,0,50,0.002,0.0982,-4.66,16.42,8.1,1423.0,43.0,504.0,0,394.0
DTW,2019-07-27,2019,7,391,0,0,40,0.0,0.1023,4.54,393,1,0,33,0.0025,0.0842,-4.73,14.6,8.44,902.0,135.0,1155.0,0,228.0
DTW,2019-07-28,2019,7,481,2,1,50,0.0042,0.1044,3.77,480,2,0,59,0.0042,0.1234,-3.45,15.91,8.67,1305.0,109.0,231.0,0,734.0
DTW,2019-07-29,2019,7,511,4,1,136,0.0078,0.2682,20.4,511,4,0,111,0.0078,0.2189,9.57,17.22,8.94,3282.0,713.0,2999.0,0,3827.0
DTW,2019-07-30,2019,7,504,3,3,86,0.006,0.1717,11.53,503,2,0,79,0.004,0.1577,5.31,16.78,8.78,1734.0,284.0,2397.0,0,2254.0
DTW,2019-07-31,2019,7,503,17,2,89,0.0338,0.1831,16.25,504,14,0,67,0.0278,0.1367,6.58,16.16,8.66,3958.0,600.0,2778.0,0,1325.0
DTW,2020-01-01,2020,1,321,0,1,30,0.0,0.0935,4.34,319,1,0,20,0.0031,0.0629,-8.82,18.67,8.67,580.0,317.0,215.0,0,562.0
DTW,2020-01-02,2020,1,419,0,1,19,0.0,0.0453,-0.51,421,0,0,27,0.0,0.0641,-11.6,15.02,8.54,485.0,15.0,159.0,0,247.0
DTW,2020-01-03,2020,1,421,1,3,44,0.0024,0.1048,9.17,420,1,0,46,0.0024,0.1098,-5.6,14.86,8.65,1258.0,652.0,461.0,0,365.0
DTW,2020-01-04,2020,1,342,0,6,50,0.0,0.1462,10.2,343,1,0,58,0.0029,0.1696,5.68,20.91,8.85,1531.0,316.0,1255.0,0,342.0
DTW,2020-01-05,2020,1,419,0,2,61,0.0,0.1456,7.23,417,0,0,54,0.0,0.1295,2.91,22.78,9.06,1692.0,527.0,2042.0,0,453.0
DTW,2020-01-06,2020,1,469,0,1,72,0.0,0.1535,10.34,461,0,0,51,0.0,0.1106,-2.96,14.83,8.72,3446.0,97.0,665.0,0,412.0
DTW,2020-01-07,2020,1,445,1,1,38,0.0022,0.0856,2.22,446,0,0,25,0.0,0.0561,-10.88,16.5,8.48,728.0,84.0,214.0,0,120.0
DTW,2020-01-08,2020,1,456,2,1,58,0.0044,0.1278,5.53,457,1,0,58,0.0022,0.1272,-2.81,22.52,9.42,1685.0,122.0,973.0,0,313.0
DTW,2020-01-09,2020,1,463,0,0,33,0.0,0.0713,1.34,464,1,0,20,0.0022,0.0432,-9.28,16.14,8.82,1188.0,0,176.0,0,166.0
DTW,2020-01-10,2020,1,466,4,1,41,0.0086,0.0887,1.8,466,6,0,46,0.0129,0.1,-3.41,15.85,9.04,451.0,242.0,990.0,0,114.0
DTW,2020-01-11,2020,1,322,9,1,52,0.028,0.1661,14.39,325,10,0,61,0.0308,0.1937,2.81,15.69,9.62,1818.0,875.0,1297.0,0,352.0
DTW,2020-01-12,2020,1,419,1,0,94,0.0024,0.2249,16.56,420,1,0,75,0.0024,0.179,2.45,22.06,10.0,4357.0,1052.0,1538.0,0,980.0
DTW,2020-01-13,2020,1,467,2,2,47,0.0043,0.1011,4.2,466,2,0,47,0.0043,0.1013,-5.74,20.61,8.93,1943.0,63.0,947.0,0,266.0
DTW,2020-01-14,2020,1,448,0,0,52,0.0,0.1161,2.99,448,1,0,48,0.0022,0.1074,-7.55,15.76,8.62,953.0,63.0,327.0,0,657.0
DTW,2020-01-15,2020,1,454,0,1,23,0.0,0.0507,0.74,455,0,0,15,0.0,0.033,-12.77,18.15,8.62,1169.0,48.0,303.0,0,199.0
DTW,2020-01-16,2020,1,463,0,2,68,0.0,0.1469,8.71,463,1,0,69,0.0022,0.1494,3.06,19.04,8.73,907.0,44.0,1837.0,0,814.0
DTW,2020-01-17,2020,1,466,18,0,95,0.0386,0.2121,20.06,466,32,0,61,0.0687,0.1406,3.44,16.65,9.47,2769.0,2798.0,1769.0,0,1051.0
DTW,2020-01-18,2020,1,297,31,1,118,0.1044,0.4436,48.91,297,15,1,117,0.0505,0.4149,35.06,35.35,11.99,4322.0,4403.0,4524.0,0,2348.0
DTW,2020-01-19,2020,1,325,0,1,43,0.0,0.1323,8.22,324,2,0,40,0.0062,0.1242,0.52,28.15,9.59,1340.0,539.0,653.0,0,423.0
DTW,2020-01-20,2020,1,445,0,0,52,0.0,0.1169,4.75,446,0,0,44,0.0,0.0987,-4.72,16.43,9.32,1399.0,270.0,260.0,0,394.0
DTW,2020-01-21,2020,1,447,0,0,43,0.0,0.0962,3.52,446,0,0,37,0.0,0.083,-8.97,16.12,8.51,1433.0,18.0,264.0,0,266.0
DTW,2020-01-22,2020,1,454,1,0,31,0.0022,0.0684,-0.29,455,1,0,22,0.0022,0.0485,-13.78,16.98,8.83,541.0,56.0,52.0,5.0,257.0
DTW,2020-01-23,2020,1,463,3,1,41,0.0065,0.0891,6.99,463,3,0,36,0.0065,0.0783,-6.66,15.96,8.84,2712.0,381.0,416.0,0,208.0
DTW,2020-01-24,2020,1,466,4,2,52,0.0086,0.1126,4.43,465,5,1,53,0.0108,0.1152,-7.29,16.43,10.08,1182.0,255.0,213.0,0,541.0
DTW,2020-01-25,2020,1,322,0,0,30,0.0,0.0932,4.83,324,0,0,25,0.0,0.0772,-5.69,21.92,8.32,1549.0,145.0,964.0,0,108.0
DTW,2020-01-26,2020,1,419,0,0,41,0.0,0.0979,2.97,419,0,0,38,0.0,0.0907,-7.28,21.89,8.72,994.0,293.0,487.0,0,378.0
DTW,2020-01-27,2020,1,466,0,0,62,0.0,0.133,5.15,465,0,0,43,0.0,0.0925,-5.82,16.26,8.63,1887.0,0,168.0,0,395.0
DTW,2020-01-28,2020,1,447,0,0,35,0.0,0.0783,1.18,446,0,0,32,0.0,0.0717,-10.15,23.12,8.54,1203.0,64.0,376.0,0,123.0
DTW,2020-01-29,2020,1,454,0,2,24,0.0,0.0529,-0.09,455,0,1,28,0.0,0.0615,-9.5,20.17,8.95,754.0,82.0,323.0,0,246.0
DTW,2020-01-30,2020,1,463,0,0,33,0.0,0.0713,1.12,463,0,0,40,0.0,0.0864,-9.21,22.54,8.48,1100.0,0,598.0,0,73.0
DTW,2020-01-31,2020,1,467,0,1,49,0.0,0.1049,4.24,465,0,0,55,0.0,0.1183,-4.77,21.66,8.77,2134.0,0,286.0,0,114.0
DTW,2020-04-01,2020,4,374,127,0,13,0.3396,0.0526,-0.81,388,143,1,15,0.3686,0.0612,-16.02,12.41,8.44,750.0,0,1.0,0,0
DTW,2020-04-02,2020,4,321,110,0,21,0.3427,0.0995,-0.39,324,116,0,15,0.358,0.0721,-6.35,12.89,7.95,578.0,0,65.0,0,113.0
DTW,2020-04-03,2020,4,323,107,0,16,0.3313,0.0741,2.41,326,113,0,13,0.3466,0.061,-8.91,12.65,7.92,1136.0,0,72.0,0,238.0
DTW,2020-04-04,2020,4,275,88,0,8,0.32,0.0428,-3.63,273,83,0,6,0.304,0.0316,-14.05,12.78,7.76,137.0,0,37.0,0,109.0
DTW,2020-04-05,2020,4,308,99,0,8,0.3214,0.0383,-3.02,308,100,0,5,0.3247,0.024,-14.66,12.42,7.52,281.0,0,27.0,0,0
DTW,2020-04-06,2020,4,312,116,0,36,0.3718,0.1837,8.92,313,122,0,50,0.3898,0.2618,9.36,13.7,7.27,1256.0,0,59.0,0,951.0
DTW,2020-04-07,2020,4,293,89,0,9,0.3038,0.0441,-4.3,304,83,1,15,0.273,0.0679,-8.48,13.05,7.82,157.0,31.0,131.0,0,9.0
DTW,2020-04-08,2020,4,228,33,0,23,0.1447,0.1179,4.01,238,39,0,16,0.1639,0.0804,-7.36,13.57,10.01,899.0,186.0,286.0,0,151.0
DTW,2020-04-09,2020,4,230,46,0,13,0.2,0.0707,1.95,232,49,0,15,0.2112,0.082,-4.49,15.49,7.49,391.0,678.0,357.0,0,49.0
DTW,2020-04-10,2020,4,229,50,1,12,0.2183,0.067,-0.83,232,50,0,14,0.2155,0.0769,-6.74,16.89,7.53,362.0,0,343.0,0,214.0
DTW,2020-04-11,2020,4,194,31,0,7,0.1598,0.0429,-2.02,195,32,1,9,0.1641,0.0552,-2.59,13.82,7.4,81.0,19.0,18.0,0,282.0
DTW,2020-04-12,2020,4,215,46,0,4,0.214,0.0237,-4.2,215,51,0,9,0.2372,0.0549,-9.03,13.08,7.28,73.0,0,214.0,0,0
DTW,2020-04-13,2020,4,225,54,1,15,0.24,0.0877,1.46,224,50,0,14,0.2232,0.0805,2.45,14.04,7.02,646.0,299.0,107.0,75.0,21.0
DTW,2020-04-14,2020,4,214,55,0,5,0.257,0.0314,-4.42,209,48,0,4,0.2297,0.0248,-11.52,14.25,7.17,92.0,44.0,41.0,0,15.0
DTW,2020-04-15,2020,4,193,55,0,9,0.285,0.0652,-1.77,200,53,0,21,0.265,0.1429,3.39,25.44,8.0,261.0,20.0,791.0,0,55.0
DTW,2020-04-16,2020,4,191,52,0,2,0.2723,0.0144,-3.86,191,56,0,10,0.2932,0.0741,-10.33,14.96,7.3,96.0,0,207.0,0,13.0
DTW,2020-04-17,2020,4,190,66,0,24,0.3474,0.1935,7.97,191,65,0,19,0.3403,0.1508,8.95,25.73,7.66,379.0,949.0,903.0,0,210.0
DTW,2020-04-18,2020,4,161,38,0,3,0.236,0.0244,-4.36,161,36,0,8,0.2236,0.064,-9.5,17.38,7.65,117.0,0,222.0,0,0
DTW,2020-04-19,2020,4,172,42,0,7,0.2442,0.0538,-3.09,174,42,0,4,0.2414,0.0303,-11.55,12.4,7.48,220.0,0,158.0,0,0
DTW,2020-04-20,2020,4,179,43,0,5,0.2402,0.0368,-3.59,178,46,0,3,0.2584,0.0227,-3.11,13.58,7.52,209.0,0,71.0,0,0
DTW,2020-04-21,2020,4,174,39,0,1,0.2241,0.0074,-4.68,174,40,0,5,0.2299,0.0373,-9.65,15.38,6.58,64.0,0,70.0,0,0
DTW,2020-04-22,2020,4,176,33,0,7,0.1875,0.049,-0.02,179,35,0,11,0.1955,0.0764,-4.15,17.29,7.87,517.0,0,357.0,0,86.0
DTW,2020-04-23,2020,4,177,28,0,9,0.1582,0.0604,-2.14,175,30,0,5,0.1714,0.0345,-8.92,12.57,7.66,105.0,0,205.0,0,51.0
DTW,2020-04-24,2020,4,173,29,0,7,0.1676,0.0486,-3.47,175,31,1,7,0.1771,0.0486,-7.67,12.16,7.5,22.0,0,32.0,0,81.0
DTW,2020-04-25,2020,4,154,26,0,6,0.1688,0.0469,-3.12,154,23,0,3,0.1494,0.0229,-11.96,11.84,7.25,148.0,0,35.0,0,0
DTW,2020-04-26,2020,4,167,32,0,3,0.1916,0.0222,-4.92,170,35,0,2,0.2059,0.0148,-13.18,12.24,7.96,16.0,0,65.0,0,14.0
DTW,2020-04-27,2020,4,176,44,1,3,0.25,0.0227,-4.07,172,40,0,2,0.2326,0.0152,-10.78,13.8,7.49,175.0,0,0,0,0
DTW,2020-04-28,2020,4,168,31,0,7,0.1845,0.0511,-0.95,167,36,1,4,0.2156,0.0305,-8.15,14.16,7.61,194.0,164.0,52.0,0,124.0
DTW,2020-04-29,2020,4,167,34,0,10,0.2036,0.0752,0.08,170,36,2,10,0.2118,0.0746,-5.95,13.58,7.71,464.0,25.0,12.0,0,98.0
DTW,2020-04-30,2020,4,171,31,0,10,0.1813,0.0714,-0.84,168,27,0,6,0.1607,0.0426,-9.35,14.7,7.33,408.0,0,24.0,0,0
DTW,2021-01-01,2021,1,260,3,1,57,0.0115,0.2218,16.41,260,3,4,59,0.0115,0.2296,9.02,26.69,9.97,2298.0,1313.0,2838.0,0,448.0
DTW,2021-01-02,2021,1,333,2,0,47,0.006,0.142,12.36,329,0,0,60,0.0,0.1824,5.35,16.32,9.92,3121.0,1302.0,255.0,0,95.0
DTW,2021-01-03,2021,1,339,0,1,82,0.0,0.2419,18.66,339,0,1,94,0.0,0.2773,14.86,22.29,10.6,4419.0,579.0,1303.0,0,1016.0
DTW,2021-01-04,2021,1,335,5,1,46,0.0149,0.1394,8.26,343,6,0,57,0.0175,0.1691,12.67,15.48,9.19,1859.0,32.0,927.0,0,521.0
DTW,2021-01-05,2021,1,275,0,1,23,0.0,0.0836,4.45,274,1,0,25,0.0036,0.0916,-1.57,21.34,9.62,837.0,984.0,207.0,0,7.0
DTW,2021-01-06,2021,1,269,0,0,14,0.0,0.052,-0.92,272,0,0,13,0.0,0.0478,-4.6,13.21,8.74,381.0,206.0,41.0,0,179.0
DTW,2021-01-07,2021,1,308,0,0,21,0.0,0.0682,4.45,307,0,0,12,0.0,0.0391,-11.79,13.41,9.57,2251.0,0,36.0,0,56.0
DTW,2021-01-08,2021,1,307,0,0,21,0.0,0.0684,-0.66,307,0,0,19,0.0,0.0619,-7.55,14.53,9.02,360.0,15.0,136.0,0,298.0
DTW,2021-01-09,2021,1,248,0,0,11,0.0,0.0444,-0.79,247,0,0,12,0.0,0.0486,-11.72,19.35,8.51,481.0,75.0,108.0,0,0
DTW,2021-01-10,2021,1,308,1,1,22,0.0032,0.0717,0.08,309,1,0,27,0.0032,0.0877,-6.61,18.9,9.18,560.0,191.0,179.0,0,121.0
DTW,2021-01-11,2021,1,304,1,0,12,0.0033,0.0396,1.38,304,1,0,22,0.0033,0.0726,-9.41,16.73,8.39,633.0,967.0,9.0,0,9.0
DTW,2021-01-12,2021,1,266,0,0,9,0.0,0.0338,-3.25,266,0,0,17,0.0,0.0639,-7.08,25.19,8.61,248.0,33.0,357.0,0,34.0
DTW,2021-01-13,2021,1,272,0,0,16,0.0,0.0588,-0.9,272,0,0,24,0.0,0.0882,-7.05,16.53,8.4,353.0,0,654.0,0,40.0
DTW,2021-01-14,2021,1,308,0,0,7,0.0,0.0227,-3.68,308,0,0,13,0.0,0.0422,-11.34,14.86,8.64,35.0,0,10.0,0,0
DTW,2021-01-15,2021,1,306,0,0,25,0.0,0.0817,1.87,306,0,0,29,0.0,0.0948,-7.76,21.17,9.15,1177.0,0,433.0,8.0,93.0
DTW,2021-01-16,2021,1,248,0,0,12,0.0,0.0484,-0.29,247,0,0,12,0.0,0.0486,-8.16,19.59,8.52,413.0,0,83.0,143.0,0
DTW,2021-01-17,2021,1,254,1,0,25,0.0039,0.0988,7.54,255,0,0,25,0.0,0.098,-3.13,26.79,9.24,1896.0,18.0,956.0,12.0,147.0
DTW,2021-01-18,2021,1,303,0,1,13,0.0,0.0429,-1.51,303,1,0,21,0.0033,0.0695,-8.73,26.94,8.99,465.0,25.0,393.0,0,173.0
DTW,2021-01-19,2021,1,267,0,0,7,0.0,0.0262,-4.01,267,0,0,11,0.0,0.0412,-8.34,18.52,8.91,261.0,0,212.0,0,0
DTW,2021-01-20,2021,1,272,0,0,10,0.0,0.0368,-1.95,272,0,0,16,0.0,0.0588,-7.93,20.42,9.66,499.0,0,189.0,0,16.0
DTW,2021-01-21,2021,1,308,0,2,8,0.0,0.026,-1.96,309,0,1,7,0.0,0.0227,-9.76,15.81,9.55,557.0,46.0,109.0,0,63.0
DTW,2021-01-22,2021,1,307,0,0,14,0.0,0.0456,-2.56,306,0,0,8,0.0,0.0261,-13.29,20.21,9.73,175.0,44.0,234.0,0,27.0
DTW,2021-01-23,2021,1,248,0,0,11,0.0,0.0444,-0.81,247,0,1,9,0.0,0.0364,-10.59,14.66,9.15,571.0,0,43.0,0,0
DTW,2021-01-24,2021,1,308,0,1,16,0.0,0.0519,-0.62,310,0,0,28,0.0,0.0903,-5.67,25.18,10.07,891.0,53.0,833.0,0,48.0
DTW,2021-01-25,2021,1,305,3,0,19,0.0098,0.0629,3.03,304,3,0,19,0.0099,0.0631,-3.76,20.29,10.12,755.0,1358.0,302.0,0,0
DTW,2021-01-26,2021,1,266,1,1,13,0.0038,0.0491,-0.86,266,2,0,36,0.0075,0.1364,-1.47,34.66,10.7,574.0,77.0,1133.0,6.0,84.0
DTW,2021-01-27,2021,1,272,0,0,8,0.0,0.0294,-2.97,272,0,0,9,0.0,0.0331,-12.17,16.38,9.78,209.0,26.0,161.0,0,0
DTW,2021-01-28,2021,1,308,3,0,16,0.0097,0.0525,1.63,309,2,0,18,0.0065,0.0586,-8.83,16.19,9.8,818.0,104.0,203.0,0,547.0
DTW,2021-01-29,2021,1,306,0,0,28,0.0,0.0915,2.97,305,1,0,24,0.0033,0.0789,-4.1,15.74,9.62,792.0,173.0,363.0,49.0,239.0
DTW,2021-01-30,2021,1,247,1,0,23,0.004,0.0935,11.95,247,0,0,24,0.0,0.0972,-5.55,16.01,8.53,2264.0,951.0,459.0,0,91.0
DTW,2021-01-31,2021,1,310,15,1,51,0.0484,0.1729,13.27,310,10,0,68,0.0323,0.2267,9.16,26.25,11.27,2396.0,220.0,1490.0,13.0,763.0
DTW,2022-01-01,2022,1,274,75,1,53,0.2737,0.2663,21.51,267,62,0,62,0.2322,0.3024,40.18,23.19,11.43,2622.0,718.0,1694.0,33.0,1049.0
DTW,2022-01-02,2022,1,374,59,0,182,0.1578,0.5778,41.74,373,66,0,170,0.1769,0.5537,40.29,30.01,14.88,6495.0,1643.0,3164.0,7.0,3985.0
DTW,2022-01-03,2022,1,374,47,0,129,0.1257,0.3945,30.56,374,47,0,129,0.1257,0.3945,27.54,20.77,12.08,5080.0,715.0,1003.0,0,2322.0
DTW,2022-01-04,2022,1,361,13,0,111,0.036,0.319,25.95,364,22,0,95,0.0604,0.2778,14.33,18.38,11.36,5611.0,1189.0,883.0,0,714.0
DTW,2022-01-05,2022,1,336,28,0,84,0.0833,0.2727,20.45,331,19,0,93,0.0574,0.2981,23.5,19.29,10.51,3969.0,1064.0,650.0,0,828.0
DTW,2022-01-06,2022,1,350,31,1,74,0.0886,0.232,21.91,349,31,0,68,0.0888,0.2138,10.11,22.12,10.58,4739.0,685.0,735.0,0,921.0
DTW,2022-01-07,2022,1,348,18,0,122,0.0517,0.3697,29.72,349,27,0,105,0.0774,0.3261,19.98,16.96,10.68,5609.0,1661.0,602.0,10.0,705.0
DTW,2022-01-08,2022,1,281,13,2,53,0.0463,0.1978,14.37,283,12,0,53,0.0424,0.1956,7.1,21.35,10.25,3393.0,102.0,332.0,0,203.0
DTW,2022-01-09,2022,1,358,14,0,62,0.0391,0.1802,16.54,355,17,0,64,0.0479,0.1893,4.39,14.77,11.2,3671.0,1207.0,427.0,0,333.0
DTW,2022-01-10,2022,1,370,9,0,84,0.0243,0.2327,13.82,370,8,0,75,0.0216,0.2072,9.84,15.62,12.17,2842.0,1010.0,165.0,0,369.0
DTW,2022-01-11,2022,1,331,10,2,37,0.0302,0.1153,3.23,334,11,0,31,0.0329,0.096,-6.01,16.98,9.76,1196.0,0,103.0,0,203.0
DTW,2022-01-12,2022,1,343,7,0,27,0.0204,0.0804,2.6,342,11,0,25,0.0322,0.0755,-8.92,15.34,9.5,1573.0,0,58.0,0,26.0
DTW,2022-01-13,2022,1,375,6,0,42,0.016,0.1138,10.27,374,6,0,38,0.016,0.1033,-3.51,15.65,9.67,3837.0,22.0,158.0,0,126.0
DTW,2022-01-14,2022,1,377,9,0,57,0.0239,0.1549,7.27,377,6,0,56,0.0159,0.1509,0.92,23.03,10.2,2021.0,768.0,345.0,0,174.0
DTW,2022-01-15,2022,1,269,6,0,40,0.0223,0.1521,11.89,273,3,0,43,0.011,0.1593,0.85,15.48,9.77,1759.0,973.0,71.0,0,146.0
DTW,2022-01-16,2022,1,292,24,0,59,0.0822,0.2201,12.96,288,23,0,54,0.0799,0.2038,6.4,18.95,9.97,1738.0,846.0,682.0,0,492.0
DTW,2022-01-17,2022,1,368,15,2,104,0.0408,0.2946,20.11,366,19,0,102,0.0519,0.2939,18.39,21.47,11.05,4626.0,634.0,490.0,0,983.0
DTW,2022-01-18,2022,1,326,5,0,20,0.0153,0.0623,-0.45,329,6,0,19,0.0182,0.0588,-7.05,16.89,9.34,578.0,28.0,70.0,0,0
DTW,2022-01-19,2022,1,337,5,0,29,0.0148,0.0873,4.36,337,5,1,24,0.0148,0.0723,-8.56,15.91,9.06,1195.0,809.0,238.0,6.0,49.0
DTW,2022-01-20,2022,1,379,6,0,56,0.0158,0.1501,5.58,375,3,0,52,0.008,0.1398,0.53,18.14,9.26,1454.0,506.0,398.0,0,582.0
DTW,2022-01-21,2022,1,379,6,0,53,0.0158,0.1421,9.04,380,7,0,47,0.0184,0.126,-1.84,17.02,9.09,2836.0,45.0,304.0,0,452.0
DTW,2022-01-22,2022,1,284,2,0,38,0.007,0.1348,7.59,287,3,0,45,0.0105,0.1585,5.54,20.6,9.39,1812.0,407.0,410.0,0,133.0
DTW,2022-01-23,2022,1,374,2,0,107,0.0053,0.2876,22.81,371,3,0,127,0.0081,0.3451,18.86,30.66,12.72,6260.0,1013.0,1749.0,0,862.0
DTW,2022-01-24,2022,1,373,4,2,104,0.0107,0.2818,29.93,373,4,1,119,0.0107,0.3225,26.74,38.63,13.01,8736.0,2529.0,2775.0,0,822.0
DTW,2022-01-25,2022,1,332,1,0,43,0.003,0.1299,5.34,334,2,0,51,0.006,0.1536,5.18,22.83,9.22,1615.0,225.0,320.0,0,525.0
DTW,2022-01-26,2022,1,339,2,0,32,0.0059,0.095,1.91,338,1,1,25,0.003,0.0742,-7.88,17.78,9.61,749.0,234.0,25.0,0,72.0
DTW,2022-01-27,2022,1,375,0,1,69,0.0,0.184,15.15,374,0,0,52,0.0,0.139,3.11,23.83,9.97,4993.0,342.0,696.0,0,638.0
DTW,2022-01-28,2022,1,376,17,1,71,0.0452,0.1978,13.33,376,8,0,99,0.0213,0.269,8.39,18.31,10.08,1997.0,619.0,1428.0,0,735.0
DTW,2022-01-29,2022,1,282,34,2,36,0.1206,0.1452,9.24,285,33,0,41,0.1158,0.1627,5.5,18.94,8.96,1107.0,17.0,45.0,0,223.0
DTW,2022-01-30,2022,1,371,10,0,43,0.027,0.1191,5.02,366,20,1,44,0.0546,0.1272,-2.06,25.19,10.72,1292.0,667.0,320.0,0,200.0
DTW,2022-01-31,2022,1,378,1,1,60,0.0026,0.1592,8.08,377,1,0,45,0.0027,0.1197,-0.64,20.29,10.69,2225.0,265.0,50.0,0,289.0
DTW,2022-06-01,2022,6,351,10,2,70,0.0285,0.2053,9.03,348,8,2,54,0.023,0.1588,5.97,16.09,8.82,1949.0,694.0,485.0,0,466.0
DTW,2022-06-02,2022,6,376,18,1,70,0.0479,0.1955,15.44,374,18,0,60,0.0481,0.1685,4.9,15.03,9.12,3898.0,0,1116.0,0,744.0
DTW,2022-06-03,2022,6,379,15,0,81,0.0396,0.2225,12.56,380,11,0,73,0.0289,0.1978,12.01,15.89,8.84,3210.0,90.0,258.0,0,1222.0
DTW,2022-06-04,2022,6,319,7,1,37,0.0219,0.1186,7.18,324,11,0,35,0.034,0.1118,2.91,14.66,8.42,1894.0,0,280.0,0,557.0
DTW,2022-06-05,2022,6,382,3,0,73,0.0079,0.1926,15.82,376,6,0,50,0.016,0.1351,1.71,14.8,8.14,5397.0,41.0,135.0,0,614.0
DTW,2022-06-06,2022,6,380,5,0,61,0.0132,0.1627,12.16,383,6,0,72,0.0157,0.191,10.25,15.98,8.07,2723.0,181.0,1475.0,0,1174.0
DTW,2022-06-07,2022,6,358,0,0,50,0.0,0.1397,5.8,358,0,0,41,0.0,0.1145,-2.08,14.77,8.23,1870.0,30.0,526.0,0,524.0
DTW,2022-06-08,2022,6,363,2,0,50,0.0055,0.1385,7.77,361,4,0,60,0.0111,0.1681,3.53,15.34,8.06,2377.0,110.0,1232.0,0,447.0
DTW,2022-06-09,2022,6,380,5,1,66,0.0132,0.176,9.56,379,3,0,56,0.0079,0.1489,1.18,15.49,7.54,2385.0,227.0,554.0,0,897.0
DTW,2022-06-10,2022,6,381,2,0,61,0.0052,0.1609,7.85,383,4,0,64,0.0104,0.1689,1.53,16.21,7.95,1210.0,90.0,927.0,0,925.0
DTW,2022-06-11,2022,6,326,1,0,53,0.0031,0.1631,7.81,326,1,0,35,0.0031,0.1077,0.73,15.42,7.65,1436.0,113.0,773.0,0,674.0
DTW,2022-06-12,2022,6,379,7,0,90,0.0185,0.2419,16.21,378,9,1,77,0.0238,0.2087,14.08,15.94,8.1,3772.0,275.0,858.0,0,1286.0
DTW,2022-06-13,2022,6,379,4,2,60,0.0106,0.16,8.07,381,0,0,55,0.0,0.1444,2.27,15.04,8.58,1737.0,388.0,432.0,0,974.0
DTW,2022-06-14,2022,6,359,5,1,57,0.0139,0.161,8.31,359,7,0,60,0.0195,0.1705,3.15,15.15,8.1,2029.0,0,686.0,0,870.0
DTW,2022-06-15,2022,6,365,3,0,53,0.0082,0.1464,8.94,362,3,0,50,0.0083,0.1393,-1.03,15.21,7.82,2461.0,673.0,444.0,0,279.0
DTW,2022-06-16,2022,6,380,25,0,121,0.0658,0.3408,29.14,380,22,3,114,0.0579,0.3184,27.91,16.22,7.93,3399.0,622.0,3129.0,0,3424.0
DTW,2022-06-17,2022,6,383,29,0,132,0.0757,0.3729,24.25,384,30,1,118,0.0781,0.3333,18.36,14.85,9.42,4289.0,566.0,453.0,0,2195.0
DTW,2022-06-18,2022,6,325,10,1,73,0.0308,0.2317,14.04,327,13,0,56,0.0398,0.1783,6.01,13.84,8.93,2846.0,50.0,247.0,0,450.0
DTW,2022-06-19,2022,6,380,21,0,65,0.0553,0.1811,12.05,378,17,0,66,0.045,0.1828,4.99,15.25,8.93,2837.0,0,270.0,0,875.0
DTW,2022-06-20,2022,6,379,8,1,70,0.0211,0.1887,9.63,381,13,1,47,0.0341,0.1277,-1.33,14.96,8.43,2264.0,194.0,397.0,0,633.0
DTW,2022-06-21,2022,6,359,4,0,36,0.0111,0.1014,4.76,359,6,0,36,0.0167,0.102,-5.44,15.11,8.81,1616.0,0,280.0,51.0,219.0
DTW,2022-06-22,2022,6,366,18,0,78,0.0492,0.2241,14.44,362,17,0,54,0.047,0.1565,6.43,14.87,8.96,2774.0,254.0,2039.0,0,500.0
DTW,2022-06-23,2022,6,382,9,1,66,0.0236,0.1769,7.55,382,11,1,57,0.0288,0.1536,-0.89,15.53,9.14,1674.0,27.0,408.0,0,847.0
DTW,2022-06-24,2022,6,385,10,1,84,0.026,0.224,14.5,386,11,0,70,0.0285,0.1867,8.26,16.02,8.61,3938.0,142.0,592.0,0,772.0
DTW,2022-06-25,2022,6,327,14,1,49,0.0428,0.1565,15.47,328,15,0,47,0.0457,0.1502,2.64,15.37,9.15,4262.0,84.0,98.0,0,324.0
DTW,2022-06-26,2022,6,381,24,1,70,0.063,0.1961,16.08,380,19,0,78,0.05,0.2161,13.43,15.3,9.64,4696.0,89.0,519.0,0,623.0
DTW,2022-06-27,2022,6,383,11,3,104,0.0287,0.2796,18.65,385,18,0,74,0.0468,0.2016,6.95,15.29,8.78,5187.0,211.0,403.0,0,865.0
DTW,2022-06-28,2022,6,361,2,0,50,0.0055,0.1393,4.8,360,1,0,52,0.0028,0.1448,1.51,15.06,8.55,1276.0,0,147.0,0,593.0
DTW,2022-06-29,2022,6,368,4,1,29,0.0109,0.0797,1.43,365,3,1,32,0.0082,0.0884,-5.27,15.84,8.65,652.0,41.0,285.0,0,355.0
DTW,2022-06-30,2022,6,383,8,0,35,0.0209,0.0933,2.58,384,7,0,24,0.0182,0.0637,-4.16,14.83,8.42,1084.0,405.0,172.0,0,94.0
DTW,2022-12-01,2022,12,342,2,0,44,0.0058,0.1294,4.78,344,1,0,39,0.0029,0.1137,-1.22,14.68,8.87,1009.0,26.0,221.0,4.0,788.0
DTW,2022-12-02,2022,12,344,0,0,32,0.0,0.093,2.01,345,0,0,25,0.0,0.0725,-5.94,14.53,8.77,1156.0,51.0,332.0,0,119.0
DTW,2022-12-03,2022,12,292,0,2,24,0.0,0.0822,1.43,296,0,0,29,0.0,0.098,-6.62,15.78,8.87,625.0,0,570.0,0,316.0
DTW,2022-12-04,2022,12,345,0,2,37,0.0,0.1072,3.55,342,0,0,38,0.0,0.1111,2.4,17.72,9.14,1467.0,0,632.0,0,355.0
DTW,2022-12-05,2022,12,341,0,0,35,0.0,0.1026,4.46,343,0,0,28,0.0,0.0816,-7.74,14.48,8.45,967.0,311.0,261.0,0,760.0
DTW,2022-12-06,2022,12,316,0,1,17,0.0,0.0538,-0.76,317,0,0,16,0.0,0.0505,-12.25,14.57,8.34,659.0,170.0,413.0,0,94.0
DTW,2022-12-07,2022,12,327,0,0,32,0.0,0.0979,2.26,322,0,0,32,0.0,0.0994,-1.89,14.23,8.52,597.0,173.0,603.0,0,420.0
DTW,2022-12-08,2022,12,343,0,0,30,0.0,0.0875,1.76,342,0,0,32,0.0,0.0936,-6.7,14.21,8.87,602.0,3.0,166.0,0,667.0
DTW,2022-12-09,2022,12,345,0,0,35,0.0,0.1014,2.5,345,1,0,35,0.0029,0.1017,-4.52,14.72,9.02,866.0,359.0,377.0,0,67.0
DTW,2022-12-10,2022,12,292,0,0,33,0.0,0.113,3.44,295,0,0,36,0.0,0.122,-3.78,14.35,8.92,718.0,0,332.0,0,363.0
DTW,2022-12-11,2022,12,345,1,1,46,0.0029,0.1337,6.53,342,1,0,35,0.0029,0.1026,-0.86,14.21,9.13,1288.0,0,647.0,0,923.0
DTW,2022-12-12,2022,12,337,0,0,43,0.0,0.1276,3.56,338,1,0,48,0.003,0.1424,-1.16,13.8,8.85,486.0,215.0,338.0,0,645.0
DTW,2022-12-13,2022,12,315,2,0,33,0.0063,0.1054,2.5,315,3,0,42,0.0095,0.1346,-0.72,14.73,8.66,664.0,41.0,565.0,0,366.0
DTW,2022-12-14,2022,12,319,3,1,33,0.0094,0.1044,4.3,318,0,0,29,0.0,0.0912,-5.31,14.24,8.94,1119.0,0,169.0,0,546.0
DTW,2022-12-15,2022,12,337,4,1,56,0.0119,0.1682,7.64,338,4,0,66,0.0118,0.1976,3.08,15.4,8.99,1122.0,218.0,849.0,0,672.0
DTW,2022-12-16,2022,12,344,5,0,69,0.0145,0.2035,13.32,345,4,0,80,0.0116,0.2346,8.81,23.4,9.27,1851.0,856.0,2010.0,3.0,1300.0
DTW,2022-12-17,2022,12,291,0,1,65,0.0,0.2234,13.97,294,0,0,89,0.0,0.3027,11.41,28.22,9.51,2949.0,177.0,1150.0,0,922.0
DTW,2022-12-18,2022,12,323,0,0,54,0.0,0.1672,7.99,319,1,0,68,0.0031,0.2138,7.71,27.18,9.78,1368.0,465.0,1158.0,4.0,719.0
DTW,2022-12-19,2022,12,320,0,0,51,0.0,0.1594,6.63,321,0,0,65,0.0,0.2025,9.04,21.4,9.34,1135.0,501.0,582.0,0,540.0
DTW,2022-12-20,2022,12,320,2,0,34,0.0063,0.1069,2.73,320,3,0,45,0.0094,0.142,-2.92,15.5,8.91,644.0,30.0,335.0,0,351.0
DTW,2022-12-21,2022,12,323,4,0,66,0.0124,0.2069,9.57,320,1,0,72,0.0031,0.2257,10.56,18.2,9.03,1617.0,281.0,316.0,39.0,584.0
DTW,2022-12-22,2022,12,327,28,2,96,0.0856,0.3211,24.51,329,42,2,79,0.1277,0.2753,16.82,17.39,9.37,2554.0,1537.0,837.0,0,2463.0
DTW,2022-12-23,2022,12,327,186,2,112,0.5688,0.7943,106.12,327,168,0,113,0.5138,0.7107,92.97,39.26,24.96,6366.0,3879.0,2087.0,0,4029.0
DTW,2022-12-24,2022,12,252,77,0,134,0.3056,0.7657,82.16,261,82,1,118,0.3142,0.6592,68.66,38.81,15.77,8790.0,2193.0,2419.0,0,2625.0
DTW,2022-12-25,2022,12,251,45,0,126,0.1793,0.6117,47.76,248,52,0,91,0.2097,0.4643,43.26,37.85,12.61,5950.0,1714.0,1769.0,129.0,1548.0
DTW,2022-12-26,2022,12,317,32,1,141,0.1009,0.4947,35.82,315,41,0,123,0.1302,0.4489,30.34,25.31,10.79,5791.0,463.0,1499.0,0,2272.0
DTW,2022-12-27,2022,12,315,14,1,93,0.0444,0.309,17.84,315,14,0,73,0.0444,0.2425,6.54,18.99,10.42,2531.0,75.0,356.0,0,876.0
DTW,2022-12-28,2022,12,315,8,2,79,0.0254,0.2573,14.36,315,9,0,53,0.0286,0.1732,3.0,15.54,9.57,1835.0,104.0,277.0,0,954.0
DTW,2022-12-29,2022,12,314,8,0,53,0.0255,0.1732,10.96,315,6,0,30,0.019,0.0971,-0.22,15.64,9.25,1900.0,49.0,219.0,0,787.0
DTW,2022-12-30,2022,12,313,0,0,59,0.0,0.1885,18.31,314,0,0,42,0.0,0.1338,-4.25,15.42,10.31,4373.0,0,170.0,55.0,713.0
DTW,2022-12-31,2022,12,254,0,1,34,0.0,0.1339,8.29,256,0,0,26,0.0,0.1016,0.64,15.32,9.42,1138.0,48.0,743.0,38.0,341.0
DTW,2023-01-01,2023,1,255,3,0,48,0.0118,0.1905,9.61,254,2,0,47,0.0079,0.1865,3.83,15.02,10.06,1299.0,62.0,375.0,0,521.0
DTW,2023-01-02,2023,1,318,2,1,97,0.0063,0.307,20.41,315,4,0,84,0.0127,0.2701,13.86,15.14,9.43,2487.0,507.0,1757.0,31.0,1188.0
DTW,2023-01-03,2023,1,316,7,2,74,0.0222,0.2395,15.48,318,7,0,74,0.022,0.2379,15.26,15.51,10.63,2226.0,153.0,533.0,0,870.0
DTW,2023-01-04,2023,1,314,11,1,87,0.035,0.2871,23.14,314,9,1,82,0.0287,0.2689,18.12,15.31,9.44,3409.0,300.0,2001.0,0,853.0
DTW,2023-01-05,2023,1,311,2,0,69,0.0064,0.2233,14.32,312,4,0,80,0.0128,0.2597,9.34,17.23,9.05,1691.0,797.0,254.0,17.0,1548.0
DTW,2023-01-06,2023,1,313,1,0,35,0.0032,0.1122,5.91,312,1,0,35,0.0032,0.1125,-1.98,20.96,9.44,1895.0,0,289.0,0,105.0
DTW,2023-01-07,2023,1,301,1,1,45,0.0033,0.15,12.1,297,1,0,44,0.0034,0.1486,3.85,24.49,9.97,3081.0,0,667.0,0,328.0
DTW,2023-01-08,2023,1,327,0,0,50,0.0,0.1529,12.07,324,0,0,53,0.0,0.1636,-0.41,15.3,9.38,3397.0,20.0,463.0,0,274.0
DTW,2023-01-09,2023,1,331,0,0,56,0.0,0.1692,8.59,331,0,0,44,0.0,0.1329,1.58,18.66,9.35,2133.0,241.0,285.0,0,534.0
DTW,2023-01-10,2023,1,316,0,1,36,0.0,0.1139,1.98,316,0,0,29,0.0,0.0918,-5.29,16.5,8.89,730.0,149.0,89.0,0,14.0
DTW,2023-01-11,2023,1,322,6,1,188,0.0186,0.5949,53.99,320,9,0,148,0.0281,0.4759,33.44,16.77,8.83,6580.0,18.0,2851.0,677.0,4264.0
DTW,2023-01-12,2023,1,331,3,0,66,0.0091,0.2012,11.98,331,0,1,56,0.0,0.1692,4.3,14.92,9.35,2165.0,132.0,913.0,0,780.0
DTW,2023-01-13,2023,1,334,2,0,75,0.006,0.2259,14.45,334,4,0,91,0.012,0.2758,14.71,23.05,9.98,2004.0,478.0,578.0,0,1573.0
DTW,2023-01-14,2023,1,280,0,0,45,0.0,0.1607,9.99,282,0,0,46,0.0,0.1631,-1.02,15.47,9.64,1804.0,98.0,248.0,0,251.0
DTW,2023-01-15,2023,1,289,0,0,37,0.0,0.128,5.45,292,0,0,31,0.0,0.1062,-4.42,20.27,9.26,1703.0,0,374.0,0,67.0
DTW,2023-01-16,2023,1,334,0,0,39,0.0,0.1168,1.5,332,0,0,42,0.0,0.1265,-4.38,18.72,9.37,365.0,0,280.0,0,290.0
DTW,2023-01-17,2023,1,324,1,0,37,0.0031,0.1146,3.12,324,0,0,31,0.0,0.0957,-7.05,14.95,9.06,764.0,140.0,71.0,0,351.0
DTW,2023-01-18,2023,1,330,2,0,32,0.0061,0.0976,1.95,328,3,0,30,0.0091,0.0923,-5.94,14.51,8.9,1109.0,19.0,129.0,0,159.0
DTW,2023-01-19,2023,1,338,2,1,53,0.0059,0.1577,7.97,339,4,0,50,0.0118,0.1493,-0.44,17.04,9.83,1278.0,402.0,769.0,0,317.0
DTW,2023-01-20,2023,1,342,1,0,36,0.0029,0.1056,4.06,343,1,0,45,0.0029,0.1316,-1.46,16.49,9.32,1180.0,178.0,140.0,0,344.0
DTW,2023-01-21,2023,1,286,0,1,36,0.0,0.1259,3.12,287,0,0,30,0.0,0.1045,-2.74,18.89,9.77,878.0,0,84.0,16.0,282.0
DTW,2023-01-22,2023,1,335,1,0,123,0.003,0.3683,26.8,335,3,0,125,0.009,0.3765,23.75,39.18,11.03,5085.0,1752.0,3751.0,0,2476.0
DTW,2023-01-23,2023,1,336,4,0,60,0.0119,0.1807,9.41,338,3,0,59,0.0089,0.1761,4.8,22.03,9.36,1429.0,693.0,750.0,0,685.0
DTW,2023-01-24,2023,1,325,0,0,26,0.0,0.08,-1.21,325,1,0,31,0.0031,0.0957,-6.02,17.81,8.6,427.0,0,251.0,0,39.0
DTW,2023-01-25,2023,1,330,32,0,130,0.097,0.4362,49.28,328,33,2,159,0.1006,0.539,52.75,43.58,13.03,4405.0,3292.0,6820.0,0,4830.0
DTW,2023-01-26,2023,1,340,1,0,95,0.0029,0.2802,15.78,340,2,0,89,0.0059,0.2633,12.28,30.07,9.54,2644.0,1711.0,1002.0,0,905.0
DTW,2023-01-27,2023,1,343,1,0,56,0.0029,0.1637,8.96,343,1,0,69,0.0029,0.2018,12.06,27.68,10.63,2690.0,121.0,1158.0,6.0,633.0
DTW,2023-01-28,2023,1,288,0,2,24,0.0,0.0833,1.87,289,0,1,30,0.0,0.1038,0.22,15.1,9.46,886.0,29.0,58.0,0,155.0
DTW,2023-01-29,2023,1,336,1,0,73,0.003,0.2179,13.04,335,2,0,76,0.006,0.2282,8.5,27.71,10.34,3231.0,482.0,1745.0,0,997.0
DTW,2023-01-30,2023,1,336,1,2,63,0.003,0.1881,12.16,338,2,0,80,0.0059,0.2381,10.2,29.35,10.57,2444.0,1029.0,2426.0,0,937.0
DTW,2023-01-31,2023,1,324,10,1,67,0.0309,0.2134,12.96,323,8,0,58,0.0248,0.1841,4.3,17.97,9.34,2293.0,178.0,611.0,0,1265.0
DTW,2023-06-01,2023,6,361,2,1,74,0.0055,0.2061,17.24,361,2,0,63,0.0055,0.1755,9.63,15.49,7.58,3511.0,64.0,1033.0,0,2060.0
DTW,2023-06-02,2023,6,364,1,1,67,0.0027,0.1846,13.2,364,1,0,73,0.0027,0.2011,6.75,14.88,7.86,2590.0,50.0,1227.0,0,1172.0
DTW,2023-06-03,2023,6,306,2,2,53,0.0065,0.1743,9.46,306,1,1,62,0.0033,0.2033,11.7,14.27,7.81,1941.0,0,280.0,0,651.0
DTW,2023-06-04,2023,6,358,0,0,48,0.0,0.1341,6.44,356,0,0,50,0.0,0.1404,-1.85,14.13,7.84,1575.0,124.0,176.0,0,892.0
DTW,2023-06-05,2023,6,367,1,0,35,0.0027,0.0956,4.71,369,0,0,49,0.0,0.1328,1.12,15.29,7.99,379.0,0,146.0,0,1513.0
DTW,2023-06-06,2023,6,344,0,1,47,0.0,0.1366,9.56,344,0,0,68,0.0,0.1977,10.75,14.34,7.67,1715.0,0,147.0,0,1664.0
DTW,2023-06-07,2023,6,352,0,0,57,0.0,0.1619,5.55,349,0,0,55,0.0,0.1576,1.55,15.09,7.59,866.0,85.0,738.0,0,450.0
DTW,2023-06-08,2023,6,361,0,2,61,0.0,0.169,7.87,361,0,0,56,0.0,0.1551,5.81,15.12,7.7,1846.0,121.0,652.0,0,471.0
DTW,2023-06-09,2023,6,367,0,0,69,0.0,0.188,10.86,366,0,0,75,0.0,0.2049,6.75,15.17,7.9,2030.0,0,149.0,28.0,1591.0
DTW,2023-06-10,2023,6,310,0,0,38,0.0,0.1226,4.03,310,1,0,41,0.0032,0.1327,1.85,15.2,7.39,1103.0,101.0,505.0,0,399.0
DTW,2023-06-11,2023,6,355,2,1,64,0.0056,0.1813,8.86,356,1,0,68,0.0028,0.1915,4.85,15.45,8.55,2328.0,105.0,494.0,0,818.0
DTW,2023-06-12,2023,6,363,7,0,88,0.0193,0.2472,12.81,364,6,1,66,0.0165,0.1844,5.81,15.7,7.84,1727.0,43.0,798.0,0,1911.0
DTW,2023-06-13,2023,6,339,1,1,74,0.0029,0.2189,8.93,340,0,0,66,0.0,0.1941,2.18,15.88,7.68,1872.0,17.0,390.0,0,598.0
DTW,2023-06-14,2023,6,350,2,2,78,0.0057,0.2241,13.93,348,2,0,74,0.0057,0.2139,8.01,16.08,7.99,2017.0,110.0,1505.0,0,1457.0
DTW,2023-06-15,2023,6,361,4,1,145,0.0111,0.4062,30.4,361,4,5,135,0.0111,0.3782,22.8,16.46,8.99,3959.0,2854.0,928.0,0,2699.0
DTW,2023-06-16,2023,6,367,7,0,130,0.0191,0.3611,23.93,366,7,1,108,0.0191,0.3008,16.1,15.2,8.22,4303.0,318.0,944.0,0,2346.0
DTW,2023-06-17,2023,6,311,7,1,77,0.0225,0.2533,13.62,310,4,0,71,0.0129,0.232,10.44,15.61,8.81,1355.0,492.0,1149.0,6.0,1122.0
DTW,2023-06-18,2023,6,355,5,0,88,0.0141,0.2514,17.64,356,7,1,74,0.0197,0.212,12.59,15.45,9.12,4341.0,5.0,431.0,0,1221.0
DTW,2023-06-19,2023,6,362,3,2,73,0.0083,0.2033,9.94,364,5,0,69,0.0137,0.1922,6.31,16.26,8.52,2300.0,58.0,408.0,0,971.0
DTW,2023-06-20,2023,6,340,3,2,69,0.0088,0.2047,7.3,341,2,0,72,0.0059,0.2124,4.94,16.58,8.43,1408.0,0,428.0,0,569.0
DTW,2023-06-21,2023,6,352,1,2,71,0.0028,0.2023,8.11,350,2,0,57,0.0057,0.1638,2.24,15.87,8.43,1629.0,0,885.0,41.0,608.0
DTW,2023-06-22,2023,6,364,6,1,90,0.0165,0.2514,16.3,363,6,1,77,0.0165,0.2157,10.1,17.15,8.46,2695.0,53.0,1408.0,22.0,2219.0
DTW,2023-06-23,2023,6,367,2,2,95,0.0054,0.2603,19.69,366,4,0,95,0.0109,0.2624,18.42,17.0,8.81,3304.0,157.0,1715.0,0,2496.0
DTW,2023-06-24,2023,6,309,3,0,62,0.0097,0.2026,11.36,308,4,0,59,0.013,0.1941,4.71,15.09,8.73,2153.0,29.0,791.0,0,627.0
DTW,2023-06-25,2023,6,355,32,1,116,0.0901,0.3591,39.62,357,25,2,111,0.07,0.3343,35.53,18.12,10.25,5394.0,1533.0,3870.0,0,3681.0
DTW,2023-06-26,2023,6,361,37,2,140,0.1025,0.4321,43.73,363,46,1,120,0.1267,0.3785,52.65,16.52,9.97,7903.0,1039.0,1485.0,0,3252.0
DTW,2023-06-27,2023,6,342,26,0,118,0.076,0.3734,28.88,343,28,0,109,0.0816,0.346,28.34,17.03,9.14,3689.0,45.0,2784.0,0,1994.0
DTW,2023-06-28,2023,6,352,11,1,94,0.0312,0.2757,19.22,350,14,0,82,0.04,0.244,14.76,15.18,8.63,3881.0,0,366.0,0,1683.0
DTW,2023-06-29,2023,6,363,3,2,94,0.0083,0.2611,22.36,364,2,0,85,0.0055,0.2348,17.89,15.6,8.97,3472.0,207.0,1124.0,0,2853.0
DTW,2023-06-30,2023,6,366,1,0,90,0.0027,0.2466,23.41,366,3,0,86,0.0082,0.2369,12.12,15.94,8.76,5318.0,46.0,1049.0,0,2042.0
DTW,2023-07-01,2023,7,322,0,1,127,0.0,0.3944,34.7,321,0,0,114,0.0,0.3551,26.29,17.39,9.48,6321.0,829.0,1270.0,0,2792.0
DTW,2023-07-02,2023,7,316,4,0,131,0.0127,0.4199,31.04,318,2,0,120,0.0063,0.3797,23.58,17.74,11.58,4193.0,1925.0,1427.0,8.0,2249.0
DTW,2023-07-03,2023,7,301,0,0,50,0.0,0.1661,10.34,305,1,0,51,0.0033,0.1678,10.37,16.43,10.09,1655.0,559.0,304.0,25.0,867.0
DTW,2023-07-04,2023,7,283,4,0,28,0.0141,0.1004,2.58,283,3,0,30,0.0106,0.1071,-0.47,15.19,8.65,653.0,15.0,683.0,0,247.0
DTW,2023-07-05,2023,7,355,1,2,72,0.0028,0.2034,12.45,351,3,0,71,0.0085,0.204,3.86,15.12,8.89,2336.0,516.0,624.0,2.0,1374.0
DTW,2023-07-06,2023,7,334,3,0,43,0.009,0.1299,10.1,334,2,0,43,0.006,0.1295,2.75,16.15,8.42,2345.0,45.0,552.0,0,1115.0
DTW,2023-07-07,2023,7,333,5,2,71,0.015,0.2165,20.35,332,6,0,79,0.0181,0.2423,14.75,16.49,8.46,2957.0,3.0,1910.0,0,2379.0
DTW,2023-07-08,2023,7,326,2,1,63,0.0061,0.1944,12.53,325,4,0,64,0.0123,0.1994,10.69,15.45,8.87,1631.0,86.0,1135.0,0,1584.0
DTW,2023-07-09,2023,7,361,30,1,84,0.0831,0.2538,21.21,361,26,0,84,0.072,0.2507,23.6,15.56,9.39,3378.0,385.0,1187.0,0,1783.0
DTW,2023-07-10,2023,7,372,10,0,88,0.0269,0.2431,15.56,373,7,0,77,0.0188,0.2104,8.23,15.65,8.71,2497.0,62.0,648.0,0,2189.0
DTW,2023-07-11,2023,7,363,0,0,70,0.0,0.1928,10.5,364,2,2,77,0.0055,0.2127,6.01,16.21,8.51,1683.0,205.0,618.0,0,1488.0
DTW,2023-07-12,2023,7,365,4,1,55,0.011,0.1524,9.53,365,4,0,51,0.011,0.1413,8.23,16.62,9.12,1410.0,196.0,1490.0,0,1249.0
DTW,2023-07-13,2023,7,375,5,0,69,0.0133,0.1865,11.82,374,3,0,59,0.008,0.159,3.2,15.72,8.93,1605.0,198.0,901.0,0,2177.0
DTW,2023-07-14,2023,7,377,16,5,119,0.0424,0.3296,28.01,376,14,1,109,0.0372,0.3011,24.45,17.09,9.35,4490.0,222.0,2302.0,0,3275.0
DTW,2023-07-15,2023,7,340,3,1,96,0.0088,0.2849,18.06,339,4,0,84,0.0118,0.2507,13.36,16.01,8.96,3330.0,105.0,955.0,11.0,1505.0
DTW,2023-07-16,2023,7,370,18,2,121,0.0486,0.3438,28.52,370,15,0,134,0.0405,0.3775,30.41,16.35,9.19,4036.0,876.0,1183.0,0,3903.0
DTW,2023-07-17,2023,7,373,5,0,104,0.0134,0.2826,17.15,374,8,0,88,0.0214,0.2404,14.21,15.3,8.75,2758.0,0,1163.0,0,2438.0
DTW,2023-07-18,2023,7,363,11,4,86,0.0303,0.2443,18.2,364,10,0,67,0.0275,0.1893,5.66,15.07,9.01,2456.0,0,2661.0,0,1414.0
DTW,2023-07-19,2023,7,366,2,1,70,0.0055,0.1923,12.7,366,6,0,64,0.0164,0.1778,3.36,15.1,8.9,3196.0,0,288.0,0,1013.0
DTW,2023-07-20,2023,7,376,10,1,137,0.0266,0.3743,31.06,375,7,11,120,0.0187,0.3261,22.75,18.55,9.29,3417.0,2936.0,2062.0,0,4798.0
DTW,2023-07-21,2023,7,378,9,1,126,0.0238,0.3415,23.65,377,8,0,113,0.0212,0.3062,21.46,15.69,9.07,4457.0,279.0,1375.0,0,1975.0
DTW,2023-07-22,2023,7,339,4,1,87,0.0118,0.2597,15.38,339,7,0,69,0.0206,0.2078,8.68,15.7,9.45,3185.0,474.0,582.0,0,703.0
DTW,2023-07-23,2023,7,371,3,0,120,0.0081,0.3261,19.05,371,4,0,120,0.0108,0.327,15.38,16.65,9.34,3252.0,32.0,931.0,0,2641.0
DTW,2023-07-24,2023,7,374,1,0,72,0.0027,0.193,8.19,375,0,0,77,0.0,0.2053,4.36,15.93,8.66,1383.0,69.0,653.0,0,1129.0
DTW,2023-07-25,2023,7,363,12,2,76,0.0331,0.2165,21.33,364,12,0,70,0.033,0.1989,8.45,15.84,8.72,3566.0,464.0,2501.0,0,859.0
DTW,2023-07-26,2023,7,366,6,1,161,0.0164,0.4472,39.98,366,6,2,131,0.0164,0.3639,26.06,19.84,11.46,5941.0,3190.0,1776.0,40.0,4479.0
DTW,2023-07-27,2023,7,377,9,1,105,0.0239,0.2853,21.59,376,10,1,82,0.0266,0.224,15.99,16.02,9.02,3389.0,381.0,1467.0,0,2358.0
DTW,2023-07-28,2023,7,378,7,0,112,0.0185,0.3019,23.72,377,7,1,116,0.0186,0.3135,16.51,17.01,9.59,3404.0,1108.0,1644.0,0,3358.0
DTW,2023-07-29,2023,7,339,9,0,100,0.0265,0.303,25.48,339,13,0,92,0.0383,0.2822,17.14,15.65,9.75,4393.0,83.0,1402.0,0,2369.0
DTW,2023-07-30,2023,7,371,4,0,74,0.0108,0.2016,9.93,371,2,0,68,0.0054,0.1843,5.62,15.43,9.28,2031.0,0,689.0,47.0,1205.0
DTW,2023-07-31,2023,7,372,3,0,66,0.0081,0.1789,6.88,374,5,0,60,0.0134,0.1626,3.97,15.38,9.53,1459.0,0,664.0,0,663.0
DTW,2023-12-01,2023,12,334,0,1,31,0.0,0.0928,2.94,334,0,0,30,0.0,0.0898,-1.84,14.89,9.56,1376.0,0,258.0,0,135.0
DTW,2023-12-02,2023,12,301,0,2,31,0.0,0.103,4.33,300,0,1,26,0.0,0.0867,-6.77,14.42,9.2,1476.0,0,198.0,0,602.0
DTW,2023-12-03,2023,12,328,0,1,92,0.0,0.2805,28.14,328,0,11,80,0.0,0.2439,22.73,17.1,10.45,3928.0,2802.0,687.0,0,1901.0
DTW,2023-12-04,2023,12,329,0,1,31,0.0,0.0942,2.49,327,0,1,25,0.0,0.0765,-3.67,15.08,9.11,1098.0,117.0,84.0,0,123.0
DTW,2023-12-05,2023,12,310,0,0,29,0.0,0.0935,0.36,311,1,0,26,0.0032,0.0839,-4.66,16.07,9.22,533.0,65.0,140.0,0,171.0
DTW,2023-12-06,2023,12,314,0,0,28,0.0,0.0892,1.64,311,0,0,31,0.0,0.0997,-3.59,20.34,8.89,698.0,68.0,185.0,0,360.0
DTW,2023-12-07,2023,12,361,0,1,47,0.0,0.1302,4.29,360,0,0,33,0.0,0.0917,-7.04,14.79,8.67,1294.0,204.0,84.0,0,236.0
DTW,2023-12-08,2023,12,361,0,0,31,0.0,0.0859,0.99,361,0,0,21,0.0,0.0582,-12.83,16.18,8.89,1052.0,0,109.0,0,143.0
DTW,2023-12-09,2023,12,302,0,0,27,0.0,0.0894,0.59,303,0,0,19,0.0,0.0627,-10.15,15.22,8.87,817.0,28.0,158.0,0,211.0
DTW,2023-12-10,2023,12,358,1,0,56,0.0028,0.1569,10.36,357,1,0,52,0.0028,0.1461,0.13,16.68,9.22,2009.0,202.0,1734.0,0,1151.0
DTW,2023-12-11,2023,12,359,2,0,62,0.0056,0.1737,8.02,358,1,1,40,0.0028,0.112,3.31,16.14,9.18,2117.0,0,397.0,0,394.0
DTW,2023-12-12,2023,12,339,0,0,13,0.0,0.0383,-3.66,339,0,0,15,0.0,0.0442,-10.48,17.72,8.98,29.0,0,132.0,0,35.0
DTW,2023-12-13,2023,12,342,0,0,15,0.0,0.0439,-2.03,342,1,0,17,0.0029,0.0499,-7.87,18.99,8.79,286.0,0,208.0,0,57.0
DTW,2023-12-14,2023,12,358,0,0,29,0.0,0.081,2.38,357,0,0,30,0.0,0.084,-7.74,15.42,8.62,994.0,0,62.0,0,293.0
DTW,2023-12-15,2023,12,357,0,0,31,0.0,0.0868,1.58,360,0,0,33,0.0,0.0917,-6.94,16.73,9.13,386.0,24.0,81.0,0,470.0
DTW,2023-12-16,2023,12,303,0,0,22,0.0,0.0726,1.54,308,0,0,23,0.0,0.0747,-8.18,14.26,8.91,369.0,0,155.0,0,442.0
DTW,2023-12-17,2023,12,320,1,0,44,0.0031,0.1379,10.73,318,1,0,43,0.0031,0.1356,-1.05,15.34,9.67,1009.0,0,1109.0,0,1507.0
DTW,2023-12-18,2023,12,320,2,3,71,0.0063,0.2233,15.15,319,2,0,65,0.0063,0.205,6.51,28.66,9.77,2504.0,239.0,1942.0,0,1340.0
DTW,2023-12-19,2023,12,317,0,0,53,0.0,0.1672,7.06,317,0,0,48,0.0,0.1514,-0.1,15.59,9.34,1038.0,0,94.0,0,819.0
DTW,2023-12-20,2023,12,318,0,0,40,0.0,0.1258,5.18,320,0,0,41,0.0,0.1281,-4.53,15.06,8.97,1226.0,0,117.0,0,278.0
DTW,2023-12-21,2023,12,328,0,0,34,0.0,0.1037,1.62,326,0,0,30,0.0,0.092,-7.51,14.62,8.71,351.0,0,201.0,4.0,342.0
DTW,2023-12-22,2023,12,330,2,0,49,0.0061,0.1494,6.05,330,1,0,37,0.003,0.1125,-2.82,16.34,9.43,1488.0,0,135.0,124.0,170.0
DTW,2023-12-23,2023,12,322,2,1,56,0.0062,0.175,13.7,326,2,0,55,0.0061,0.1698,3.47,16.35,9.48,666.0,1889.0,182.0,0,1296.0
DTW,2023-12-24,2023,12,256,4,1,35,0.0156,0.1389,15.22,260,3,0,32,0.0115,0.1245,2.91,16.63,11.01,1709.0,986.0,738.0,0,854.0
DTW,2023-12-25,2023,12,252,1,1,22,0.004,0.0876,4.14,249,2,0,30,0.008,0.1215,-3.87,15.17,9.36,677.0,531.0,23.0,5.0,182.0
DTW,2023-12-26,2023,12,322,1,0,59,0.0031,0.1838,10.59,318,1,0,62,0.0031,0.1956,3.84,16.5,9.15,855.0,38.0,1697.0,0,954.0
DTW,2023-12-27,2023,12,321,0,2,58,0.0,0.1807,9.93,321,0,0,47,0.0,0.1464,0.52,15.61,9.47,1205.0,677.0,962.0,0,517.0
DTW,2023-12-28,2023,12,322,0,1,43,0.0,0.1335,6.33,323,0,0,43,0.0,0.1331,-2.73,15.68,9.5,908.0,11.0,452.0,0,834.0
DTW,2023-12-29,2023,12,321,0,0,29,0.0,0.0903,1.22,322,0,0,30,0.0,0.0932,-7.72,16.92,9.29,406.0,31.0,240.0,0,93.0
DTW,2023-12-30,2023,12,318,0,1,37,0.0,0.1164,2.32,322,0,0,36,0.0,0.1118,-2.46,16.06,9.09,318.0,188.0,105.0,0,144.0
DTW,2023-12-31,2023,12,259,0,0,26,0.0,0.1004,1.96,261,0,0,42,0.0,0.1609,-3.39,17.7,9.05,432.0,14.0,87.0,0,158.0
DTW,2024-01-01,2024,1,262,0,0,20,0.0,0.0763,1.06,260,0,0,28,0.0,0.1077,-0.37,17.84,9.15,373.0,10.0,134.0,0,205.0
DTW,2024-01-02,2024,1,316,0,0,35,0.0,0.1108,1.41,315,0,0,42,0.0,0.1333,-3.17,16.17,8.98,445.0,28.0,142.0,0,219.0
DTW,2024-01-03,2024,1,303,0,0,41,0.0,0.1353,4.91,304,0,1,51,0.0,0.1678,0.01,33.8,9.16,889.0,22.0,1617.0,9.0,921.0
DTW,2024-01-04,2024,1,305,0,0,27,0.0,0.0885,0.61,303,0,0,28,0.0,0.0924,-2.81,18.47,9.29,483.0,25.0,62.0,0,83.0
DTW,2024-01-05,2024,1,306,0,0,29,0.0,0.0948,4.94,306,0,0,27,0.0,0.0882,-5.48,18.04,9.25,1794.0,0,159.0,0,438.0
DTW,2024-01-06,2024,1,294,3,1,49,0.0102,0.1684,15.7,291,1,0,66,0.0034,0.2276,7.61,24.16,9.51,2021.0,2125.0,1372.0,0,590.0
DTW,2024-01-07,2024,1,312,2,1,64,0.0064,0.2065,12.65,313,5,0,77,0.016,0.25,8.36,27.85,9.86,1883.0,55.0,2454.0,0,1070.0
DTW,2024-01-08,2024,1,314,0,3,32,0.0,0.1019,3.95,316,1,0,56,0.0032,0.1778,4.02,15.86,9.23,800.0,7.0,599.0,0,810.0
DTW,2024-01-09,2024,1,297,8,5,93,0.0269,0.3218,32.99,301,6,0,124,0.0199,0.4203,42.3,19.46,10.36,5363.0,1131.0,2145.0,0,1939.0
DTW,2024-01-10,2024,1,297,3,0,61,0.0101,0.2075,12.07,296,4,0,53,0.0135,0.1815,4.76,19.67,9.32,2745.0,230.0,246.0,0,479.0
DTW,2024-01-11,2024,1,316,6,0,44,0.019,0.1419,12.22,315,2,0,57,0.0063,0.1821,1.61,28.04,9.54,2612.0,97.0,1419.0,17.0,1456.0
DTW,2024-01-12,2024,1,320,116,1,81,0.3625,0.3971,129.38,319,88,28,67,0.2759,0.29,40.55,33.49,25.39,5319.0,19377.0,3293.0,0,1477.0
DTW,2024-01-13,2024,1,270,47,1,157,0.1741,0.704,78.22,271,68,0,130,0.2509,0.6404,83.22,43.34,15.62,9892.0,3304.0,4911.0,0,3369.0
DTW,2024-01-14,2024,1,283,14,0,192,0.0495,0.7138,67.36,281,15,1,148,0.0534,0.5564,51.17,25.01,18.01,6058.0,7707.0,1985.0,0,2616.0
DTW,2024-01-15,2024,1,326,34,1,207,0.1043,0.7089,76.45,327,34,0,176,0.104,0.6007,60.8,19.89,17.87,5227.0,9128.0,1681.0,62.0,5755.0
DTW,2024-01-16,2024,1,295,18,0,172,0.061,0.6209,59.19,295,17,0,163,0.0576,0.5863,64.54,23.62,13.04,8132.0,2348.0,2608.0,11.0,3290.0
DTW,2024-01-17,2024,1,307,11,0,109,0.0358,0.3682,29.78,303,10,0,90,0.033,0.3072,31.06,16.58,11.01,3608.0,1477.0,1399.0,0,1428.0
DTW,2024-01-18,2024,1,329,7,0,109,0.0213,0.3385,26.61,328,7,0,98,0.0213,0.3053,17.36,36.39,10.87,6510.0,654.0,3248.0,0,1372.0
DTW,2024-01-19,2024,1,333,6,0,154,0.018,0.4709,51.72,334,7,0,168,0.021,0.5138,42.89,36.39,13.72,10409.0,1174.0,4990.0,8.0,3590.0
DTW,2024-01-20,2024,1,275,2,0,79,0.0073,0.2894,21.51,276,1,0,68,0.0036,0.2473,11.2,21.27,11.04,4130.0,393.0,439.0,0,499.0
DTW,2024-01-21,2024,1,328,2,1,111,0.0061,0.3405,21.92,327,2,0,71,0.0061,0.2185,11.71,22.64,12.81,5156.0,11.0,782.0,30.0,592.0
DTW,2024-01-22,2024,1,326,9,1,82,0.0276,0.2587,19.75,329,8,2,76,0.0243,0.2368,14.73,32.35,12.29,4187.0,698.0,3428.0,0,739.0
DTW,2024-01-23,2024,1,293,8,0,65,0.0273,0.2281,24.1,293,5,1,77,0.0171,0.2674,17.07,24.56,10.53,2689.0,1840.0,1300.0,0,1832.0
DTW,2024-01-24,2024,1,306,13,4,47,0.0425,0.1604,6.05,303,8,0,44,0.0264,0.1492,-1.44,17.08,10.34,981.0,282.0,382.0,0,650.0
DTW,2024-01-25,2024,1,330,9,1,58,0.0273,0.1807,15.3,329,15,0,59,0.0456,0.1879,8.53,17.26,10.27,2296.0,1753.0,692.0,0,503.0
DTW,2024-01-26,2024,1,333,4,0,41,0.012,0.1246,8.09,334,3,0,47,0.009,0.142,2.68,16.59,10.37,2286.0,137.0,189.0,0,243.0
DTW,2024-01-27,2024,1,276,1,1,28,0.0036,0.1018,2.94,277,3,0,32,0.0108,0.1168,-2.34,16.37,9.32,894.0,162.0,274.0,0,338.0
DTW,2024-01-28,2024,1,328,0,0,81,0.0,0.247,16.97,328,0,1,87,0.0,0.2652,11.34,31.94,10.53,3062.0,236.0,3067.0,0,1895.0
DTW,2024-01-29,2024,1,316,1,1,30,0.0032,0.0952,3.17,320,1,1,45,0.0031,0.1411,-2.31,17.17,9.17,806.0,0,114.0,0,530.0
DTW,2024-01-30,2024,1,284,0,1,53,0.0,0.1866,15.93,284,0,0,60,0.0,0.2113,6.53,34.51,10.21,1874.0,2662.0,1917.0,0,575.0
DTW,2024-01-31,2024,1,293,0,0,27,0.0,0.0922,1.14,292,0,0,24,0.0,0.0822,-5.63,16.61,9.11,773.0,51.0,7.0,0,186.0
DTW,2024-06-01,2024,6,322,3,2,38,0.0093,0.1191,5.01,323,3,0,36,0.0093,0.1125,1.71,15.29,8.64,1638.0,0,222.0,0,355.0
DTW,2024-06-02,2024,6,382,0,2,85,0.0,0.2225,15.22,380,0,2,72,0.0,0.1895,12.82,16.2,8.08,3825.0,7.0,648.0,32.0,1895.0
DTW,2024-06-03,2024,6,385,0,0,104,0.0,0.2701,23.95,385,0,1,97,0.0,0.2519,18.08,17.22,8.48,3874.0,2033.0,589.0,0,3236.0
DTW,2024-06-04,2024,6,363,1,0,43,0.0028,0.1188,1.58,366,1,0,50,0.0027,0.137,-1.68,16.38,8.21,774.0,20.0,1021.0,0,468.0
DTW,2024-06-05,2024,6,369,12,2,111,0.0325,0.3109,28.72,368,10,5,113,0.0272,0.3156,28.64,20.62,8.43,4554.0,1014.0,4123.0,54.0,2659.0
DTW,2024-06-06,2024,6,383,1,0,93,0.0026,0.2435,15.51,382,1,0,94,0.0026,0.2467,11.44,16.95,8.44,3317.0,141.0,1671.0,0,1679.0
DTW,2024-06-07,2024,6,404,2,2,72,0.005,0.1791,10.59,401,3,0,49,0.0075,0.1231,-0.04,16.47,8.37,2907.0,53.0,795.0,0,1462.0
DTW,2024-06-08,2024,6,344,1,0,48,0.0029,0.1399,3.87,346,0,0,48,0.0,0.1387,-3.39,16.75,8.47,1062.0,50.0,493.0,0,990.0
DTW,2024-06-09,2024,6,404,0,0,70,0.0,0.1733,8.07,402,0,0,75,0.0,0.1866,3.69,16.26,8.17,2298.0,341.0,594.0,0,715.0
DTW,2024-06-10,2024,6,402,0,1,66,0.0,0.1642,10.12,401,0,0,64,0.0,0.1596,7.56,15.93,8.27,3855.0,32.0,306.0,28.0,625.0
DTW,2024-06-11,2024,6,377,2,1,57,0.0053,0.152,5.92,377,2,0,64,0.0053,0.1707,5.51,16.25,8.21,2253.0,126.0,608.0,0,371.0
DTW,2024-06-12,2024,6,379,4,2,48,0.0106,0.128,5.53,379,6,0,54,0.0158,0.1448,0.86,16.14,7.96,1476.0,151.0,731.0,0,773.0
DTW,2024-06-13,2024,6,399,6,0,66,0.015,0.1679,9.23,399,5,1,77,0.0125,0.1954,8.63,16.98,8.58,2418.0,296.0,1063.0,0,1126.0
DTW,2024-06-14,2024,6,401,4,2,105,0.01,0.2645,18.3,401,4,0,106,0.01,0.267,16.3,16.22,8.28,5065.0,30.0,1513.0,0,1155.0
DTW,2024-06-15,2024,6,341,0,0,52,0.0,0.1525,4.25,343,0,0,55,0.0,0.1603,1.34,15.95,8.36,961.0,143.0,229.0,0,437.0
DTW,2024-06-16,2024,6,402,2,0,96,0.005,0.24,23.14,400,1,0,95,0.0025,0.2381,16.65,17.0,8.85,6831.0,396.0,965.0,0,1548.0
DTW,2024-06-17,2024,6,399,2,1,152,0.005,0.3829,35.27,399,2,0,137,0.005,0.3451,27.59,17.4,9.98,10320.0,301.0,1610.0,10.0,1746.0
DTW,2024-06-18,2024,6,374,0,1,56,0.0,0.1497,11.02,374,0,0,71,0.0,0.1898,4.65,15.72,8.45,4078.0,67.0,301.0,0,711.0
DTW,2024-06-19,2024,6,376,0,0,36,0.0,0.0957,1.75,376,1,1,41,0.0027,0.1093,-4.56,16.32,8.27,1124.0,22.0,484.0,0,260.0
DTW,2024-06-20,2024,6,400,2,2,105,0.005,0.2638,14.96,400,3,2,98,0.0075,0.2469,6.15,19.44,9.8,3128.0,843.0,2456.0,9.0,1488.0
DTW,2024-06-21,2024,6,402,3,1,74,0.0075,0.1855,13.9,402,2,0,75,0.005,0.1875,7.29,17.34,8.68,3693.0,169.0,949.0,0,1851.0
DTW,2024-06-22,2024,6,342,7,2,52,0.0205,0.1552,10.66,344,3,1,70,0.0087,0.2053,14.56,15.72,8.7,2607.0,29.0,1134.0,0,729.0
DTW,2024-06-23,2024,6,402,4,4,138,0.01,0.3467,22.55,400,6,0,131,0.015,0.3325,25.76,17.4,9.88,4861.0,370.0,1522.0,0,2768.0
DTW,2024-06-24,2024,6,401,2,1,110,0.005,0.2757,23.24,401,1,2,96,0.0025,0.24,15.31,17.08,9.59,5224.0,443.0,1494.0,17.0,2186.0
DTW,2024-06-25,2024,6,374,0,1,178,0.0,0.4759,42.35,374,0,0,189,0.0,0.5053,40.42,17.89,10.75,5631.0,3001.0,3230.0,0,4770.0
DTW,2024-06-26,2024,6,376,2,2,134,0.0053,0.3583,38.22,376,5,8,123,0.0133,0.3315,27.16,19.59,9.37,5895.0,1571.0,4220.0,0,4250.0
DTW,2024-06-27,2024,6,401,4,1,103,0.01,0.2594,12.37,402,3,0,98,0.0075,0.2456,13.2,16.72,10.02,2394.0,766.0,855.0,0,1407.0
DTW,2024-06-28,2024,6,402,0,0,88,0.0,0.2189,17.43,402,2,1,89,0.005,0.2225,7.46,16.93,9.23,4647.0,1106.0,680.0,43.0,1243.0
DTW,2024-06-29,2024,6,344,0,1,102,0.0,0.2965,17.78,346,0,0,114,0.0,0.3295,15.22,18.57,10.64,3516.0,583.0,1363.0,0,1108.0
DTW,2024-06-30,2024,6,358,9,5,84,0.0251,0.2407,22.07,357,13,0,100,0.0364,0.2907,23.11,15.79,9.7,3474.0,689.0,1949.0,0,1977.0
DTW,2024-12-01,2024,12,411,1,0,164,0.0024,0.4,44.63,411,1,1,159,0.0024,0.3878,40.85,29.82,10.56,12736.0,1514.0,2901.0,34.0,2717.0
DTW,2024-12-02,2024,12,408,4,0,104,0.0098,0.2574,21.37,409,3,0,102,0.0073,0.2512,14.3,19.53,9.8,6406.0,570.0,424.0,0,682.0
DTW,2024-12-03,2024,12,366,0,0,92,0.0,0.2514,13.85,367,0,0,79,0.0,0.2153,11.95,19.14,9.69,3656.0,0,434.0,39.0,557.0
DTW,2024-12-04,2024,12,354,5,1,73,0.0141,0.2092,14.66,351,3,2,96,0.0085,0.2759,12.43,24.8,9.76,3239.0,1279.0,1475.0,93.0,678.0
DTW,2024-12-05,2024,12,378,4,1,139,0.0106,0.3717,27.57,377,4,0,147,0.0106,0.3941,29.69,28.66,10.43,4525.0,2964.0,2662.0,0,1534.0
DTW,2024-12-06,2024,12,383,0,2,95,0.0,0.248,13.88,383,0,0,87,0.0,0.2272,10.67,24.99,10.32,2716.0,109.0,1371.0,0,1660.0
DTW,2024-12-07,2024,12,310,0,0,26,0.0,0.0839,0.14,310,0,0,29,0.0,0.0935,-5.76,15.81,9.58,264.0,27.0,135.0,0,276.0
DTW,2024-12-08,2024,12,381,0,0,48,0.0,0.126,2.64,380,0,1,34,0.0,0.0895,-7.08,15.9,9.15,1298.0,23.0,200.0,54.0,468.0
DTW,2024-12-09,2024,12,389,0,1,39,0.0,0.1003,1.7,391,1,0,33,0.0026,0.0846,-7.53,17.07,9.37,1537.0,71.0,469.0,0,108.0
DTW,2024-12-10,2024,12,354,0,1,54,0.0,0.1525,6.86,354,0,0,55,0.0,0.1554,-1.78,16.83,8.84,2329.0,516.0,509.0,0,225.0
DTW,2024-12-11,2024,12,359,2,1,76,0.0056,0.2129,10.86,358,1,0,68,0.0028,0.1905,3.75,24.41,9.69,2962.0,523.0,2406.0,0,727.0
DTW,2024-12-12,2024,12,389,2,1,106,0.0051,0.2739,17.08,388,1,0,99,0.0026,0.2558,10.42,22.78,10.8,4576.0,668.0,1328.0,8.0,906.0
DTW,2024-12-13,2024,12,396,1,0,64,0.0025,0.162,9.32,396,1,0,49,0.0025,0.1241,-0.5,19.53,9.82,2884.0,44.0,747.0,0,729.0
DTW,2024-12-14,2024,12,313,1,0,34,0.0032,0.109,1.72,314,1,0,31,0.0032,0.099,-4.54,18.29,9.97,766.0,81.0,209.0,0,80.0
DTW,2024-12-15,2024,12,390,7,1,76,0.0179,0.1984,12.3,389,6,0,62,0.0154,0.1619,6.58,18.09,10.32,2045.0,1747.0,268.0,0,746.0
DTW,2024-12-16,2024,12,390,3,4,61,0.0077,0.1576,4.97,391,6,0,62,0.0153,0.161,0.66,18.3,10.33,1542.0,191.0,858.0,0,537.0
DTW,2024-12-17,2024,12,362,1,1,45,0.0028,0.1247,1.74,362,1,1,31,0.0028,0.0859,-9.55,15.91,9.63,1127.0,183.0,83.0,0,100.0
DTW,2024-12-18,2024,12,381,2,1,59,0.0052,0.1557,4.37,384,3,1,62,0.0078,0.1627,3.52,17.26,9.51,1632.0,13.0,345.0,0,324.0
DTW,2024-12-19,2024,12,356,2,1,77,0.0056,0.2175,16.38,352,3,0,76,0.0085,0.2178,9.32,18.79,9.92,4773.0,84.0,566.0,0,828.0
DTW,2024-12-20,2024,12,356,6,0,151,0.0169,0.4314,33.09,356,5,0,170,0.014,0.4843,35.27,35.97,11.52,6216.0,1114.0,3465.0,0,3678.0
DTW,2024-12-21,2024,12,346,2,0,160,0.0058,0.4651,36.97,346,4,0,139,0.0116,0.4064,27.15,16.99,11.32,7694.0,65.0,544.0,0,2762.0
DTW,2024-12-22,2024,12,353,1,0,98,0.0028,0.2784,16.91,354,1,1,89,0.0028,0.2521,10.36,19.41,10.27,3698.0,194.0,234.0,0,934.0
DTW,2024-12-23,2024,12,356,0,0,88,0.0,0.2472,12.93,356,0,0,81,0.0,0.2275,6.81,26.28,11.71,3729.0,172.0,2091.0,0,539.0
DTW,2024-12-24,2024,12,282,0,2,44,0.0,0.156,8.13,287,1,0,27,0.0035,0.0944,-5.02,16.81,10.15,1621.0,34.0,270.0,0,500.0
DTW,2024-12-25,2024,12,288,1,0,32,0.0035,0.1115,2.36,287,0,0,23,0.0,0.0801,-8.9,17.05,9.18,995.0,0,16.0,0,40.0
DTW,2024-12-26,2024,12,355,4,2,100,0.0113,0.2849,18.98,350,3,0,77,0.0086,0.2219,9.38,16.95,9.54,3736.0,271.0,1310.0,0,1181.0
DTW,2024-12-27,2024,12,354,3,0,71,0.0085,0.2023,13.59,354,5,0,68,0.0141,0.1948,7.46,16.11,9.8,1728.0,339.0,954.0,0,1703.0
DTW,2024-12-28,2024,12,344,0,2,97,0.0,0.282,16.39,344,2,1,79,0.0058,0.231,6.62,16.44,9.52,2131.0,507.0,1377.0,0,1885.0
DTW,2024-12-29,2024,12,352,1,3,115,0.0028,0.3276,32.05,352,2,0,92,0.0057,0.2629,14.95,17.51,11.87,5761.0,1231.0,2257.0,0,2009.0
DTW,2024-12-30,2024,12,354,1,1,56,0.0028,0.1586,5.64,354,0,0,45,0.0,0.1271,-4.66,15.84,10.11,1087.0,223.0,106.0,0,577.0
DTW,2024-12-31,2024,12,288,0,1,40,0.0,0.1389,5.25,292,0,0,39,0.0,0.1336,-3.68,20.24,10.56,1316.0,21.0,696.0,66.0,416.0
JFK,2016-01-01,2016,1,259,0,1,34,0.0,0.1313,6.38,262,0,0,34,0.0,0.1298,-3.0,24.0,7.81,967.0,0,546.0,10.0,451.0
JFK,2016-01-02,2016,1,270,0,0,78,0.0,0.2889,13.95,274,0,0,64,0.0,0.2336,13.89,21.59,9.03,1334.0,20.0,185.0,13.0,1046.0
JFK,2016-01-03,2016,1,289,0,0,90,0.0,0.3114,18.62,286,0,1,92,0.0,0.3217,16.17,29.0,7.63,2845.0,0,2368.0,23.0,1377.0
JFK,2016-01-04,2016,1,284,1,0,91,0.0035,0.3216,19.35,276,1,0,84,0.0036,0.3055,11.67,27.88,8.57,1868.0,0,1378.0,67.0,1219.0
JFK,2016-01-05,2016,1,249,5,0,63,0.0201,0.2582,13.68,245,3,1,51,0.0122,0.2107,7.25,22.09,7.94,1045.0,142.0,542.0,0,257.0
JFK,2016-01-06,2016,1,250,1,0,43,0.004,0.1727,11.53,252,2,0,46,0.0079,0.184,5.38,21.49,8.77,826.0,59.0,1103.0,0,669.0
JFK,2016-01-07,2016,1,264,0,0,49,0.0,0.1856,8.12,263,1,3,42,0.0038,0.1603,-2.02,20.61,7.6,942.0,0,83.0,16.0,484.0
JFK,2016-01-08,2016,1,257,0,1,44,0.0,0.1712,6.44,261,0,0,43,0.0,0.1648,1.67,22.09,9.04,551.0,0,335.0,0,449.0
JFK,2016-01-09,2016,1,224,0,0,41,0.0,0.183,7.59,224,1,0,43,0.0045,0.1928,1.04,23.75,9.63,1049.0,0,417.0,0,228.0
JFK,2016-01-10,2016,1,270,10,0,143,0.037,0.55,54.52,265,8,13,143,0.0302,0.5564,50.35,31.71,9.59,4421.0,1138.0,2017.0,146.0,6319.0
JFK,2016-01-11,2016,1,270,1,0,37,0.0037,0.1375,4.97,269,1,0,38,0.0037,0.1418,1.3,24.85,6.93,798.0,0,371.0,52.0,335.0
JFK,2016-01-12,2016,1,250,1,0,27,0.004,0.1084,1.57,249,2,2,34,0.008,0.1377,-2.42,25.29,7.48,550.0,0,534.0,0,363.0
JFK,2016-01-13,2016,1,258,1,0,42,0.0039,0.1634,5.84,255,0,0,45,0.0,0.1765,0.23,23.42,8.2,1326.0,56.0,312.0,0,210.0
JFK,2016-01-14,2016,1,273,0,1,79,0.0,0.2894,13.58,274,1,0,68,0.0036,0.2491,5.89,19.22,7.44,1860.0,0,343.0,0,1058.0
JFK,2016-01-15,2016,1,265,1,1,58,0.0038,0.2197,12.57,267,0,0,65,0.0,0.2434,8.33,22.78,8.18,1581.0,0,600.0,39.0,1102.0
JFK,2016-01-16,2016,1,223,1,0,36,0.0045,0.1622,7.05,225,2,0,30,0.0089,0.1345,-3.04,23.19,7.69,1254.0,0,614.0,0,418.0
JFK,2016-01-17,2016,1,256,0,0,90,0.0,0.3516,28.29,251,2,0,80,0.008,0.3213,12.68,35.7,13.2,2398.0,3316.0,3436.0,37.0,1308.0
JFK,2016-01-18,2016,1,268,1,1,92,0.0037,0.3446,18.83,268,2,0,90,0.0075,0.3383,11.68,31.23,7.24,2032.0,267.0,2339.0,126.0,2041.0
JFK,2016-01-19,2016,1,253,1,0,48,0.004,0.1905,11.21,253,1,0,42,0.004,0.1667,1.27,22.84,7.15,1328.0,217.0,767.0,0,595.0
JFK,2016-01-20,2016,1,255,1,0,25,0.0039,0.0984,2.2,255,1,0,30,0.0039,0.1181,-7.81,20.43,7.64,547.0,0,120.0,0,90.0
JFK,2016-01-21,2016,1,272,1,1,39,0.0037,0.1439,4.0,273,1,0,33,0.0037,0.1213,-5.35,22.01,6.79,707.0,0,239.0,17.0,353.0
JFK,2016-01-22,2016,1,266,18,0,59,0.0677,0.2379,18.05,268,81,0,40,0.3022,0.2139,3.54,22.4,8.43,1956.0,123.0,2286.0,0,637.0
JFK,2016-01-23,2016,1,225,225,0,0,1.0,,,225,222,0,2,0.9867,0.6667,392.0,,24.33,0,0,0,0,0
JFK,2016-01-24,2016,1,274,185,0,62,0.6752,0.6966,55.69,269,141,0,56,0.5242,0.4375,33.88,24.17,13.79,610.0,2439.0,160.0,0,825.0
JFK,2016-01-25,2016,1,268,23,0,72,0.0858,0.2939,16.08,269,12,0,65,0.0446,0.2529,6.22,26.88,10.03,955.0,917.0,278.0,100.0,458.0
JFK,2016-01-26,2016,1,253,0,0,33,0.0,0.1304,4.27,253,0,0,38,0.0,0.1502,0.71,20.93,7.95,404.0,0,80.0,0,440.0
JFK,2016-01-27,2016,1,254,1,1,27,0.0039,0.1067,0.85,255,0,0,46,0.0,0.1804,-0.63,28.02,7.12,361.0,0,1435.0,0,417.0
JFK,2016-01-28,2016,1,272,0,0,36,0.0,0.1324,7.17,272,0,0,47,0.0,0.1728,2.49,23.32,7.69,1781.0,11.0,1487.0,0,435.0
JFK,2016-01-29,2016,1,266,2,0,54,0.0075,0.2045,9.74,268,3,1,59,0.0112,0.2226,3.48,23.24,7.26,1249.0,109.0,827.0,0,536.0
JFK,2016-01-30,2016,1,225,1,0,16,0.0044,0.0714,-0.03,227,1,0,28,0.0044,0.1239,-6.67,19.01,7.9,480.0,0,109.0,0,169.0
JFK,2016-01-31,2016,1,265,1,2,23,0.0038,0.0871,2.33,261,1,0,32,0.0038,0.1231,-7.93,23.54,7.23,527.0,0,320.0,0,167.0
JFK,2017-01-01,2017,1,281,1,0,45,0.0036,0.1607,8.75,276,1,0,41,0.0036,0.1491,-3.31,21.98,9.55,2108.0,35.0,542.0,0,381.0
JFK,2017-01-02,2017,1,292,0,7,86,0.0,0.2945,12.51,291,0,0,75,0.0,0.2577,12.86,24.79,10.25,1484.0,107.0,2071.0,0,968.0
JFK,2017-01-03,2017,1,264,1,4,84,0.0038,0.3194,22.75,268,2,0,91,0.0075,0.3421,17.06,24.73,9.86,2594.0,0,2334.0,39.0,2075.0
JFK,2017-01-04,2017,1,245,2,3,38,0.0082,0.1564,6.53,247,1,0,56,0.004,0.2276,3.26,20.59,7.17,1136.0,90.0,588.0,15.0,342.0
JFK,2017-01-05,2017,1,257,0,5,46,0.0,0.179,6.4,258,1,0,52,0.0039,0.2023,-1.59,27.36,9.58,1536.0,35.0,1692.0,11.0,293.0
JFK,2017-01-06,2017,1,259,8,4,73,0.0309,0.2908,15.93,254,8,0,70,0.0315,0.2846,15.55,30.24,8.96,2083.0,537.0,2100.0,0,1130.0
JFK,2017-01-07,2017,1,234,58,4,111,0.2479,0.6307,96.32,227,59,5,128,0.2599,0.7619,152.79,50.7,25.68,1109.0,10453.0,5923.0,0,4452.0
JFK,2017-01-08,2017,1,258,17,11,191,0.0659,0.7925,83.27,258,23,0,153,0.0891,0.6511,71.67,33.18,15.02,3999.0,7241.0,2401.0,25.0,6281.0
JFK,2017-01-09,2017,1,258,6,8,141,0.0233,0.5595,41.58,257,9,0,121,0.035,0.4879,38.84,20.55,10.92,2851.0,767.0,1822.0,74.0,3776.0
JFK,2017-01-10,2017,1,238,2,6,62,0.0084,0.2627,15.95,236,3,0,50,0.0127,0.2146,2.91,21.69,8.04,1001.0,344.0,2239.0,20.0,956.0
JFK,2017-01-11,2017,1,243,0,3,25,0.0,0.1029,2.88,244,0,0,24,0.0,0.0984,-11.36,22.24,8.36,766.0,230.0,1148.0,0,124.0
JFK,2017-01-12,2017,1,259,0,3,40,0.0,0.1544,5.38,260,0,0,32,0.0,0.1231,-7.01,23.88,8.37,860.0,402.0,1670.0,0,320.0
JFK,2017-01-13,2017,1,251,0,0,27,0.0,0.1076,2.85,251,0,0,32,0.0,0.1275,-5.93,27.57,7.43,785.0,52.0,906.0,0,187.0
JFK,2017-01-14,2017,1,217,0,2,60,0.0,0.2765,15.88,214,0,0,48,0.0,0.2243,7.97,34.76,11.96,727.0,2052.0,1639.0,250.0,309.0
JFK,2017-01-15,2017,1,237,0,1,30,0.0,0.1266,5.63,240,0,0,33,0.0,0.1375,-2.45,23.55,8.72,903.0,0,599.0,16.0,277.0
JFK,2017-01-16,2017,1,258,0,1,34,0.0,0.1318,2.47,258,0,0,29,0.0,0.1124,-2.41,23.0,6.87,496.0,0,123.0,0,151.0
JFK,2017-01-17,2017,1,238,0,0,49,0.0,0.2059,6.3,236,1,0,48,0.0042,0.2043,8.84,19.92,9.54,644.0,51.0,103.0,0,29.0
JFK,2017-01-18,2017,1,246,0,0,52,0.0,0.2114,8.32,245,0,0,48,0.0,0.1959,1.67,21.86,7.22,279.0,127.0,876.0,0,121.0
JFK,2017-01-19,2017,1,261,0,1,23,0.0,0.0881,0.88,262,0,0,28,0.0,0.1069,-5.66,21.31,7.73,232.0,0,90.0,0,52.0
JFK,2017-01-20,2017,1,255,0,0,38,0.0,0.149,4.96,255,1,2,37,0.0039,0.1457,-1.59,21.55,8.68,350.0,250.0,513.0,0,119.0
JFK,2017-01-21,2017,1,221,0,0,28,0.0,0.1267,2.7,217,0,0,35,0.0,0.1613,0.6,19.7,9.18,340.0,0,153.0,38.0,372.0
JFK,2017-01-22,2017,1,260,0,5,72,0.0,0.2769,12.38,260,1,1,70,0.0038,0.2703,15.02,23.58,9.61,958.0,143.0,3700.0,0,615.0
JFK,2017-01-23,2017,1,257,11,3,78,0.0428,0.3171,15.78,256,10,0,93,0.0391,0.378,15.78,33.49,10.53,1050.0,78.0,2551.0,35.0,1330.0
JFK,2017-01-24,2017,1,238,1,0,34,0.0042,0.1435,6.19,239,2,0,39,0.0084,0.1646,-2.08,25.33,8.04,926.0,113.0,488.0,7.0,238.0
JFK,2017-01-25,2017,1,244,0,0,9,0.0,0.0369,-1.29,244,0,1,17,0.0,0.0697,-15.01,22.32,6.91,357.0,0,212.0,0,186.0
JFK,2017-01-26,2017,1,260,0,1,20,0.0,0.0769,2.12,260,1,0,34,0.0038,0.1313,-8.48,30.39,7.37,968.0,0,747.0,28.0,80.0
JFK,2017-01-27,2017,1,252,0,0,16,0.0,0.0635,-0.37,253,0,2,30,0.0,0.1186,-7.58,21.45,7.86,261.0,0,51.0,0,56.0
JFK,2017-01-28,2017,1,219,0,0,14,0.0,0.0639,3.92,217,0,0,37,0.0,0.1705,3.15,20.37,8.47,1317.0,0,46.0,0,200.0
JFK,2017-01-29,2017,1,253,0,0,46,0.0,0.1818,14.51,255,1,3,61,0.0039,0.2402,11.57,23.88,10.69,3334.0,0,673.0,0,166.0
JFK,2017-01-30,2017,1,257,1,0,23,0.0039,0.0898,0.15,255,0,0,23,0.0,0.0902,-8.16,21.7,8.07,632.0,0,87.0,0,140.0
JFK,2017-01-31,2017,1,236,0,3,23,0.0,0.0975,2.02,237,0,0,30,0.0,0.1266,-6.38,30.07,9.31,801.0,124.0,1011.0,0,293.0
JFK,2018-01-01,2018,1,305,0,1,108,0.0,0.3541,18.31,304,0,0,96,0.0,0.3158,9.38,25.27,8.97,2514.0,651.0,1021.0,0,1336.0
JFK,2018-01-02,2018,1,340,0,0,109,0.0,0.3206,17.89,341,0,0,109,0.0,0.3196,17.72,22.69,9.01,1768.0,946.0,551.0,0,1645.0
JFK,2018-01-03,2018,1,322,10,1,78,0.0311,0.25,10.82,329,38,2,61,0.1155,0.2096,8.8,24.0,9.1,1700.0,0,705.0,10.0,802.0
JFK,2018-01-04,2018,1,319,299,1,4,0.9373,0.2,93.1,323,280,25,15,0.8669,0.3488,150.72,60.95,46.95,8.0,117.0,424.0,0,10.0
JFK,2018-01-05,2018,1,322,111,3,197,0.3447,0.9336,153.42,321,100,1,193,0.3115,0.8733,142.19,65.16,39.16,10719.0,7874.0,10565.0,41.0,8235.0
JFK,2018-01-06,2018,1,278,30,2,204,0.1079,0.8226,104.12,276,30,0,164,0.1087,0.6667,84.78,27.46,24.1,8096.0,8098.0,884.0,0,5922.0
JFK,2018-01-07,2018,1,339,29,2,235,0.0855,0.7581,81.83,341,34,1,175,0.0997,0.57,55.93,23.71,15.91,11533.0,750.0,1918.0,8.0,5696.0
JFK,2018-01-08,2018,1,347,60,2,138,0.1729,0.4808,37.99,345,65,2,125,0.1884,0.4464,39.35,28.63,11.12,3038.0,2083.0,1929.0,18.0,3030.0
JFK,2018-01-09,2018,1,321,13,0,78,0.0405,0.2532,11.03,322,8,0,59,0.0248,0.1879,3.99,24.7,8.87,1328.0,34.0,877.0,86.0,419.0
JFK,2018-01-10,2018,1,329,0,0,48,0.0,0.1459,5.18,331,5,1,37,0.0151,0.1135,-6.42,26.87,8.23,856.0,0,489.0,0,344.0
JFK,2018-01-11,2018,1,350,0,0,34,0.0,0.0971,4.28,349,0,2,38,0.0,0.1089,4.37,21.19,9.59,994.0,0,282.0,0,800.0
JFK,2018-01-12,2018,1,348,99,4,108,0.2845,0.4337,52.59,348,94,12,163,0.2701,0.6417,105.44,39.68,11.27,5748.0,82.0,2976.0,44.0,4119.0
JFK,2018-01-13,2018,1,269,16,1,59,0.0595,0.2332,12.98,269,21,1,60,0.0781,0.2419,9.28,22.41,8.04,1645.0,33.0,198.0,16.0,1143.0
JFK,2018-01-14,2018,1,299,0,0,55,0.0,0.1839,9.39,297,0,0,34,0.0,0.1145,-3.4,20.41,9.47,1727.0,10.0,216.0,0,601.0
JFK,2018-01-15,2018,1,346,5,1,66,0.0145,0.1935,8.6,344,3,0,66,0.0087,0.1935,0.64,23.13,9.59,951.0,0,800.0,0,1191.0
JFK,2018-01-16,2018,1,321,9,0,25,0.028,0.0801,1.7,322,6,0,35,0.0186,0.1108,-6.16,20.96,8.39,643.0,0,130.0,0,375.0
JFK,2018-01-17,2018,1,329,17,1,71,0.0517,0.2276,9.22,327,25,0,93,0.0765,0.3079,12.92,27.78,7.56,809.0,196.0,1459.0,0,964.0
JFK,2018-01-18,2018,1,345,7,0,59,0.0203,0.1746,8.53,347,8,1,60,0.0231,0.177,1.46,21.75,7.68,867.0,574.0,76.0,0,700.0
JFK,2018-01-19,2018,1,347,1,1,31,0.0029,0.0896,1.68,346,2,0,28,0.0058,0.0814,-8.39,22.04,7.94,840.0,0,39.0,0,252.0
JFK,2018-01-20,2018,1,271,0,1,18,0.0,0.0664,-0.37,275,0,0,18,0.0,0.0655,-13.82,21.32,7.09,440.0,0,62.0,0,35.0
JFK,2018-01-21,2018,1,337,0,1,33,0.0,0.0979,1.57,334,0,2,39,0.0,0.1168,-4.58,19.46,8.21,494.0,0,301.0,0,365.0
JFK,2018-01-22,2018,1,339,3,1,33,0.0088,0.0982,1.21,341,3,0,34,0.0088,0.1006,-8.75,24.72,8.46,1064.0,0,255.0,0,235.0
JFK,2018-01-23,2018,1,320,7,1,32,0.0219,0.1022,0.64,319,7,0,31,0.0219,0.0994,-8.01,30.4,8.19,639.0,0,1091.0,0,424.0
JFK,2018-01-24,2018,1,326,0,0,30,0.0,0.092,-0.57,324,0,1,22,0.0,0.0679,-12.94,25.47,7.08,721.0,0,403.0,0,124.0
JFK,2018-01-25,2018,1,345,0,0,25,0.0,0.0725,-1.59,347,0,2,20,0.0,0.0576,-12.96,24.41,7.34,397.0,0,184.0,0,223.0
JFK,2018-01-26,2018,1,346,0,0,22,0.0,0.0636,-0.69,345,1,0,14,0.0029,0.0407,-14.87,23.7,7.42,804.0,0,203.0,0,107.0
JFK,2018-01-27,2018,1,268,2,2,12,0.0075,0.0451,-1.51,272,1,0,14,0.0037,0.0517,-13.91,24.61,8.01,665.0,0,133.0,0,39.0
JFK,2018-01-28,2018,1,336,0,0,28,0.0,0.0833,1.13,333,1,1,42,0.003,0.1265,-5.3,20.26,9.31,679.0,0,133.0,0,527.0
JFK,2018-01-29,2018,1,339,2,1,37,0.0059,0.1098,2.39,340,1,0,39,0.0029,0.115,-7.77,21.48,9.11,1255.0,9.0,517.0,0,376.0
JFK,2018-01-30,2018,1,320,1,0,65,0.0031,0.2038,6.81,319,4,1,69,0.0125,0.219,-0.16,36.53,8.31,915.0,660.0,1982.0,0,934.0
JFK,2018-01-31,2018,1,326,1,0,28,0.0031,0.0862,0.86,324,0,1,15,0.0,0.0463,-15.98,21.74,7.94,1174.0,16.0,118.0,0,158.0
JFK,2019-01-01,2019,1,325,1,0,71,0.0031,0.2191,13.35,320,1,2,59,0.0031,0.185,-1.77,22.12,9.53,2923.0,0,856.0,19.0,1411.0
JFK,2019-01-02,2019,1,361,0,0,42,0.0,0.1163,3.7,363,1,2,50,0.0028,0.1381,-0.38,24.07,9.36,1357.0,0,490.0,0,265.0
JFK,2019-01-03,2019,1,337,0,1,28,0.0,0.0831,3.02,340,0,0,42,0.0,0.1235,-3.19,24.88,9.06,602.0,0,316.0,0,839.0
JFK,2019-01-04,2019,1,334,0,0,39,0.0,0.1168,3.2,333,0,0,44,0.0,0.1321,-1.92,22.25,10.04,927.0,70.0,160.0,0,221.0
JFK,2019-01-05,2019,1,311,0,3,46,0.0,0.1479,7.99,309,0,0,36,0.0,0.1165,-3.8,22.47,10.98,1478.0,116.0,960.0,0,192.0
JFK,2019-01-06,2019,1,355,2,7,64,0.0056,0.1813,11.9,353,1,0,67,0.0028,0.1903,-1.43,30.32,8.04,2074.0,328.0,2456.0,0,653.0
JFK,2019-01-07,2019,1,362,1,3,57,0.0028,0.1579,5.94,363,1,1,36,0.0028,0.0994,-8.75,23.05,9.63,2066.0,98.0,438.0,0,335.0
JFK,2019-01-08,2019,1,341,0,1,56,0.0,0.1642,13.49,340,1,0,52,0.0029,0.1534,3.1,21.58,9.93,1460.0,641.0,1385.0,0,1513.0
JFK,2019-01-09,2019,1,343,0,0,47,0.0,0.137,4.29,344,0,1,51,0.0,0.1483,-2.53,27.15,7.6,601.0,6.0,873.0,0,673.0
JFK,2019-01-10,2019,1,356,3,0,60,0.0084,0.17,6.62,358,4,2,66,0.0112,0.1864,3.53,32.54,7.8,1396.0,0,590.0,32.0,1381.0
JFK,2019-01-11,2019,1,356,0,0,60,0.0,0.1685,5.9,356,0,0,59,0.0,0.1657,-0.59,29.64,9.55,1130.0,0,685.0,21.0,1212.0
JFK,2019-01-12,2019,1,288,2,2,38,0.0069,0.1329,6.08,289,1,0,50,0.0035,0.1736,-1.69,21.68,11.85,1382.0,0,208.0,0,213.0
JFK,2019-01-13,2019,1,342,6,1,86,0.0175,0.256,15.95,342,5,0,83,0.0146,0.2463,10.34,33.6,11.44,1364.0,141.0,2574.0,0,1531.0
JFK,2019-01-14,2019,1,354,0,1,55,0.0,0.1554,6.62,352,0,0,55,0.0,0.1562,-0.98,22.11,9.77,1036.0,0,270.0,0,670.0
JFK,2019-01-15,2019,1,337,0,0,43,0.0,0.1276,5.64,338,0,0,51,0.0,0.1509,0.46,24.51,8.9,1114.0,0,1164.0,0,333.0
JFK,2019-01-16,2019,1,344,0,1,48,0.0,0.1395,7.68,343,0,0,47,0.0,0.137,0.36,23.2,7.77,740.0,0,2128.0,0,340.0
JFK,2019-01-17,2019,1,355,0,1,49,0.0,0.138,5.24,356,0,0,62,0.0,0.1742,1.56,24.8,8.81,1300.0,0,642.0,0,466.0
JFK,2019-01-18,2019,1,356,2,0,70,0.0056,0.1977,9.19,355,1,1,83,0.0028,0.2345,3.49,32.52,9.6,1307.0,704.0,1726.0,0,811.0
JFK,2019-01-19,2019,1,271,39,0,41,0.1439,0.1767,10.29,271,69,0,30,0.2546,0.1485,-3.64,22.75,10.61,802.0,758.0,978.0,0,174.0
JFK,2019-01-20,2019,1,293,50,3,70,0.1706,0.2881,24.64,294,29,0,86,0.0986,0.3245,17.34,31.85,8.87,3291.0,659.0,2396.0,0,1654.0
JFK,2019-01-21,2019,1,344,18,5,155,0.0523,0.4755,42.89,342,14,1,145,0.0409,0.4421,40.49,31.31,11.31,5531.0,2155.0,4048.0,0,3390.0
JFK,2019-01-22,2019,1,337,13,1,71,0.0386,0.2191,21.04,338,14,1,77,0.0414,0.2377,16.51,20.93,8.95,2170.0,900.0,1095.0,0,2389.0
JFK,2019-01-23,2019,1,344,1,0,68,0.0029,0.1983,16.38,344,5,0,83,0.0145,0.2448,10.69,23.08,9.15,2685.0,17.0,2159.0,0,1900.0
JFK,2019-01-24,2019,1,356,28,1,140,0.0787,0.4268,46.85,357,25,3,194,0.07,0.5843,66.65,38.11,9.04,2915.0,33.0,4166.0,30.0,10779.0
JFK,2019-01-25,2019,1,357,1,0,109,0.0028,0.3062,22.9,356,2,0,122,0.0056,0.3446,20.86,27.8,9.09,2948.0,270.0,2136.0,24.0,4075.0
JFK,2019-01-26,2019,1,289,0,0,18,0.0,0.0623,-1.33,290,0,0,26,0.0,0.0897,-7.97,21.78,7.94,353.0,0,242.0,0,325.0
JFK,2019-01-27,2019,1,344,0,1,48,0.0,0.1395,3.02,344,1,0,83,0.0029,0.242,3.26,26.26,10.13,699.0,0,1266.0,0,1022.0
JFK,2019-01-28,2019,1,355,6,0,31,0.0169,0.0888,0.96,353,4,1,34,0.0113,0.0974,-8.54,21.58,10.06,732.0,301.0,364.0,0,236.0
JFK,2019-01-29,2019,1,338,2,1,20,0.0059,0.0595,-0.38,339,4,0,43,0.0118,0.1284,-6.31,24.37,8.81,964.0,17.0,261.0,0,375.0
JFK,2019-01-30,2019,1,344,25,1,105,0.0727,0.3292,25.88,344,20,4,120,0.0581,0.3704,30.66,37.37,11.68,2704.0,1593.0,3702.0,0,3714.0
JFK,2019-01-31,2019,1,356,7,5,122,0.0197,0.3496,21.57,357,15,1,118,0.042,0.345,19.93,25.5,10.89,2984.0,1032.0,1078.0,0,2184.0
JFK,2019-07-01,2019,7,331,0,1,57,0.0,0.1722,7.99,333,0,0,51,0.0,0.1532,-1.54,22.43,12.38,1008.0,46.0,479.0,21.0,619.0
JFK,2019-07-02,2019,7,327,1,2,54,0.0031,0.1656,7.11,327,2,0,74,0.0061,0.2277,1.95,27.12,12.38,1091.0,0,1738.0,0,380.0
JFK,2019-07-03,2019,7,334,0,0,48,0.0,0.1437,4.92,333,0,1,48,0.0,0.1441,-1.67,24.51,12.17,760.0,0,293.0,0,693.0
JFK,2019-07-04,2019,7,303,0,1,42,0.0,0.1386,7.73,304,0,0,40,0.0,0.1316,-1.79,26.3,12.83,1068.0,233.0,795.0,0,678.0
JFK,2019-07-05,2019,7,307,0,2,41,0.0,0.1336,6.49,306,1,0,47,0.0033,0.1541,0.44,31.14,10.62,1382.0,35.0,777.0,0,556.0
JFK,2019-07-06,2019,7,341,79,2,107,0.2317,0.4084,93.96,337,75,11,123,0.2226,0.4695,96.72,42.52,11.24,7670.0,4049.0,10777.0,0,4964.0
JFK,2019-07-07,2019,7,369,6,0,154,0.0163,0.4242,42.85,369,7,0,157,0.019,0.4337,41.95,39.22,15.43,5498.0,447.0,4794.0,0,6639.0
JFK,2019-07-08,2019,7,369,0,2,125,0.0,0.3388,27.24,369,1,0,126,0.0027,0.3424,22.03,26.7,11.6,3124.0,504.0,1586.0,0,3569.0
JFK,2019-07-09,2019,7,367,0,0,81,0.0,0.2207,10.54,367,0,0,74,0.0,0.2016,4.34,22.19,11.16,1205.0,0,472.0,0,1099.0
JFK,2019-07-10,2019,7,366,0,0,57,0.0,0.1557,8.39,366,0,0,54,0.0,0.1475,-0.82,22.69,10.6,960.0,12.0,407.0,0,1391.0
JFK,2019-07-11,2019,7,370,52,1,113,0.1405,0.3553,43.46,370,47,0,158,0.127,0.4892,69.69,38.17,11.35,2734.0,547.0,5145.0,0,7097.0
JFK,2019-07-12,2019,7,370,0,0,108,0.0,0.2919,16.42,370,3,0,86,0.0081,0.2343,10.17,24.36,11.19,2092.0,0,754.0,0,2000.0
JFK,2019-07-13,2019,7,338,4,0,56,0.0118,0.1677,5.65,339,6,0,39,0.0177,0.1171,-5.24,20.69,10.65,1215.0,0,67.0,0,231.0
JFK,2019-07-14,2019,7,369,2,1,52,0.0054,0.1417,10.46,368,2,0,41,0.0054,0.112,-3.48,22.24,10.9,2626.0,0,80.0,0,753.0
JFK,2019-07-15,2019,7,369,2,2,53,0.0054,0.1444,5.68,369,2,0,45,0.0054,0.1226,-1.23,21.69,11.63,570.0,0,278.0,21.0,988.0
JFK,2019-07-16,2019,7,366,2,0,50,0.0055,0.1374,3.13,366,2,0,49,0.0055,0.1346,-2.32,25.79,10.53,692.0,83.0,558.0,13.0,185.0
JFK,2019-07-17,2019,7,366,50,2,80,0.1366,0.2532,45.05,366,41,9,123,0.112,0.3785,58.45,32.51,11.9,1379.0,4871.0,6210.0,0,2743.0
JFK,2019-07-18,2019,7,370,18,2,168,0.0486,0.4773,58.89,370,25,0,151,0.0676,0.4377,46.16,48.75,21.45,6461.0,376.0,9851.0,35.0,7358.0
JFK,2019-07-19,2019,7,370,1,2,130,0.0027,0.3523,29.75,370,2,0,126,0.0054,0.3424,24.95,23.47,11.07,1886.0,100.0,2043.0,0,4497.0
JFK,2019-07-20,2019,7,338,4,1,109,0.0118,0.3263,20.41,339,4,0,95,0.0118,0.2836,16.88,24.96,12.35,2100.0,0,1762.0,15.0,1404.0
JFK,2019-07-21,2019,7,369,9,1,124,0.0244,0.3444,31.39,368,8,1,121,0.0217,0.3361,24.51,36.24,14.91,4226.0,524.0,4044.0,0,4052.0
JFK,2019-07-22,2019,7,369,56,2,130,0.1518,0.4153,66.72,369,49,14,156,0.1328,0.4875,72.69,33.33,13.32,6149.0,6002.0,2360.0,0,6375.0
JFK,2019-07-23,2019,7,367,5,2,142,0.0136,0.3923,34.66,367,13,0,122,0.0354,0.3446,25.85,25.67,11.83,4673.0,240.0,1728.0,0,4187.0
JFK,2019-07-24,2019,7,367,1,2,90,0.0027,0.2459,15.08,367,1,0,82,0.0027,0.224,7.6,27.82,10.77,1905.0,0,1013.0,0,2435.0
JFK,2019-07-25,2019,7,370,1,1,46,0.0027,0.1247,6.8,370,1,0,49,0.0027,0.1328,2.63,24.04,11.77,1387.0,0,755.0,0,691.0
JFK,2019-07-26,2019,7,370,1,0,83,0.0027,0.2249,12.09,370,1,0,58,0.0027,0.1572,0.18,28.47,13.28,2133.0,0,438.0,0,1190.0
JFK,2019-07-27,2019,7,338,1,1,44,0.003,0.1306,3.08,339,0,0,45,0.0,0.1327,-4.0,30.27,11.57,321.0,0,317.0,0,683.0
JFK,2019-07-28,2019,7,369,0,1,35,0.0,0.0949,1.81,368,1,0,46,0.0027,0.1253,-4.34,19.74,10.46,391.0,0,47.0,0,375.0
JFK,2019-07-29,2019,7,369,2,0,72,0.0054,0.1962,13.34,369,1,0,68,0.0027,0.1848,6.12,21.84,11.4,1805.0,0,1149.0,0,1561.0
JFK,2019-07-30,2019,7,367,2,0,98,0.0054,0.2685,25.66,367,3,7,125,0.0082,0.3434,19.5,33.26,11.77,3164.0,3.0,1823.0,0,4600.0
JFK,2019-07-31,2019,7,367,59,2,112,0.1608,0.3636,50.59,367,53,4,156,0.1444,0.4968,65.83,43.51,10.36,4134.0,662.0,9599.0,57.0,5029.0
JFK,2020-01-01,2020,1,298,2,0,36,0.0067,0.1216,4.67,293,2,0,30,0.0068,0.1031,-6.91,21.22,8.6,1029.0,0,283.0,0,404.0
JFK,2020-01-02,2020,1,333,1,0,28,0.003,0.0843,0.77,336,2,0,27,0.006,0.0808,-9.57,22.39,9.47,684.0,0,295.0,0,65.0
JFK,2020-01-03,2020,1,337,1,2,33,0.003,0.0982,1.76,338,0,0,34,0.0,0.1006,-4.54,21.06,11.06,548.0,0,299.0,0,562.0
JFK,2020-01-04,2020,1,319,2,7,68,0.0063,0.2145,10.42,321,1,0,76,0.0031,0.2375,12.74,25.32,10.68,1803.0,0,1403.0,0,1363.0
JFK,2020-01-05,2020,1,341,2,2,72,0.0059,0.2124,10.6,342,3,0,61,0.0088,0.1799,1.4,25.01,9.6,1908.0,68.0,602.0,0,1522.0
JFK,2020-01-06,2020,1,357,0,0,56,0.0,0.1569,10.46,345,0,0,56,0.0,0.1623,0.03,27.07,9.72,2575.0,0,1043.0,0,1262.0
JFK,2020-01-07,2020,1,329,1,0,33,0.003,0.1006,2.04,331,0,0,26,0.0,0.0785,-11.85,20.85,9.42,801.0,41.0,104.0,0,285.0
JFK,2020-01-08,2020,1,340,0,1,50,0.0,0.1471,7.74,341,1,1,36,0.0029,0.1059,-7.3,25.27,8.02,2082.0,88.0,370.0,0,727.0
JFK,2020-01-09,2020,1,348,0,2,23,0.0,0.0661,0.39,351,0,0,27,0.0,0.0769,-9.83,21.39,8.7,731.0,0,154.0,0,66.0
JFK,2020-01-10,2020,1,348,0,1,36,0.0,0.1034,5.2,350,0,0,59,0.0,0.1686,2.93,20.17,9.71,1350.0,0,295.0,85.0,585.0
JFK,2020-01-11,2020,1,292,2,1,31,0.0068,0.1069,4.44,287,2,0,59,0.007,0.207,5.02,22.8,9.7,610.0,96.0,1439.0,0,187.0
JFK,2020-01-12,2020,1,338,0,0,57,0.0,0.1686,9.7,340,0,0,53,0.0,0.1559,2.9,21.79,9.2,1278.0,545.0,553.0,0,1504.0
JFK,2020-01-13,2020,1,346,0,1,39,0.0,0.1127,2.54,344,0,1,41,0.0,0.1192,-3.33,19.7,10.2,869.0,0,546.0,0,591.0
JFK,2020-01-14,2020,1,327,0,0,35,0.0,0.107,8.03,326,0,2,25,0.0,0.0767,-14.27,18.81,10.83,2636.0,0,453.0,0,467.0
JFK,2020-01-15,2020,1,337,0,0,21,0.0,0.0623,1.91,338,0,1,18,0.0,0.0533,-14.89,20.01,9.12,1325.0,0,718.0,0,267.0
JFK,2020-01-16,2020,1,349,0,4,60,0.0,0.1719,10.79,350,0,0,66,0.0,0.1886,3.19,28.29,8.51,1464.0,168.0,3276.0,0,1613.0
JFK,2020-01-17,2020,1,350,0,3,65,0.0,0.1857,10.33,351,1,0,50,0.0028,0.1429,-1.93,20.71,9.99,1080.0,148.0,1350.0,0,544.0
JFK,2020-01-18,2020,1,272,3,0,104,0.011,0.3866,36.41,267,3,1,126,0.0112,0.4773,45.63,43.72,15.34,3165.0,2063.0,4426.0,0,4571.0
JFK,2020-01-19,2020,1,296,0,0,39,0.0,0.1318,5.18,299,0,2,37,0.0,0.1237,-4.73,20.48,8.82,1270.0,0,194.0,0,420.0
JFK,2020-01-20,2020,1,342,0,0,44,0.0,0.1287,5.42,338,1,0,46,0.003,0.1365,-1.26,20.02,9.18,903.0,0,67.0,0,513.0
JFK,2020-01-21,2020,1,329,0,0,30,0.0,0.0912,3.56,331,0,2,32,0.0,0.0967,-2.97,18.82,9.15,839.0,0,560.0,0,166.0
JFK,2020-01-22,2020,1,337,0,1,27,0.0,0.0801,-0.58,337,0,0,26,0.0,0.0772,-4.15,20.85,8.61,579.0,0,39.0,0,73.0
JFK,2020-01-23,2020,1,349,0,0,23,0.0,0.0659,-1.11,351,0,0,32,0.0,0.0912,-5.88,19.29,8.59,241.0,0,37.0,0,158.0
JFK,2020-01-24,2020,1,350,0,0,16,0.0,0.0457,-0.51,351,0,0,23,0.0,0.0655,-12.57,22.15,8.5,602.0,0,157.0,0,95.0
JFK,2020-01-25,2020,1,290,2,0,92,0.0069,0.3194,27.54,286,2,3,147,0.007,0.5176,47.43,25.5,10.63,1888.0,0,235.0,10.0,4871.0
JFK,2020-01-26,2020,1,342,0,1,25,0.0,0.0731,0.07,346,0,2,39,0.0,0.1127,-2.83,19.71,9.47,456.0,0,101.0,0,322.0
JFK,2020-01-27,2020,1,351,0,0,20,0.0,0.057,-2.01,347,0,3,24,0.0,0.0692,-8.89,20.41,7.81,409.0,114.0,42.0,0,93.0
JFK,2020-01-28,2020,1,328,0,1,16,0.0,0.0488,-3.68,328,0,0,14,0.0,0.0427,-13.2,18.82,8.04,53.0,0,59.0,0,21.0
JFK,2020-01-29,2020,1,336,0,0,16,0.0,0.0476,-2.7,337,0,2,26,0.0,0.0772,-9.94,17.55,8.31,85.0,0,0,0,219.0
JFK,2020-01-30,2020,1,348,0,0,14,0.0,0.0402,-2.93,350,0,0,35,0.0,0.1,-6.47,22.23,8.02,76.0,0,0,0,157.0
JFK,2020-01-31,2020,1,353,0,0,24,0.0,0.068,0.54,350,1,0,52,0.0029,0.149,-4.24,21.27,8.52,885.0,0,209.0,0,176.0
JFK,2020-04-01,2020,4,264,193,0,8,0.7311,0.1127,6.2,271,193,0,5,0.7122,0.0641,-23.35,14.92,6.19,453.0,0,0,0,47.0
JFK,2020-04-02,2020,4,210,151,0,7,0.719,0.1186,0.51,207,147,0,4,0.7101,0.0667,-18.58,16.24,5.92,167.0,0,0,0,55.0
JFK,2020-04-03,2020,4,210,146,0,5,0.6952,0.0781,-2.91,213,148,0,3,0.6948,0.0462,-19.55,14.05,6.63,70.0,0,0,0,0
JFK,2020-04-04,2020,4,131,70,0,4,0.5344,0.0656,-0.56,130,67,0,0,0.5154,0.0,-26.6,16.82,7.3,340.0,0,0,0,0
JFK,2020-04-05,2020,4,160,82,0,3,0.5125,0.0385,-5.51,161,82,0,4,0.5093,0.0506,-24.78,15.13,7.39,105.0,0,0,0,0
JFK,2020-04-06,2020,4,155,93,0,11,0.6,0.1774,5.35,152,101,0,8,0.6645,0.1569,-9.69,14.47,6.0,221.0,0,35.0,0,134.0
JFK,2020-04-07,2020,4,122,70,0,3,0.5738,0.0577,-1.79,123,74,0,1,0.6016,0.0204,-27.04,12.92,6.29,277.0,0,55.0,0,0
JFK,2020-04-08,2020,4,101,46,0,1,0.4554,0.0182,-5.24,102,47,0,2,0.4608,0.0364,-28.65,14.29,5.93,50.0,0,22.0,0,0
JFK,2020-04-09,2020,4,112,55,0,4,0.4911,0.0702,-2.51,110,56,0,1,0.5091,0.0185,-25.98,14.58,5.69,269.0,0,19.0,0,0
JFK,2020-04-10,2020,4,109,59,0,5,0.5413,0.1,-2.04,107,54,0,4,0.5047,0.0755,-19.92,15.68,6.26,151.0,0,22.0,0,0
JFK,2020-04-11,2020,4,88,39,0,4,0.4432,0.0816,-4.88,86,40,0,0,0.4651,0.0,-30.57,13.86,5.07,42.0,0,9.0,0,0
JFK,2020-04-12,2020,4,70,15,0,1,0.2143,0.0182,-7.85,71,17,0,2,0.2394,0.037,-26.37,14.4,6.8,15.0,0,0,0,0
JFK,2020-04-13,2020,4,58,11,0,2,0.1897,0.0426,-1.98,57,10,0,3,0.1754,0.0638,-19.21,15.11,7.83,114.0,0,96.0,0,0
JFK,2020-04-14,2020,4,56,6,0,1,0.1071,0.02,-7.48,53,6,0,1,0.1132,0.0213,-30.51,13.96,5.87,0,0,0,0,0
JFK,2020-04-15,2020,4,40,6,0,1,0.15,0.0294,-5.44,41,2,0,1,0.0488,0.0256,-27.54,13.29,6.33,21.0,0,8.0,0,0
JFK,2020-04-16,2020,4,64,28,0,3,0.4375,0.0833,-4.14,59,22,0,2,0.3729,0.0541,-33.89,15.11,6.51,118.0,0,36.0,0,0
JFK,2020-04-17,2020,4,58,23,0,1,0.3966,0.0286,-5.43,60,25,0,0,0.4167,0.0,-30.14,13.29,6.69,20.0,0,29.0,0,0
JFK,2020-04-18,2020,4,49,19,0,2,0.3878,0.0667,-3.5,50,20,0,3,0.4,0.1,-14.6,15.97,5.77,0,0,0,0,0
JFK,2020-04-19,2020,4,48,9,0,3,0.1875,0.0769,0.1,46,6,0,0,0.1304,0.0,-33.08,13.9,6.92,214.0,0,6.0,0,0
JFK,2020-04-20,2020,4,40,10,0,0,0.25,0.0,-7.53,40,10,0,2,0.25,0.0667,-26.27,13.5,5.07,0,0,0,0,0
JFK,2020-04-21,2020,4,44,8,0,3,0.1818,0.0833,-1.22,42,4,0,1,0.0952,0.0263,-24.61,14.75,6.21,78.0,25.0,0,0,0
JFK,2020-04-22,2020,4,35,3,0,3,0.0857,0.0938,12.28,34,3,0,2,0.0882,0.0645,-22.06,15.72,6.39,582.0,0,21.0,0,0
JFK,2020-04-23,2020,4,44,4,0,0,0.0909,0.0,-7.5,43,4,0,1,0.093,0.0256,-33.41,15.12,5.18,0,0,0,0,0
JFK,2020-04-24,2020,4,39,3,0,5,0.0769,0.1389,7.06,40,4,0,2,0.1,0.0556,-19.97,14.69,6.42,383.0,0,7.0,0,13.0
JFK,2020-04-25,2020,4,33,4,0,2,0.1212,0.069,6.28,33,4,0,0,0.1212,0.0,-27.97,14.83,6.69,331.0,0,0,0,0
JFK,2020-04-26,2020,4,45,9,0,3,0.2,0.0833,13.72,44,8,0,1,0.1818,0.0278,-26.47,15.92,7.36,670.0,0,3.0,0,0
JFK,2020-04-27,2020,4,39,5,0,3,0.1282,0.0882,9.91,41,5,0,1,0.122,0.0278,-26.44,14.26,6.72,523.0,0,0,0,0
JFK,2020-04-28,2020,4,44,6,0,1,0.1364,0.0263,0.29,42,7,0,1,0.1667,0.0286,-20.17,14.66,7.29,266.0,0,0,0,0
JFK,2020-04-29,2020,4,35,2,0,0,0.0571,0.0,-7.79,38,4,0,0,0.1053,0.0,-22.35,13.91,7.06,0,0,0,0,0
JFK,2020-04-30,2020,4,48,6,0,0,0.125,0.0,-7.17,44,5,0,1,0.1136,0.0256,-22.64,15.76,5.59,0,0,0,0,0
JFK,2021-01-01,2021,1,104,0,1,14,0.0,0.1346,10.71,106,0,0,18,0.0,0.1698,1.97,19.97,8.15,1164.0,0,302.0,0,3.0
JFK,2021-01-02,2021,1,142,0,0,27,0.0,0.1901,12.32,140,0,1,27,0.0,0.1929,2.14,16.48,7.58,1569.0,0,223.0,0,344.0
JFK,2021-01-03,2021,1,152,0,1,25,0.0,0.1645,17.3,150,1,0,39,0.0067,0.2617,15.04,18.65,8.92,2377.0,0,437.0,0,182.0
JFK,2021-01-04,2021,1,144,0,2,35,0.0,0.2431,26.75,143,0,0,32,0.0,0.2238,20.01,17.14,7.64,1640.0,0,1733.0,111.0,474.0
JFK,2021-01-05,2021,1,80,0,0,6,0.0,0.075,3.0,86,0,0,11,0.0,0.1279,4.08,15.8,7.02,374.0,0,33.0,0,51.0
JFK,2021-01-06,2021,1,84,0,0,7,0.0,0.0833,0.61,86,0,0,10,0.0,0.1163,-0.79,16.55,7.31,209.0,0,1.0,0,0
JFK,2021-01-07,2021,1,123,1,0,7,0.0081,0.0574,-1.96,125,1,0,10,0.008,0.0806,-7.18,14.84,6.71,91.0,0,41.0,0,1.0
JFK,2021-01-08,2021,1,109,1,0,14,0.0092,0.1296,4.31,108,1,0,13,0.0093,0.1215,-2.59,18.18,7.46,617.0,0,115.0,0,15.0
JFK,2021-01-09,2021,1,89,0,1,6,0.0,0.0674,-0.36,89,0,0,12,0.0,0.1348,-2.92,15.4,7.02,142.0,0,70.0,0,22.0
JFK,2021-01-10,2021,1,125,0,0,18,0.0,0.144,6.53,124,0,0,31,0.0,0.25,6.89,16.3,7.48,630.0,0,232.0,22.0,158.0
JFK,2021-01-11,2021,1,106,2,1,6,0.0189,0.0577,0.0,107,2,0,12,0.0187,0.1143,-4.36,18.12,7.8,312.0,0,68.0,0,29.0
JFK,2021-01-12,2021,1,77,0,1,2,0.0,0.026,-3.58,78,0,0,8,0.0,0.1026,-6.56,19.21,7.36,34.0,0,116.0,0,0
JFK,2021-01-13,2021,1,80,0,0,12,0.0,0.15,7.34,78,0,0,14,0.0,0.1795,2.12,18.16,7.56,190.0,74.0,687.0,0,101.0
JFK,2021-01-14,2021,1,120,0,0,7,0.0,0.0583,0.62,121,0,0,22,0.0,0.1818,-0.05,16.95,7.56,350.0,0,92.0,0,91.0
JFK,2021-01-15,2021,1,108,0,0,4,0.0,0.037,-1.75,106,0,0,11,0.0,0.1038,-6.74,18.56,7.01,59.0,0,260.0,15.0,0
JFK,2021-01-16,2021,1,87,0,0,6,0.0,0.069,0.9,87,0,0,10,0.0,0.1149,-7.23,16.17,6.57,129.0,0,291.0,0,134.0
JFK,2021-01-17,2021,1,115,0,0,11,0.0,0.0957,1.17,114,0,0,11,0.0,0.0965,-8.27,15.55,7.2,423.0,0,309.0,0,0
JFK,2021-01-18,2021,1,107,0,0,8,0.0,0.0748,-1.04,107,0,0,8,0.0,0.0748,-12.93,15.91,6.51,272.0,0,159.0,0,0
JFK,2021-01-19,2021,1,78,0,1,5,0.0,0.0641,1.31,79,0,0,8,0.0,0.1013,-8.68,15.49,7.01,218.0,0,6.0,0,0
JFK,2021-01-20,2021,1,81,1,0,4,0.0123,0.05,-0.1,79,1,0,5,0.0127,0.0641,-11.71,22.18,7.24,226.0,0,73.0,0,22.0
JFK,2021-01-21,2021,1,123,1,0,12,0.0081,0.0984,-1.0,123,1,0,16,0.0081,0.1311,-7.92,16.66,7.3,157.0,0,226.0,0,82.0
JFK,2021-01-22,2021,1,107,0,0,4,0.0,0.0374,-3.42,108,0,0,5,0.0,0.0463,-16.36,15.71,7.17,72.0,0,93.0,0,6.0
JFK,2021-01-23,2021,1,87,0,0,10,0.0,0.1149,1.95,87,0,0,2,0.0,0.023,-13.86,15.79,6.55,383.0,0,28.0,0,7.0
JFK,2021-01-24,2021,1,121,0,0,12,0.0,0.0992,1.6,120,0,2,20,0.0,0.1667,-3.04,16.45,7.07,367.0,13.0,344.0,0,169.0
JFK,2021-01-25,2021,1,106,0,0,5,0.0,0.0472,-1.39,107,0,0,12,0.0,0.1121,1.28,15.42,7.77,109.0,0,172.0,0,108.0
JFK,2021-01-26,2021,1,78,0,1,5,0.0,0.0641,-1.37,79,0,0,4,0.0,0.0506,-14.8,20.37,7.51,164.0,0,58.0,0,0
JFK,2021-01-27,2021,1,81,1,0,7,0.0123,0.0875,3.2,79,1,0,7,0.0127,0.0897,-12.76,16.4,6.78,422.0,0,98.0,24.0,117.0
JFK,2021-01-28,2021,1,124,1,0,8,0.0081,0.065,0.76,125,1,0,6,0.008,0.0484,-10.99,16.24,6.45,470.0,0,108.0,0,5.0
JFK,2021-01-29,2021,1,110,1,0,13,0.0091,0.1193,6.8,110,1,0,14,0.0091,0.1284,-0.95,15.62,7.86,445.0,371.0,248.0,0,4.0
JFK,2021-01-30,2021,1,87,0,0,5,0.0,0.0575,1.32,87,0,0,9,0.0,0.1034,4.85,15.79,6.95,317.0,0,43.0,0,0
JFK,2021-01-31,2021,1,125,4,0,19,0.032,0.157,7.61,124,35,0,15,0.2823,0.1685,2.64,23.73,7.66,662.0,212.0,684.0,0,236.0
JFK,2022-01-01,2022,1,255,39,0,91,0.1529,0.4213,55.75,254,38,2,87,0.1496,0.4028,36.66,20.08,12.48,6784.0,1012.0,552.0,0,3050.0
JFK,2022-01-02,2022,1,332,53,1,109,0.1596,0.3907,40.35,333,53,0,116,0.1592,0.4143,36.79,23.52,10.58,7384.0,0,1382.0,95.0,3084.0
JFK,2022-01-03,2022,1,332,49,0,131,0.1476,0.4629,35.99,330,53,0,112,0.1606,0.4043,32.46,21.86,11.79,4541.0,34.0,1285.0,0,3353.0
JFK,2022-01-04,2022,1,330,27,1,96,0.0818,0.3168,17.07,328,29,0,87,0.0884,0.291,12.01,21.03,11.4,2519.0,41.0,789.0,0,1196.0
JFK,2022-01-05,2022,1,339,6,0,81,0.0177,0.2432,11.27,344,8,0,76,0.0233,0.2262,5.52,23.91,11.92,2592.0,15.0,584.0,0,906.0
JFK,2022-01-06,2022,1,360,16,0,70,0.0444,0.2035,7.6,363,58,0,60,0.1598,0.1967,4.85,21.9,13.06,1837.0,83.0,662.0,0,774.0
JFK,2022-01-07,2022,1,359,127,0,101,0.3538,0.4353,30.44,357,89,0,102,0.2493,0.3806,25.04,33.7,17.9,3173.0,509.0,2339.0,56.0,2432.0
JFK,2022-01-08,2022,1,344,11,0,103,0.032,0.3093,22.83,343,8,0,78,0.0233,0.2328,2.92,23.29,13.73,4920.0,0,283.0,0,1402.0
JFK,2022-01-09,2022,1,359,7,1,83,0.0195,0.2358,15.8,361,8,1,86,0.0222,0.2436,9.73,22.25,12.48,4434.0,0,653.0,0,623.0
JFK,2022-01-10,2022,1,360,8,1,66,0.0222,0.1875,15.25,358,7,1,58,0.0196,0.1652,-2.41,21.1,11.21,3661.0,665.0,446.0,0,1353.0
JFK,2022-01-11,2022,1,357,5,0,77,0.014,0.2188,9.22,354,7,0,63,0.0198,0.1816,1.72,21.35,12.27,2163.0,40.0,177.0,0,574.0
JFK,2022-01-12,2022,1,357,2,3,67,0.0056,0.1887,5.83,361,5,0,51,0.0139,0.1433,-1.55,21.2,10.16,1280.0,53.0,97.0,0,688.0
JFK,2022-01-13,2022,1,364,2,2,44,0.0055,0.1215,2.85,365,2,0,49,0.0055,0.135,1.01,21.3,11.14,747.0,0,464.0,0,811.0
JFK,2022-01-14,2022,1,372,0,2,53,0.0,0.1425,4.58,369,0,1,59,0.0,0.1599,0.83,24.73,12.1,1302.0,0,346.0,0,392.0
JFK,2022-01-15,2022,1,356,6,0,88,0.0169,0.2514,17.31,354,8,1,81,0.0226,0.2341,7.7,21.36,14.21,3810.0,166.0,283.0,65.0,1377.0
JFK,2022-01-16,2022,1,373,56,1,123,0.1501,0.388,30.61,374,39,2,155,0.1043,0.4627,35.48,28.92,23.09,5253.0,739.0,2873.0,0,2562.0
JFK,2022-01-17,2022,1,374,15,0,159,0.0401,0.4429,37.21,372,30,0,132,0.0806,0.386,23.48,23.89,12.38,6881.0,542.0,1237.0,0,4197.0
JFK,2022-01-18,2022,1,370,6,0,55,0.0162,0.1511,5.68,367,5,2,45,0.0136,0.1243,-1.98,23.03,9.73,2041.0,15.0,298.0,0,558.0
JFK,2022-01-19,2022,1,368,3,1,31,0.0082,0.0849,-0.84,372,5,1,23,0.0134,0.0627,-6.97,18.89,10.05,681.0,0,38.0,26.0,102.0
JFK,2022-01-20,2022,1,374,15,2,52,0.0401,0.1448,6.89,377,11,0,65,0.0292,0.1776,2.3,27.77,10.83,1669.0,420.0,1489.0,51.0,856.0
JFK,2022-01-21,2022,1,371,19,2,55,0.0512,0.1562,8.4,370,23,0,51,0.0622,0.147,-1.74,20.17,12.33,2251.0,286.0,643.0,0,531.0
JFK,2022-01-22,2022,1,355,5,0,70,0.0141,0.2,13.95,353,7,0,58,0.0198,0.1676,3.11,19.79,11.89,3241.0,181.0,291.0,0,1151.0
JFK,2022-01-23,2022,1,374,1,2,81,0.0027,0.2172,17.26,375,2,0,77,0.0053,0.2064,9.87,27.25,12.61,2087.0,2889.0,2080.0,0,1360.0
JFK,2022-01-24,2022,1,372,2,0,75,0.0054,0.2027,9.39,370,1,0,73,0.0027,0.1978,-0.51,27.95,9.93,1381.0,331.0,1847.0,29.0,1951.0
JFK,2022-01-25,2022,1,369,2,1,37,0.0054,0.1008,-0.88,366,2,0,25,0.0055,0.0687,-14.62,20.4,9.07,926.0,0,247.0,0,132.0
JFK,2022-01-26,2022,1,367,2,0,34,0.0054,0.0932,1.46,371,2,0,21,0.0054,0.0569,-12.57,21.65,9.57,977.0,48.0,283.0,0,585.0
JFK,2022-01-27,2022,1,375,1,1,48,0.0027,0.1283,3.22,378,0,1,43,0.0,0.1138,-3.54,22.48,9.88,1091.0,0,187.0,0,511.0
JFK,2022-01-28,2022,1,372,51,1,123,0.1371,0.3832,23.92,371,135,1,90,0.3639,0.3814,23.66,46.28,13.75,3695.0,1308.0,6023.0,19.0,2200.0
JFK,2022-01-29,2022,1,355,334,0,21,0.9408,1.0,179.14,353,315,1,34,0.8924,0.8947,130.84,38.67,42.5,202.0,2528.0,138.0,0,712.0
JFK,2022-01-30,2022,1,374,207,0,107,0.5535,0.6407,101.29,375,141,3,113,0.376,0.4829,57.42,25.07,24.53,7559.0,1937.0,428.0,46.0,5145.0
JFK,2022-01-31,2022,1,372,33,0,133,0.0887,0.3923,43.44,370,42,0,107,0.1135,0.3262,30.16,22.14,14.14,8153.0,361.0,218.0,18.0,4214.0
JFK,2022-06-01,2022,6,383,29,3,79,0.0757,0.2232,15.94,383,37,9,100,0.0966,0.289,38.03,32.67,15.08,2739.0,1257.0,2844.0,0,1101.0
JFK,2022-06-02,2022,6,387,85,2,119,0.2196,0.394,35.36,385,81,0,134,0.2104,0.4408,37.06,29.8,12.84,4965.0,314.0,3853.0,0,2922.0
JFK,2022-06-03,2022,6,375,22,1,112,0.0587,0.3173,18.4,375,24,0,108,0.064,0.3077,12.22,22.69,12.51,3735.0,0,799.0,0,1319.0
JFK,2022-06-04,2022,6,363,20,0,62,0.0551,0.1808,8.81,364,23,0,62,0.0632,0.1818,2.51,27.09,9.6,2530.0,0,1055.0,24.0,618.0
JFK,2022-06-05,2022,6,377,8,1,68,0.0212,0.1843,8.62,377,9,0,62,0.0239,0.1685,-2.16,25.73,10.44,2345.0,0,851.0,15.0,702.0
JFK,2022-06-06,2022,6,381,6,0,89,0.0157,0.2373,13.41,381,5,0,74,0.0131,0.1968,2.87,26.03,11.26,3061.0,19.0,1697.0,0,1220.0
JFK,2022-06-07,2022,6,378,3,2,86,0.0079,0.2293,12.24,379,4,1,72,0.0106,0.192,3.59,31.61,12.78,2677.0,0,1619.0,0,1786.0
JFK,2022-06-08,2022,6,378,1,0,79,0.0026,0.2095,9.75,379,6,0,85,0.0158,0.2279,11.71,24.39,12.92,1771.0,638.0,1706.0,0,923.0
JFK,2022-06-09,2022,6,385,7,7,154,0.0182,0.4074,32.57,383,7,1,107,0.0183,0.2846,19.15,25.63,11.23,5944.0,953.0,2108.0,0,3021.0
JFK,2022-06-10,2022,6,385,4,0,98,0.0104,0.2572,14.89,385,7,1,75,0.0182,0.1984,3.85,22.24,10.61,3216.0,0,899.0,52.0,1265.0
JFK,2022-06-11,2022,6,370,6,0,76,0.0162,0.2088,11.03,370,5,0,69,0.0135,0.189,4.12,30.8,11.41,3041.0,0,1240.0,18.0,867.0
JFK,2022-06-12,2022,6,384,60,1,188,0.1562,0.5802,72.6,383,55,1,207,0.1436,0.6311,85.25,38.3,13.76,8550.0,379.0,7616.0,0,10318.0
JFK,2022-06-13,2022,6,386,12,2,145,0.0311,0.3877,28.28,386,18,1,139,0.0466,0.3777,28.44,24.93,14.72,4904.0,10.0,885.0,15.0,3365.0
JFK,2022-06-14,2022,6,383,2,2,138,0.0052,0.3622,27.55,384,2,3,123,0.0052,0.322,18.45,31.61,15.49,5439.0,0,2129.0,0,2981.0
JFK,2022-06-15,2022,6,385,6,1,90,0.0156,0.2375,13.53,382,7,5,68,0.0183,0.1813,1.14,24.93,12.34,2635.0,0,383.0,0,1139.0
JFK,2022-06-16,2022,6,387,113,1,215,0.292,0.7847,123.12,388,93,0,245,0.2397,0.8305,161.84,47.21,23.59,11476.0,866.0,9670.0,11.0,16493.0
JFK,2022-06-17,2022,6,388,51,0,181,0.1314,0.5371,47.05,388,63,1,174,0.1624,0.5354,43.71,29.32,14.71,8134.0,939.0,1697.0,0,5039.0
JFK,2022-06-18,2022,6,373,25,3,134,0.067,0.3851,30.36,373,29,0,106,0.0777,0.3081,13.35,26.79,13.76,5954.0,0,768.0,0,2486.0
JFK,2022-06-19,2022,6,387,39,1,131,0.1008,0.3764,25.01,387,39,1,115,0.1008,0.3305,15.73,23.85,13.85,4047.0,0,270.0,0,2009.0
JFK,2022-06-20,2022,6,389,13,1,123,0.0334,0.3271,20.18,389,20,1,105,0.0514,0.2846,13.46,23.56,14.84,3452.0,108.0,152.0,0,1355.0
JFK,2022-06-21,2022,6,385,9,0,84,0.0234,0.2234,13.36,386,8,0,65,0.0207,0.172,-0.37,25.15,12.22,3076.0,0,332.0,0,748.0
JFK,2022-06-22,2022,6,385,54,1,123,0.1403,0.3716,36.02,385,56,3,138,0.1455,0.4195,49.31,37.09,13.62,4837.0,636.0,4871.0,0,3632.0
JFK,2022-06-23,2022,6,389,26,2,141,0.0668,0.3884,30.99,387,26,0,100,0.0672,0.277,11.82,27.37,12.69,6181.0,21.0,1807.0,0,1709.0
JFK,2022-06-24,2022,6,388,16,0,95,0.0412,0.2554,15.52,388,15,0,91,0.0387,0.244,6.74,25.24,14.45,2640.0,0,744.0,0,1317.0
JFK,2022-06-25,2022,6,373,9,2,115,0.0241,0.3159,18.55,373,12,0,69,0.0322,0.1911,3.93,24.91,11.53,2716.0,330.0,494.0,0,1539.0
JFK,2022-06-26,2022,6,386,21,3,137,0.0544,0.3753,32.01,386,20,0,128,0.0518,0.3497,25.3,36.73,14.6,7287.0,169.0,3078.0,6.0,2887.0
JFK,2022-06-27,2022,6,388,39,3,158,0.1005,0.4527,37.54,389,38,0,135,0.0977,0.3846,25.75,25.56,15.09,5526.0,358.0,2735.0,56.0,4216.0
JFK,2022-06-28,2022,6,385,6,0,126,0.0156,0.3325,20.6,385,11,1,75,0.0286,0.2005,3.55,29.04,14.44,4672.0,0,1108.0,0,1961.0
JFK,2022-06-29,2022,6,385,12,0,98,0.0312,0.2627,17.84,384,12,0,76,0.0312,0.2043,2.78,33.05,12.4,4300.0,163.0,2187.0,0,1386.0
JFK,2022-06-30,2022,6,388,13,1,95,0.0335,0.2533,15.44,387,9,0,51,0.0233,0.1349,0.9,23.77,11.98,3424.0,0,379.0,0,1048.0
JFK,2022-12-01,2022,12,389,6,1,89,0.0154,0.2324,11.44,388,5,0,95,0.0129,0.248,4.64,25.67,10.73,3269.0,25.0,1104.0,0,1119.0
JFK,2022-12-02,2022,12,384,0,0,53,0.0,0.138,8.1,386,0,0,64,0.0,0.1658,1.73,24.46,10.23,3026.0,17.0,1490.0,12.0,399.0
JFK,2022-12-03,2022,12,367,0,6,87,0.0,0.2371,10.16,368,0,0,96,0.0,0.2609,9.21,26.59,12.61,2660.0,137.0,2301.0,0,681.0
JFK,2022-12-04,2022,12,382,0,3,103,0.0,0.2696,18.27,382,1,0,100,0.0026,0.2625,5.87,24.44,11.59,5259.0,0,2086.0,60.0,1321.0
JFK,2022-12-05,2022,12,381,1,1,69,0.0026,0.1816,8.03,381,1,0,75,0.0026,0.1974,2.69,26.02,11.21,2522.0,36.0,1417.0,0,874.0
JFK,2022-12-06,2022,12,377,0,1,41,0.0,0.1088,1.33,378,0,0,52,0.0,0.1376,1.14,28.06,13.12,1299.0,0,2176.0,0,182.0
JFK,2022-12-07,2022,12,378,3,1,124,0.0079,0.3307,18.94,378,3,1,157,0.0079,0.4187,22.32,25.59,13.36,2240.0,9.0,2175.0,0,3801.0
JFK,2022-12-08,2022,12,381,0,0,50,0.0,0.1312,6.06,381,0,0,51,0.0,0.1339,-1.78,25.54,12.4,2089.0,0,1441.0,0,842.0
JFK,2022-12-09,2022,12,381,0,0,48,0.0,0.126,3.9,381,1,1,62,0.0026,0.1632,0.64,22.19,12.11,1037.0,0,768.0,34.0,281.0
JFK,2022-12-10,2022,12,365,0,0,72,0.0,0.1973,8.97,366,0,2,73,0.0,0.1995,4.55,23.74,12.87,2134.0,0,842.0,0,896.0
JFK,2022-12-11,2022,12,381,1,5,84,0.0026,0.2211,8.82,379,3,0,86,0.0079,0.2287,5.78,22.6,13.82,1705.0,0,1023.0,0,1040.0
JFK,2022-12-12,2022,12,380,2,1,87,0.0053,0.2302,10.33,380,0,0,98,0.0,0.2579,7.14,24.46,12.95,1756.0,0,566.0,0,1152.0
JFK,2022-12-13,2022,12,376,2,1,77,0.0053,0.2059,8.56,375,2,0,73,0.0053,0.1957,8.43,25.69,12.36,1804.0,0,590.0,0,947.0
JFK,2022-12-14,2022,12,377,1,1,74,0.0027,0.1968,5.77,374,0,0,80,0.0,0.2139,1.6,22.76,12.04,1361.0,15.0,349.0,0,326.0
JFK,2022-12-15,2022,12,379,0,1,137,0.0,0.3615,22.25,376,1,1,176,0.0027,0.4693,28.83,29.4,16.92,3801.0,11.0,1928.0,0,3317.0
JFK,2022-12-16,2022,12,380,1,0,162,0.0026,0.4274,27.26,382,4,0,164,0.0105,0.4339,23.58,31.32,17.06,5053.0,481.0,2426.0,0,3081.0
JFK,2022-12-17,2022,12,370,1,0,126,0.0027,0.3415,22.6,367,0,0,121,0.0,0.3297,15.08,26.99,12.82,5179.0,76.0,1648.0,0,2323.0
JFK,2022-12-18,2022,12,384,0,0,121,0.0,0.3151,18.31,384,0,0,113,0.0,0.2943,12.31,23.82,12.3,3994.0,0,584.0,0,2189.0
JFK,2022-12-19,2022,12,383,0,0,104,0.0,0.2715,10.48,385,1,0,102,0.0026,0.2656,10.39,26.9,12.26,2058.0,44.0,1616.0,53.0,1537.0
JFK,2022-12-20,2022,12,380,3,1,75,0.0079,0.1989,12.08,380,4,0,77,0.0105,0.2048,3.67,22.19,14.79,2169.0,533.0,592.0,0,1355.0
JFK,2022-12-21,2022,12,383,2,0,117,0.0052,0.3071,21.88,382,2,0,106,0.0052,0.2789,12.62,23.95,13.2,5058.0,0,1705.0,15.0,1537.0
JFK,2022-12-22,2022,12,383,20,6,144,0.0522,0.3967,31.81,383,18,1,181,0.047,0.4959,43.42,28.4,13.61,4910.0,50.0,2693.0,0,5263.0
JFK,2022-12-23,2022,12,387,91,5,181,0.2351,0.6115,51.88,386,84,0,170,0.2176,0.5629,73.11,25.9,20.83,6919.0,2966.0,2856.0,0,3203.0
JFK,2022-12-24,2022,12,251,54,0,142,0.2151,0.7208,78.69,252,66,0,119,0.2619,0.6398,74.4,22.45,17.65,7251.0,1588.0,747.0,0,4602.0
JFK,2022-12-25,2022,12,264,50,0,136,0.1894,0.6355,60.04,260,56,0,98,0.2154,0.4804,45.79,21.93,13.78,7349.0,488.0,689.0,0,2638.0
JFK,2022-12-26,2022,12,296,36,0,146,0.1216,0.5615,47.38,297,29,1,142,0.0976,0.5299,42.33,22.17,14.59,6293.0,84.0,1527.0,0,3341.0
JFK,2022-12-27,2022,12,296,13,2,142,0.0439,0.5018,45.65,297,12,0,133,0.0404,0.4667,40.49,20.97,12.06,6206.0,54.0,1702.0,0,2715.0
JFK,2022-12-28,2022,12,295,7,0,120,0.0237,0.4167,31.21,295,13,0,115,0.0441,0.4078,27.25,22.95,11.26,3664.0,0,565.0,0,2466.0
JFK,2022-12-29,2022,12,296,1,0,112,0.0034,0.3797,24.77,296,1,0,99,0.0034,0.3356,16.68,20.92,13.2,4031.0,0,213.0,9.0,1088.0
JFK,2022-12-30,2022,12,296,0,0,92,0.0,0.3108,17.57,297,0,0,74,0.0,0.2492,7.02,22.68,10.66,2739.0,0,529.0,0,652.0
JFK,2022-12-31,2022,12,252,2,3,101,0.0079,0.404,45.4,251,3,6,116,0.012,0.4677,43.57,22.9,12.6,6291.0,5.0,1000.0,7.0,3457.0
JFK,2023-01-01,2023,1,267,1,0,79,0.0037,0.297,18.65,266,1,4,69,0.0038,0.2604,12.61,20.36,10.06,3261.0,0,420.0,0,884.0
JFK,2023-01-02,2023,1,295,8,5,124,0.0271,0.4321,45.7,296,8,3,124,0.027,0.4306,46.43,22.53,12.76,7183.0,36.0,2539.0,0,2456.0
JFK,2023-01-03,2023,1,301,5,1,123,0.0166,0.4155,38.9,298,6,4,115,0.0201,0.3938,49.02,21.74,11.33,4946.0,0,949.0,9.0,4342.0
JFK,2023-01-04,2023,1,299,2,3,118,0.0067,0.3973,32.22,300,4,1,109,0.0133,0.3682,29.28,21.68,11.79,2914.0,699.0,2031.0,10.0,2786.0
JFK,2023-01-05,2023,1,298,1,1,57,0.0034,0.1919,11.79,299,1,0,49,0.0033,0.1644,2.79,21.44,11.66,2604.0,0,604.0,0,471.0
JFK,2023-01-06,2023,1,299,0,1,67,0.0,0.2241,7.86,299,0,0,49,0.0,0.1639,-3.98,20.39,11.12,1144.0,0,169.0,13.0,345.0
JFK,2023-01-07,2023,1,290,0,1,66,0.0,0.2276,12.99,293,0,1,59,0.0,0.2014,2.31,22.56,10.05,1914.0,0,237.0,0,747.0
JFK,2023-01-08,2023,1,378,0,0,77,0.0,0.2037,8.59,374,1,0,68,0.0027,0.1823,0.63,25.16,12.45,1565.0,43.0,264.0,0,988.0
JFK,2023-01-09,2023,1,367,0,0,64,0.0,0.1744,9.11,367,0,0,56,0.0,0.1526,0.54,20.52,12.46,2110.0,0,236.0,0,622.0
JFK,2023-01-10,2023,1,365,0,0,70,0.0,0.1918,9.77,361,0,0,67,0.0,0.1856,1.58,22.56,12.6,2454.0,14.0,434.0,44.0,818.0
JFK,2023-01-11,2023,1,369,10,1,221,0.0271,0.6156,55.5,369,11,2,196,0.0298,0.5475,52.31,25.67,13.71,4917.0,69.0,5647.0,129.0,7706.0
JFK,2023-01-12,2023,1,375,0,1,105,0.0,0.28,18.19,376,0,0,165,0.0,0.4388,28.2,33.62,13.26,2581.0,500.0,2373.0,0,3538.0
JFK,2023-01-13,2023,1,375,0,1,116,0.0,0.3093,19.45,374,0,0,150,0.0,0.4011,16.71,24.21,15.18,2604.0,1190.0,1503.0,0,1567.0
JFK,2023-01-14,2023,1,357,1,1,161,0.0028,0.4522,26.12,357,1,1,160,0.0028,0.4494,26.1,34.29,22.42,3235.0,880.0,2594.0,5.0,3070.0
JFK,2023-01-15,2023,1,366,1,0,110,0.0027,0.3014,18.46,368,1,0,130,0.0027,0.3542,15.15,23.93,17.6,2617.0,471.0,768.0,0,1952.0
JFK,2023-01-16,2023,1,372,4,1,85,0.0108,0.231,10.77,371,4,0,95,0.0108,0.2589,9.65,24.19,12.62,1939.0,171.0,306.0,0,979.0
JFK,2023-01-17,2023,1,368,1,0,48,0.0027,0.1308,3.37,367,1,0,42,0.0027,0.1148,-3.0,21.03,12.83,962.0,0,107.0,0,552.0
JFK,2023-01-18,2023,1,369,0,1,48,0.0,0.1301,3.19,370,2,0,41,0.0054,0.1114,-5.22,24.07,13.05,1279.0,92.0,651.0,0,407.0
JFK,2023-01-19,2023,1,375,3,0,83,0.008,0.2231,20.33,376,2,1,111,0.0053,0.2968,13.31,34.91,21.49,4546.0,797.0,4278.0,0,1455.0
JFK,2023-01-20,2023,1,375,4,0,61,0.0107,0.1644,12.71,374,5,1,67,0.0134,0.1816,2.44,23.53,11.39,2374.0,2.0,749.0,0,1681.0
JFK,2023-01-21,2023,1,358,1,1,42,0.0028,0.1176,4.65,357,2,0,56,0.0056,0.1577,-0.31,21.83,13.93,2091.0,0,237.0,0,515.0
JFK,2023-01-22,2023,1,371,1,0,106,0.0027,0.2865,22.75,373,0,0,126,0.0,0.3378,17.06,23.5,16.02,5058.0,343.0,1058.0,0,2243.0
JFK,2023-01-23,2023,1,372,6,0,100,0.0161,0.2732,19.35,371,6,2,106,0.0162,0.2904,14.44,24.78,14.22,3165.0,39.0,1758.0,0,2281.0
JFK,2023-01-24,2023,1,368,0,0,44,0.0,0.1196,1.16,368,0,1,50,0.0,0.1359,-3.6,22.52,11.11,872.0,44.0,517.0,0,344.0
JFK,2023-01-25,2023,1,369,23,1,103,0.0623,0.2977,18.82,370,22,5,155,0.0595,0.4454,31.55,23.65,13.19,1507.0,108.0,1451.0,0,4027.0
JFK,2023-01-26,2023,1,376,1,1,61,0.0027,0.1627,6.43,376,3,0,68,0.008,0.1823,2.11,25.29,11.18,2056.0,20.0,1409.0,14.0,877.0
JFK,2023-01-27,2023,1,375,0,1,64,0.0,0.1707,7.64,374,0,0,71,0.0,0.1898,-0.38,22.73,13.76,2202.0,0,765.0,0,941.0
JFK,2023-01-28,2023,1,358,0,0,41,0.0,0.1145,1.44,357,0,0,41,0.0,0.1148,-6.15,19.37,11.72,977.0,0,504.0,0,456.0
JFK,2023-01-29,2023,1,371,0,2,53,0.0,0.1429,7.59,373,0,0,51,0.0,0.1367,2.74,23.5,11.47,2908.0,0,1465.0,0,645.0
JFK,2023-01-30,2023,1,372,1,2,64,0.0027,0.1725,11.99,370,1,0,79,0.0027,0.2141,11.42,19.48,12.5,3259.0,2.0,1180.0,0,1449.0
JFK,2023-01-31,2023,1,368,7,1,88,0.019,0.2438,15.57,368,6,0,116,0.0163,0.3204,11.07,29.2,14.81,2808.0,1441.0,3167.0,0,1725.0
JFK,2023-06-01,2023,6,389,2,2,69,0.0051,0.1783,7.93,392,1,0,72,0.0026,0.1841,2.85,24.06,11.63,1740.0,0,201.0,24.0,923.0
JFK,2023-06-02,2023,6,388,11,1,113,0.0284,0.2997,29.46,388,11,4,138,0.0284,0.366,29.32,40.12,14.03,5243.0,1306.0,3407.0,0,3882.0
JFK,2023-06-03,2023,6,379,0,1,97,0.0,0.2559,19.94,379,2,0,115,0.0053,0.305,20.99,32.73,14.32,3174.0,910.0,1066.0,0,2975.0
JFK,2023-06-04,2023,6,387,0,1,87,0.0,0.2248,11.13,387,0,0,91,0.0,0.2351,8.58,26.85,12.7,2622.0,0,512.0,15.0,1130.0
JFK,2023-06-05,2023,6,382,2,1,59,0.0052,0.1553,7.38,381,2,0,72,0.0052,0.19,-1.68,21.39,11.6,1191.0,0,224.0,0,904.0
JFK,2023-06-06,2023,6,367,0,0,83,0.0,0.2262,12.64,369,0,2,119,0.0,0.3225,10.47,34.5,14.2,2018.0,448.0,1747.0,0,1814.0
JFK,2023-06-07,2023,6,366,0,1,54,0.0,0.1475,3.09,368,0,2,65,0.0,0.1766,-1.4,23.59,11.9,833.0,0,251.0,0,246.0
JFK,2023-06-08,2023,6,372,1,2,57,0.0027,0.1536,6.16,372,0,0,87,0.0,0.2339,7.59,21.82,11.4,1261.0,24.0,655.0,0,724.0
JFK,2023-06-09,2023,6,370,0,1,62,0.0,0.1676,8.06,370,1,0,60,0.0027,0.1626,1.95,19.96,11.33,1716.0,0,284.0,0,791.0
JFK,2023-06-10,2023,6,360,0,1,53,0.0,0.1472,8.24,359,0,0,57,0.0,0.1588,-1.09,22.81,12.09,1811.0,311.0,297.0,0,951.0
JFK,2023-06-11,2023,6,368,0,0,56,0.0,0.1522,7.39,370,0,0,63,0.0,0.1703,-0.52,28.89,10.66,1996.0,0,922.0,0,803.0
JFK,2023-06-12,2023,6,374,25,3,103,0.0668,0.2951,21.68,371,25,0,154,0.0674,0.4451,30.56,30.19,12.48,2162.0,280.0,1766.0,71.0,4105.0
JFK,2023-06-13,2023,6,365,0,2,79,0.0,0.2164,10.8,365,1,0,89,0.0027,0.2445,7.68,22.18,12.48,1353.0,140.0,383.0,0,1585.0
JFK,2023-06-14,2023,6,364,22,2,117,0.0604,0.3421,30.57,364,21,2,150,0.0577,0.4373,36.92,29.74,12.63,4440.0,732.0,2367.0,0,3353.0
JFK,2023-06-15,2023,6,364,4,1,84,0.011,0.2333,11.47,368,6,0,89,0.0163,0.2459,10.43,24.26,11.96,1614.0,298.0,1339.0,0,743.0
JFK,2023-06-16,2023,6,365,54,0,129,0.1479,0.4148,41.33,365,48,1,158,0.1315,0.4984,48.67,23.81,12.38,2910.0,1107.0,1282.0,6.0,6178.0
JFK,2023-06-17,2023,6,350,5,11,99,0.0143,0.287,21.28,350,11,0,97,0.0314,0.2861,23.73,32.82,12.99,3696.0,0,2481.0,0,1900.0
JFK,2023-06-18,2023,6,361,5,0,84,0.0139,0.236,14.91,361,8,0,74,0.0222,0.2096,6.37,24.45,12.42,2941.0,342.0,253.0,24.0,731.0
JFK,2023-06-19,2023,6,367,3,5,68,0.0082,0.1868,14.75,364,2,1,78,0.0055,0.2155,12.2,25.77,11.09,2116.0,10.0,1904.0,0,1585.0
JFK,2023-06-20,2023,6,361,0,3,68,0.0,0.1884,8.17,360,3,0,80,0.0083,0.2241,6.81,31.69,12.82,1308.0,0,1839.0,0,1455.0
JFK,2023-06-21,2023,6,358,3,2,91,0.0084,0.2563,16.53,361,3,0,93,0.0083,0.2598,15.14,35.67,13.46,2875.0,58.0,2094.0,0,1898.0
JFK,2023-06-22,2023,6,366,3,2,82,0.0082,0.2259,14.5,366,5,0,98,0.0137,0.2715,19.19,26.9,12.68,1782.0,0,933.0,0,1979.0
JFK,2023-06-23,2023,6,365,8,1,125,0.0219,0.3501,39.99,365,3,0,153,0.0082,0.4227,39.17,41.84,20.36,5871.0,1023.0,5065.0,0,5727.0
JFK,2023-06-24,2023,6,350,53,0,107,0.1514,0.3603,51.49,350,50,0,125,0.1429,0.4167,62.46,49.68,17.85,5791.0,2284.0,8766.0,0,3905.0
JFK,2023-06-25,2023,6,360,44,5,164,0.1222,0.519,51.9,361,51,9,147,0.1413,0.4742,44.51,33.07,13.63,5480.0,833.0,5462.0,58.0,6361.0
JFK,2023-06-26,2023,6,367,128,2,113,0.3488,0.4728,60.24,363,111,7,153,0.3058,0.6071,70.51,49.35,17.47,5027.0,1236.0,7976.0,4.0,5241.0
JFK,2023-06-27,2023,6,361,112,1,121,0.3102,0.4859,68.78,360,119,0,123,0.3306,0.5104,82.83,43.78,13.67,10881.0,175.0,6794.0,0,2654.0
JFK,2023-06-28,2023,6,358,27,1,150,0.0754,0.4532,41.1,361,37,0,129,0.1025,0.3981,38.65,24.81,14.56,5522.0,722.0,842.0,0,4037.0
JFK,2023-06-29,2023,6,366,6,2,89,0.0164,0.2472,22.32,366,6,0,105,0.0164,0.2917,14.55,22.94,12.06,2981.0,71.0,552.0,0,3003.0
JFK,2023-06-30,2023,6,364,1,3,101,0.0027,0.2782,25.2,365,1,0,110,0.0027,0.3022,17.12,23.04,13.08,4516.0,277.0,793.0,0,2085.0
JFK,2023-07-01,2023,7,353,3,1,107,0.0085,0.3057,16.47,353,2,0,134,0.0057,0.3818,19.67,29.62,13.72,2353.0,144.0,876.0,1.0,1979.0
JFK,2023-07-02,2023,7,356,33,1,109,0.0927,0.3375,24.46,355,34,0,129,0.0958,0.4019,27.77,26.3,12.91,2269.0,499.0,1538.0,0,2749.0
JFK,2023-07-03,2023,7,358,4,1,72,0.0112,0.2034,22.58,358,7,0,87,0.0196,0.2479,8.57,40.09,17.5,2877.0,410.0,7285.0,75.0,1232.0
JFK,2023-07-04,2023,7,357,7,2,128,0.0196,0.3657,27.97,357,9,1,122,0.0252,0.3506,21.04,31.37,14.47,2902.0,1012.0,3223.0,0,3022.0
JFK,2023-07-05,2023,7,362,4,0,95,0.011,0.2654,26.24,364,5,0,98,0.0137,0.273,16.9,26.54,13.2,5505.0,298.0,1418.0,22.0,2097.0
JFK,2023-07-06,2023,7,364,2,0,77,0.0055,0.2127,16.73,364,2,0,82,0.0055,0.2265,11.82,26.94,13.72,4156.0,96.0,565.0,0,1236.0
JFK,2023-07-07,2023,7,363,42,0,111,0.1157,0.3458,42.54,363,38,7,138,0.1047,0.4246,52.04,33.14,12.21,5291.0,277.0,4850.0,0,5098.0
JFK,2023-07-08,2023,7,351,18,0,122,0.0513,0.3664,25.92,352,24,2,144,0.0682,0.439,32.98,34.45,12.98,3062.0,35.0,4171.0,18.0,3436.0
JFK,2023-07-09,2023,7,359,147,0,84,0.4095,0.3962,66.92,359,150,8,80,0.4178,0.3828,72.01,34.51,13.91,3916.0,2318.0,7595.0,0,2644.0
JFK,2023-07-10,2023,7,364,32,2,134,0.0879,0.4036,36.92,363,34,0,103,0.0937,0.3131,27.13,30.46,13.02,6546.0,175.0,2037.0,77.0,3227.0
JFK,2023-07-11,2023,7,364,0,1,98,0.0,0.2692,18.35,363,2,0,73,0.0055,0.2022,6.62,20.26,12.3,2634.0,165.0,284.0,0,2128.0
JFK,2023-07-12,2023,7,361,1,0,68,0.0028,0.1889,9.32,362,2,0,66,0.0055,0.1833,1.54,23.71,12.11,1313.0,39.0,464.0,0,940.0
JFK,2023-07-13,2023,7,364,12,2,71,0.033,0.2017,12.36,364,3,18,93,0.0082,0.2576,17.67,31.58,13.37,2669.0,355.0,1535.0,0,1515.0
JFK,2023-07-14,2023,7,364,71,1,161,0.1951,0.5495,75.51,364,73,9,187,0.2005,0.6426,83.95,49.05,13.69,9347.0,1009.0,6865.0,0,10024.0
JFK,2023-07-15,2023,7,352,20,0,145,0.0568,0.4367,34.98,353,27,0,157,0.0765,0.4816,44.92,40.27,13.42,4003.0,353.0,4841.0,67.0,5518.0
JFK,2023-07-16,2023,7,361,154,3,119,0.4266,0.5749,77.32,361,154,0,123,0.4266,0.5942,84.58,50.6,16.73,5588.0,67.0,9787.0,0,4844.0
JFK,2023-07-17,2023,7,365,18,2,152,0.0493,0.438,48.73,364,15,1,127,0.0412,0.3639,32.63,30.2,13.52,9083.0,436.0,2228.0,0,5226.0
JFK,2023-07-18,2023,7,365,70,0,160,0.1918,0.5424,86.88,364,67,19,157,0.1841,0.5286,88.95,36.72,18.03,7747.0,1933.0,6941.0,0,10238.0
JFK,2023-07-19,2023,7,363,12,2,131,0.0331,0.3732,34.3,363,12,1,131,0.0331,0.3732,33.94,36.12,13.38,6038.0,232.0,2753.0,14.0,5160.0
JFK,2023-07-20,2023,7,365,9,1,100,0.0247,0.2809,24.57,365,10,0,124,0.0274,0.3493,25.26,31.67,13.33,3850.0,1159.0,1710.0,0,2767.0
JFK,2023-07-21,2023,7,364,16,0,186,0.044,0.5345,49.42,364,17,0,194,0.0467,0.5591,47.42,33.46,12.25,6714.0,80.0,2627.0,9.0,7923.0
JFK,2023-07-22,2023,7,352,2,2,82,0.0057,0.2343,13.41,353,4,0,65,0.0113,0.1862,2.22,22.52,11.44,2174.0,0,586.0,0,1528.0
JFK,2023-07-23,2023,7,361,0,3,113,0.0,0.313,24.42,362,3,0,110,0.0083,0.3064,19.63,23.29,13.42,3710.0,325.0,1097.0,0,2849.0
JFK,2023-07-24,2023,7,366,2,0,113,0.0055,0.3104,20.46,364,1,1,106,0.0027,0.292,14.79,31.84,13.2,3321.0,178.0,1681.0,0,3036.0
JFK,2023-07-25,2023,7,365,71,0,126,0.1945,0.4286,73.97,364,74,10,142,0.2033,0.4897,86.09,29.55,13.36,6574.0,4131.0,2674.0,0,8143.0
JFK,2023-07-26,2023,7,362,12,3,125,0.0331,0.3571,23.76,363,10,0,134,0.0275,0.3796,24.55,22.14,13.23,3146.0,440.0,444.0,0,2375.0
JFK,2023-07-27,2023,7,365,56,0,91,0.1534,0.2945,27.68,365,65,4,106,0.1781,0.3533,29.93,26.97,11.39,3804.0,96.0,1362.0,0,2681.0
JFK,2023-07-28,2023,7,364,13,3,131,0.0357,0.3732,25.89,364,6,0,136,0.0165,0.3799,21.79,38.29,19.72,5007.0,369.0,3747.0,0,2302.0
JFK,2023-07-29,2023,7,353,61,1,110,0.1728,0.3767,39.71,354,65,5,139,0.1836,0.481,58.03,31.9,12.73,4602.0,430.0,3531.0,0,3641.0
JFK,2023-07-30,2023,7,360,12,0,124,0.0333,0.3563,28.83,360,10,0,91,0.0278,0.26,15.31,26.1,13.83,5408.0,63.0,1075.0,0,2385.0
JFK,2023-07-31,2023,7,365,4,1,97,0.011,0.2687,21.59,363,4,1,79,0.011,0.2201,6.16,24.41,12.45,3498.0,198.0,1482.0,0,2218.0
JFK,2023-12-01,2023,12,344,0,0,40,0.0,0.1163,3.03,346,0,0,42,0.0,0.1214,-3.42,21.83,12.94,974.0,0,446.0,0,251.0
JFK,2023-12-02,2023,12,335,0,3,44,0.0,0.1313,6.28,333,0,0,42,0.0,0.1261,-1.38,21.18,12.65,1841.0,66.0,860.0,0,459.0
JFK,2023-12-03,2023,12,344,0,1,93,0.0,0.2703,19.87,343,0,0,92,0.0,0.2682,15.54,29.77,14.32,3338.0,171.0,2741.0,0,2215.0
JFK,2023-12-04,2023,12,344,0,0,50,0.0,0.1453,4.8,344,0,0,56,0.0,0.1628,-0.12,20.24,10.87,1304.0,0,377.0,0,730.0
JFK,2023-12-05,2023,12,340,0,1,42,0.0,0.1235,3.0,341,0,0,39,0.0,0.1144,-6.15,19.88,11.48,1178.0,0,72.0,0,194.0
JFK,2023-12-06,2023,12,343,0,0,40,0.0,0.1166,1.97,340,0,0,35,0.0,0.1029,-5.25,20.17,11.05,783.0,0,49.0,0,171.0
JFK,2023-12-07,2023,12,344,0,0,68,0.0,0.1977,7.93,344,0,2,60,0.0,0.1744,2.32,21.0,11.77,1181.0,0,132.0,0,685.0
JFK,2023-12-08,2023,12,343,0,0,35,0.0,0.102,0.85,345,0,0,23,0.0,0.0667,-7.21,27.7,10.71,765.0,0,273.0,0,124.0
JFK,2023-12-09,2023,12,335,0,3,31,0.0,0.0925,0.66,334,0,0,24,0.0,0.0719,-12.36,23.2,9.97,831.0,0,137.0,0,207.0
JFK,2023-12-10,2023,12,346,0,1,99,0.0,0.2861,17.91,345,0,0,126,0.0,0.3652,26.52,36.88,12.83,3130.0,289.0,3877.0,10.0,2238.0
JFK,2023-12-11,2023,12,344,0,0,68,0.0,0.1977,12.37,344,0,0,74,0.0,0.2151,2.97,25.97,10.04,3166.0,21.0,560.0,8.0,728.0
JFK,2023-12-12,2023,12,343,0,1,31,0.0,0.0904,1.18,343,0,0,24,0.0,0.07,-10.48,19.4,10.38,652.0,0,127.0,0,107.0
JFK,2023-12-13,2023,12,343,0,0,40,0.0,0.1166,2.51,341,0,1,41,0.0,0.1202,-7.49,22.97,10.6,613.0,0,283.0,0,398.0
JFK,2023-12-14,2023,12,342,0,0,51,0.0,0.1491,5.96,349,0,1,82,0.0,0.235,3.26,21.16,11.37,1143.0,0,29.0,0,128.0
JFK,2023-12-15,2023,12,358,0,0,49,0.0,0.1369,4.0,351,0,0,46,0.0,0.1311,-4.44,19.56,10.17,957.0,0,22.0,0,160.0
JFK,2023-12-16,2023,12,349,0,0,62,0.0,0.1777,6.97,350,0,1,40,0.0,0.1143,-6.17,26.82,11.47,1545.0,0,534.0,11.0,599.0
JFK,2023-12-17,2023,12,357,13,0,92,0.0364,0.2674,24.5,358,11,2,137,0.0307,0.3948,29.76,29.81,13.8,3841.0,775.0,1235.0,0,3428.0
JFK,2023-12-18,2023,12,357,32,2,169,0.0896,0.52,44.76,357,33,0,127,0.0924,0.392,30.56,29.24,13.15,3126.0,310.0,5036.0,0,4751.0
JFK,2023-12-19,2023,12,361,0,0,100,0.0,0.277,16.42,358,2,0,72,0.0056,0.2022,6.11,21.77,11.73,2440.0,392.0,335.0,0,1478.0
JFK,2023-12-20,2023,12,367,0,0,65,0.0,0.1771,8.32,366,0,2,67,0.0,0.1831,2.11,20.63,11.7,1499.0,0,17.0,6.0,583.0
JFK,2023-12-21,2023,12,367,0,0,78,0.0,0.2125,11.44,367,0,1,70,0.0,0.1907,8.0,22.0,12.56,2208.0,0,83.0,242.0,711.0
JFK,2023-12-22,2023,12,370,0,0,77,0.0,0.2081,10.32,375,0,0,78,0.0,0.208,3.44,21.98,12.37,2094.0,0,205.0,0,912.0
JFK,2023-12-23,2023,12,363,0,1,80,0.0,0.2204,11.74,364,0,1,58,0.0,0.1593,-0.01,24.65,10.85,2366.0,0,458.0,0,1030.0
JFK,2023-12-24,2023,12,267,0,0,40,0.0,0.1498,5.21,271,0,0,35,0.0,0.1292,-0.35,20.3,9.66,828.0,40.0,21.0,0,414.0
JFK,2023-12-25,2023,12,272,0,1,31,0.0,0.114,5.94,267,1,0,49,0.0037,0.1842,5.09,22.72,11.57,1063.0,0,43.0,0,196.0
JFK,2023-12-26,2023,12,316,1,3,90,0.0032,0.2857,27.93,315,2,1,124,0.0063,0.3962,25.82,22.8,10.98,3262.0,110.0,1023.0,0,2593.0
JFK,2023-12-27,2023,12,315,1,2,96,0.0032,0.3057,22.9,312,2,0,96,0.0064,0.3097,19.38,24.09,12.04,2238.0,808.0,1394.0,0,2473.0
JFK,2023-12-28,2023,12,312,2,0,93,0.0064,0.3,25.42,313,2,0,105,0.0064,0.3376,16.5,24.21,11.69,2542.0,1343.0,1886.0,0,2181.0
JFK,2023-12-29,2023,12,315,0,0,69,0.0,0.219,10.72,315,1,0,85,0.0032,0.2707,6.66,21.34,11.22,1947.0,0,899.0,6.0,919.0
JFK,2023-12-30,2023,12,307,0,0,57,0.0,0.1857,9.7,306,0,1,56,0.0,0.183,1.78,23.16,10.41,1700.0,36.0,542.0,25.0,976.0
JFK,2023-12-31,2023,12,270,0,0,38,0.0,0.1407,3.43,275,0,1,35,0.0,0.1273,1.07,22.55,9.13,971.0,0,156.0,0,244.0
JFK,2024-01-01,2024,1,287,1,0,49,0.0035,0.1713,6.42,282,1,0,53,0.0035,0.1886,1.88,23.1,9.72,650.0,0,353.0,19.0,657.0
JFK,2024-01-02,2024,1,310,0,0,64,0.0,0.2065,9.39,311,1,1,71,0.0032,0.229,6.94,20.35,10.35,1387.0,0,173.0,0,825.0
JFK,2024-01-03,2024,1,302,0,0,54,0.0,0.1788,8.78,302,2,1,47,0.0066,0.1567,4.58,20.26,9.66,1896.0,0,106.0,0,544.0
JFK,2024-01-04,2024,1,278,0,0,44,0.0,0.1583,5.88,280,0,0,32,0.0,0.1143,-1.75,20.35,10.53,1265.0,0,92.0,0,182.0
JFK,2024-01-05,2024,1,274,0,0,59,0.0,0.2153,10.5,276,0,1,43,0.0,0.1558,1.65,20.08,10.51,1946.0,0,173.0,0,315.0
JFK,2024-01-06,2024,1,275,11,0,76,0.04,0.2879,21.14,275,7,1,95,0.0255,0.3545,17.75,39.42,16.43,3338.0,293.0,3625.0,22.0,1465.0
JFK,2024-01-07,2024,1,324,10,2,84,0.0309,0.2675,19.96,321,11,1,79,0.0343,0.2548,8.87,25.97,13.57,2776.0,58.0,2256.0,22.0,2249.0
JFK,2024-01-08,2024,1,316,2,3,69,0.0063,0.2197,14.91,317,4,0,70,0.0126,0.2236,10.37,21.39,10.7,2949.0,0,636.0,1.0,980.0
JFK,2024-01-09,2024,1,303,36,6,71,0.1188,0.2659,23.45,304,36,20,97,0.1184,0.3619,58.69,26.5,10.85,2326.0,674.0,2064.0,0,2212.0
JFK,2024-01-10,2024,1,306,16,0,70,0.0523,0.2414,19.84,305,20,1,58,0.0656,0.2035,13.4,22.62,10.07,3283.0,23.0,1607.0,0,1254.0
JFK,2024-01-11,2024,1,314,7,0,53,0.0223,0.1726,6.41,313,6,1,54,0.0192,0.1759,-0.79,19.56,10.86,1594.0,0,428.0,0,488.0
JFK,2024-01-12,2024,1,315,10,0,52,0.0317,0.1705,9.47,316,10,0,58,0.0316,0.1895,4.71,24.81,9.4,1843.0,31.0,1638.0,0,826.0
JFK,2024-01-13,2024,1,295,12,0,79,0.0407,0.2792,19.26,294,11,0,79,0.0374,0.2792,19.75,29.34,11.17,3088.0,108.0,2730.0,0,2046.0
JFK,2024-01-14,2024,1,313,9,0,70,0.0288,0.2303,15.96,313,13,0,72,0.0415,0.24,8.56,29.39,10.48,2634.0,594.0,2958.0,0,1691.0
JFK,2024-01-15,2024,1,316,19,1,88,0.0601,0.2963,21.67,318,24,0,103,0.0755,0.3503,17.65,26.82,13.93,3510.0,195.0,2580.0,0,2514.0
JFK,2024-01-16,2024,1,302,62,2,142,0.2053,0.5917,64.94,303,57,1,155,0.1881,0.6301,68.02,54.25,16.13,4769.0,5015.0,8769.0,0,5065.0
JFK,2024-01-17,2024,1,306,17,0,109,0.0556,0.3772,33.24,304,17,1,77,0.0559,0.2683,18.83,23.1,11.06,5503.0,232.0,1429.0,34.0,3063.0
JFK,2024-01-18,2024,1,318,10,1,79,0.0314,0.2565,17.92,316,7,0,63,0.0222,0.2039,7.47,19.8,10.72,3098.0,0,454.0,0,1675.0
JFK,2024-01-19,2024,1,319,12,0,146,0.0376,0.4756,48.64,320,12,0,188,0.0375,0.6104,52.03,40.54,13.13,3995.0,617.0,5387.0,60.0,8597.0
JFK,2024-01-20,2024,1,292,2,0,56,0.0068,0.1931,11.48,291,4,0,59,0.0137,0.2056,6.43,27.43,10.08,2898.0,90.0,518.0,0,457.0
JFK,2024-01-21,2024,1,316,5,0,48,0.0158,0.1543,9.77,316,4,0,45,0.0127,0.1442,-1.0,23.03,9.07,2467.0,0,370.0,0,221.0
JFK,2024-01-22,2024,1,315,7,1,56,0.0222,0.1818,9.02,316,5,0,63,0.0158,0.2026,5.94,19.35,10.24,1583.0,16.0,283.0,0,704.0
JFK,2024-01-23,2024,1,302,1,0,32,0.0033,0.1063,1.51,303,5,0,23,0.0165,0.0772,-12.5,21.61,8.91,938.0,92.0,311.0,0,190.0
JFK,2024-01-24,2024,1,305,11,0,38,0.0361,0.1293,2.47,304,6,0,43,0.0197,0.1443,4.58,19.68,10.34,545.0,45.0,383.0,73.0,410.0
JFK,2024-01-25,2024,1,317,8,0,51,0.0252,0.165,6.99,316,10,0,49,0.0316,0.1601,-1.09,19.96,11.56,1134.0,100.0,214.0,0,608.0
JFK,2024-01-26,2024,1,319,1,0,37,0.0031,0.1164,5.7,320,5,0,38,0.0156,0.1206,-3.66,21.81,11.1,1292.0,709.0,104.0,0,241.0
JFK,2024-01-27,2024,1,292,2,0,15,0.0068,0.0517,-1.32,291,1,1,34,0.0034,0.1172,-5.58,21.31,10.49,433.0,0,175.0,0,210.0
JFK,2024-01-28,2024,1,318,3,0,64,0.0094,0.2032,11.37,317,4,0,76,0.0126,0.2428,14.5,26.06,12.56,2504.0,0,703.0,0,721.0
JFK,2024-01-29,2024,1,314,4,0,44,0.0127,0.1419,4.34,315,3,0,56,0.0095,0.1795,2.31,19.07,10.56,889.0,0,258.0,0,390.0
JFK,2024-01-30,2024,1,304,0,0,39,0.0,0.1283,4.42,304,1,0,45,0.0033,0.1485,0.02,19.99,10.15,1266.0,0,164.0,0,681.0
JFK,2024-01-31,2024,1,304,0,0,27,0.0,0.0888,0.18,304,1,0,39,0.0033,0.1287,0.63,18.8,9.31,609.0,13.0,15.0,0,80.0
JFK,2024-06-01,2024,6,331,3,1,54,0.0091,0.1646,7.05,332,3,0,53,0.009,0.1611,-1.65,24.66,10.49,1227.0,47.0,620.0,0,850.0
JFK,2024-06-02,2024,6,350,1,2,59,0.0029,0.1691,6.48,349,0,0,67,0.0,0.192,4.24,23.8,11.43,1053.0,0,982.0,0,589.0
JFK,2024-06-03,2024,6,348,1,0,55,0.0029,0.1585,5.21,348,0,2,53,0.0,0.1523,-0.2,24.54,9.51,813.0,0,337.0,0,1195.0
JFK,2024-06-04,2024,6,341,2,3,47,0.0059,0.1386,8.74,339,3,0,56,0.0088,0.1667,3.57,28.36,10.04,2405.0,26.0,722.0,0,1118.0
JFK,2024-06-05,2024,6,342,35,2,82,0.1023,0.2671,14.93,341,35,0,121,0.1026,0.3954,30.83,23.19,11.48,945.0,21.0,1163.0,0,2543.0
JFK,2024-06-06,2024,6,349,2,0,115,0.0057,0.3314,17.89,350,2,4,159,0.0057,0.4569,25.19,28.78,11.93,1677.0,190.0,1889.0,0,2895.0
JFK,2024-06-07,2024,6,353,1,1,70,0.0028,0.1989,9.49,352,1,1,57,0.0028,0.1624,-0.04,28.64,12.21,2095.0,22.0,1657.0,0,1044.0
JFK,2024-06-08,2024,6,336,0,1,50,0.0,0.1488,5.51,337,0,0,50,0.0,0.1484,-4.08,24.18,12.76,1129.0,0,416.0,0,966.0
JFK,2024-06-09,2024,6,354,0,0,73,0.0,0.2062,9.81,353,0,0,70,0.0,0.1983,2.29,26.9,12.5,1875.0,19.0,644.0,0,1642.0
JFK,2024-06-10,2024,6,352,1,0,43,0.0028,0.1225,2.7,352,1,1,50,0.0028,0.1425,-1.45,23.36,11.35,743.0,74.0,392.0,33.0,494.0
JFK,2024-06-11,2024,6,349,1,2,60,0.0029,0.1724,9.41,348,1,0,67,0.0029,0.1931,7.05,25.2,9.8,1354.0,0,1298.0,23.0,1817.0
JFK,2024-06-12,2024,6,352,14,2,59,0.0398,0.1746,13.28,355,13,0,64,0.0366,0.1871,6.64,22.52,11.5,2806.0,0,1014.0,0,1168.0
JFK,2024-06-13,2024,6,347,10,4,54,0.0288,0.1602,11.49,355,8,0,76,0.0225,0.219,5.08,23.7,12.38,1377.0,0,2032.0,0,974.0
JFK,2024-06-14,2024,6,353,38,2,99,0.1076,0.3143,35.19,353,41,1,147,0.1161,0.4712,56.98,29.93,16.91,4013.0,1570.0,1946.0,17.0,5094.0
JFK,2024-06-15,2024,6,338,6,1,107,0.0178,0.3223,22.52,338,3,1,89,0.0089,0.2657,11.79,28.98,14.87,2537.0,976.0,888.0,0,2670.0
JFK,2024-06-16,2024,6,354,0,1,91,0.0,0.2571,16.05,354,0,0,80,0.0,0.226,13.25,29.16,11.83,2412.0,109.0,991.0,48.0,1785.0
JFK,2024-06-17,2024,6,354,0,0,91,0.0,0.2571,17.12,353,0,0,84,0.0,0.238,9.7,27.69,11.23,3587.0,154.0,387.0,0,1521.0
JFK,2024-06-18,2024,6,350,0,0,56,0.0,0.16,7.8,350,0,2,67,0.0,0.1914,5.51,23.19,12.18,1907.0,16.0,212.0,0,628.0
JFK,2024-06-19,2024,6,351,0,3,53,0.0,0.151,6.82,350,0,2,50,0.0,0.1429,1.33,26.51,10.07,1422.0,0,273.0,0,1195.0
JFK,2024-06-20,2024,6,355,1,2,69,0.0028,0.1949,10.29,354,2,0,64,0.0056,0.1818,4.95,24.07,11.72,1838.0,238.0,924.0,0,611.0
JFK,2024-06-21,2024,6,353,0,0,93,0.0,0.2635,22.62,353,2,3,90,0.0057,0.2564,11.46,28.79,11.48,5041.0,7.0,1140.0,0,1904.0
JFK,2024-06-22,2024,6,339,21,2,109,0.0619,0.3428,49.94,338,20,13,135,0.0592,0.4245,52.8,42.63,12.25,7172.0,1444.0,5478.0,0,5754.0
JFK,2024-06-23,2024,6,354,48,0,161,0.1356,0.5261,54.37,354,47,25,156,0.1328,0.5081,42.86,33.12,11.69,6227.0,325.0,3399.0,28.0,7575.0
JFK,2024-06-24,2024,6,353,1,3,136,0.0028,0.3864,32.74,353,3,1,118,0.0085,0.3371,24.38,38.76,10.31,6520.0,0,3445.0,44.0,3542.0
JFK,2024-06-25,2024,6,350,1,2,84,0.0029,0.2407,13.44,350,2,1,87,0.0057,0.25,8.7,23.59,11.33,1881.0,282.0,1370.0,11.0,1046.0
JFK,2024-06-26,2024,6,351,29,2,92,0.0826,0.2857,26.7,351,30,3,116,0.0855,0.3614,35.03,35.62,11.39,5114.0,159.0,3708.0,0,2457.0
JFK,2024-06-27,2024,6,354,13,1,97,0.0367,0.2845,28.47,354,14,0,100,0.0395,0.2941,18.13,28.31,13.29,6336.0,55.0,1804.0,174.0,1807.0
JFK,2024-06-28,2024,6,352,1,1,83,0.0028,0.2365,12.66,352,1,0,84,0.0028,0.2393,10.48,32.19,11.89,2725.0,46.0,855.0,0,1680.0
JFK,2024-06-29,2024,6,337,26,0,124,0.0772,0.3987,29.0,337,27,4,140,0.0801,0.4516,34.75,33.14,12.0,3252.0,687.0,2661.0,0,3223.0
JFK,2024-06-30,2024,6,353,103,1,101,0.2918,0.404,55.3,354,102,8,131,0.2881,0.5198,89.63,46.3,12.95,5175.0,1408.0,8409.0,0,4447.0
JFK,2024-12-01,2024,12,368,0,0,105,0.0,0.2853,17.84,368,0,0,106,0.0,0.288,12.25,21.94,10.9,3330.0,0,920.0,0,2451.0
JFK,2024-12-02,2024,12,367,0,0,81,0.0,0.2207,10.52,367,0,0,84,0.0,0.2289,4.9,23.08,9.63,2162.0,0,453.0,0,1047.0
JFK,2024-12-03,2024,12,334,0,0,55,0.0,0.1647,5.81,335,0,0,48,0.0,0.1433,4.53,26.26,8.73,1089.0,101.0,404.0,0,442.0
JFK,2024-12-04,2024,12,336,0,0,71,0.0,0.2113,8.84,335,0,0,90,0.0,0.2687,9.72,26.44,12.04,1298.0,8.0,715.0,0,1165.0
JFK,2024-12-05,2024,12,351,0,0,133,0.0,0.3789,26.6,353,0,0,142,0.0,0.4023,25.84,29.35,10.3,2622.0,196.0,2336.0,0,4955.0
JFK,2024-12-06,2024,12,351,0,1,74,0.0,0.2108,9.69,351,0,1,61,0.0,0.1738,6.38,25.32,9.46,1757.0,0,218.0,0,1168.0
JFK,2024-12-07,2024,12,324,0,0,45,0.0,0.1389,7.42,326,0,2,51,0.0,0.1564,4.89,21.74,10.63,1567.0,0,89.0,0,732.0
JFK,2024-12-08,2024,12,351,0,0,57,0.0,0.1624,5.19,349,0,0,54,0.0,0.1547,-1.5,20.27,10.53,774.0,0,215.0,51.0,531.0
JFK,2024-12-09,2024,12,350,0,0,34,0.0,0.0971,0.12,349,0,1,17,0.0,0.0487,-10.59,22.76,11.57,483.0,0,342.0,0,137.0
JFK,2024-12-10,2024,12,335,1,1,61,0.003,0.1826,9.38,334,1,0,102,0.003,0.3063,17.53,24.96,12.01,812.0,73.0,586.0,0,2448.0
JFK,2024-12-11,2024,12,333,23,2,109,0.0691,0.3516,28.06,333,23,0,167,0.0691,0.5387,52.15,27.69,11.95,1542.0,79.0,2214.0,0,6040.0
JFK,2024-12-12,2024,12,349,0,2,61,0.0,0.1748,6.84,351,0,0,72,0.0,0.2051,-0.02,30.63,9.57,1557.0,20.0,1760.0,0,1164.0
JFK,2024-12-13,2024,12,350,0,0,55,0.0,0.1571,10.21,351,0,0,56,0.0,0.1595,0.51,23.67,11.97,1649.0,0,1935.0,0,680.0
JFK,2024-12-14,2024,12,326,0,0,38,0.0,0.1166,3.11,325,0,0,37,0.0,0.1138,-4.83,20.83,11.64,503.0,0,349.0,0,244.0
JFK,2024-12-15,2024,12,351,0,0,49,0.0,0.1396,9.7,349,0,0,34,0.0,0.0974,-6.56,22.11,11.78,941.0,0,177.0,98.0,2426.0
JFK,2024-12-16,2024,12,350,1,3,78,0.0029,0.2235,15.5,349,2,0,94,0.0057,0.2709,10.66,29.85,13.38,3168.0,50.0,1354.0,0,2029.0
JFK,2024-12-17,2024,12,334,0,0,56,0.0,0.1677,7.54,335,0,0,31,0.0,0.0925,-5.9,21.13,10.67,1299.0,0,161.0,327.0,531.0
JFK,2024-12-18,2024,12,334,0,2,37,0.0,0.1108,3.05,341,0,1,39,0.0,0.1144,-6.93,24.82,9.54,608.0,26.0,439.0,0,792.0
JFK,2024-12-19,2024,12,359,0,4,63,0.0,0.1755,7.66,357,0,0,54,0.0,0.1513,6.78,24.96,11.67,1626.0,47.0,474.0,0,1038.0
JFK,2024-12-20,2024,12,356,10,1,104,0.0281,0.3006,20.97,357,7,0,152,0.0196,0.4343,26.74,27.28,13.59,2143.0,211.0,2323.0,0,3337.0
JFK,2024-12-21,2024,12,321,11,1,197,0.0343,0.6355,74.52,318,12,0,189,0.0377,0.6176,70.99,54.53,17.16,9774.0,2251.0,8568.0,19.0,8980.0
JFK,2024-12-22,2024,12,330,3,0,157,0.0091,0.4801,35.39,330,5,0,113,0.0152,0.3477,25.42,23.7,13.45,4254.0,300.0,665.0,0,4660.0
JFK,2024-12-23,2024,12,328,0,0,106,0.0,0.3232,18.43,329,1,0,88,0.003,0.2683,9.39,23.75,13.12,1795.0,244.0,495.0,0,2489.0
JFK,2024-12-24,2024,12,261,0,0,85,0.0,0.3257,22.56,263,0,1,67,0.0,0.2548,6.77,32.93,11.41,2939.0,147.0,2127.0,0,1741.0
JFK,2024-12-25,2024,12,263,0,0,37,0.0,0.1407,6.09,262,0,0,29,0.0,0.1107,-4.32,23.29,10.77,1346.0,52.0,64.0,0,159.0
JFK,2024-12-26,2024,12,319,1,2,89,0.0031,0.2799,18.84,318,1,0,86,0.0031,0.2713,11.85,28.23,12.07,2803.0,15.0,1275.0,0,1734.0
JFK,2024-12-27,2024,12,318,0,0,87,0.0,0.2736,13.81,318,0,0,70,0.0,0.2201,8.45,26.26,9.93,1463.0,0,1520.0,10.0,1140.0
JFK,2024-12-28,2024,12,310,0,0,154,0.0,0.4968,39.12,310,0,0,183,0.0,0.5903,43.57,27.35,12.61,3272.0,89.0,1999.0,0,5896.0
JFK,2024-12-29,2024,12,319,1,2,115,0.0031,0.3616,23.8,319,0,1,119,0.0,0.373,23.33,26.74,11.03,2509.0,96.0,2066.0,6.0,3313.0
JFK,2024-12-30,2024,12,318,0,3,51,0.0,0.1604,5.26,318,0,1,52,0.0,0.1635,-2.04,22.98,10.42,673.0,0,340.0,0,1035.0
JFK,2024-12-31,2024,12,272,0,3,47,0.0,0.1728,11.16,271,0,2,44,0.0,0.1624,-1.72,22.63,10.96,2237.0,230.0,704.0,0,533.0
ORD,2016-01-01,2016,1,570,7,1,129,0.0123,0.2291,13.17,569,7,0,93,0.0123,0.1655,0.83,16.87,10.91,2964.0,17.0,961.0,0,2151.0
ORD,2016-01-02,2016,1,613,2,2,114,0.0033,0.1866,9.02,636,4,1,72,0.0063,0.1139,-4.38,16.05,10.86,1763.0,38.0,477.0,5.0,1969.0
ORD,2016-01-03,2016,1,670,2,4,289,0.003,0.4326,24.97,680,4,0,176,0.0059,0.2604,10.63,20.34,15.91,3198.0,3304.0,2428.0,19.0,5109.0
ORD,2016-01-04,2016,1,689,2,1,233,0.0029,0.3392,17.54,672,4,0,167,0.006,0.25,6.35,20.58,14.67,3952.0,495.0,2917.0,10.0,3054.0
ORD,2016-01-05,2016,1,619,2,0,92,0.0032,0.1491,5.94,617,2,0,70,0.0032,0.1138,-4.12,16.3,10.98,1367.0,157.0,1030.0,0,911.0
ORD,2016-01-06,2016,1,606,1,1,62,0.0017,0.1025,2.76,608,1,1,44,0.0016,0.0725,-10.92,16.4,10.5,1144.0,49.0,924.0,0,567.0
ORD,2016-01-07,2016,1,638,14,4,72,0.0219,0.1154,2.99,637,14,1,61,0.022,0.0979,-5.84,16.5,13.13,1263.0,5.0,544.0,0,869.0
ORD,2016-01-08,2016,1,638,14,1,131,0.0219,0.2099,8.25,637,14,0,120,0.022,0.1926,0.3,22.61,11.27,2039.0,166.0,2047.0,0,2705.0
ORD,2016-01-09,2016,1,471,33,2,146,0.0701,0.3333,15.13,472,35,1,120,0.0742,0.2746,8.05,22.08,11.01,1000.0,1807.0,2295.0,0,2588.0
ORD,2016-01-10,2016,1,583,7,4,193,0.012,0.3351,22.06,576,7,1,140,0.0122,0.246,10.94,18.45,12.73,4154.0,479.0,2240.0,142.0,5078.0
ORD,2016-01-11,2016,1,641,15,0,326,0.0234,0.5208,39.65,640,11,0,279,0.0172,0.4436,25.79,26.84,24.08,6951.0,5618.0,5237.0,0,9284.0
ORD,2016-01-12,2016,1,616,0,2,216,0.0,0.3506,20.42,617,7,0,126,0.0113,0.2066,5.76,18.39,12.56,5790.0,565.0,825.0,0,3242.0
ORD,2016-01-13,2016,1,610,5,2,277,0.0082,0.4579,27.1,613,9,1,173,0.0147,0.2864,13.01,22.4,15.67,4847.0,3221.0,2781.0,12.0,5007.0
ORD,2016-01-14,2016,1,638,2,0,119,0.0031,0.1871,7.71,639,1,1,61,0.0016,0.0956,-6.92,16.1,10.62,2320.0,0,904.0,0,1126.0
ORD,2016-01-15,2016,1,637,1,7,135,0.0016,0.2123,10.28,635,4,1,81,0.0063,0.1284,-3.67,17.09,10.94,3288.0,99.0,1288.0,0,2025.0
ORD,2016-01-16,2016,1,466,2,1,63,0.0043,0.1358,4.97,470,2,0,41,0.0043,0.0876,-6.66,15.31,10.02,1301.0,5.0,510.0,0,751.0
ORD,2016-01-17,2016,1,557,3,1,137,0.0054,0.2473,14.92,543,3,0,79,0.0055,0.1463,-2.73,16.05,11.12,2879.0,1485.0,933.0,0,1830.0
ORD,2016-01-18,2016,1,632,1,1,299,0.0016,0.4739,27.39,635,1,0,172,0.0016,0.2713,8.36,16.83,13.1,5479.0,2793.0,1344.0,50.0,4378.0
ORD,2016-01-19,2016,1,609,1,0,115,0.0016,0.1891,7.0,609,1,0,64,0.0016,0.1053,-7.25,16.54,10.47,1899.0,82.0,948.0,0,1720.0
ORD,2016-01-20,2016,1,604,1,2,108,0.0017,0.1791,6.85,607,2,1,110,0.0033,0.1818,-1.2,21.02,11.25,1906.0,261.0,1429.0,0,1271.0
ORD,2016-01-21,2016,1,635,4,3,79,0.0063,0.1252,4.18,634,0,1,82,0.0,0.1293,-4.82,16.49,10.01,1719.0,0,479.0,0,886.0
ORD,2016-01-22,2016,1,633,77,3,280,0.1216,0.5036,30.91,632,39,1,275,0.0617,0.4637,28.36,27.55,17.94,4667.0,1888.0,6646.0,0,5829.0
ORD,2016-01-23,2016,1,467,65,2,48,0.1392,0.1194,4.8,470,80,0,39,0.1702,0.1,-3.75,15.68,10.27,905.0,158.0,483.0,0,659.0
ORD,2016-01-24,2016,1,584,69,0,65,0.1182,0.1262,3.36,577,83,0,43,0.1438,0.087,-7.06,16.08,9.84,1145.0,19.0,176.0,0,830.0
ORD,2016-01-25,2016,1,638,25,1,107,0.0392,0.1746,9.71,638,37,0,75,0.058,0.1248,-4.58,15.99,11.28,2510.0,357.0,764.0,18.0,2116.0
ORD,2016-01-26,2016,1,613,0,2,116,0.0,0.1892,6.86,613,9,0,102,0.0147,0.1689,-0.21,18.38,10.77,1932.0,105.0,868.0,0,975.0
ORD,2016-01-27,2016,1,608,2,0,69,0.0033,0.1139,1.81,611,3,0,41,0.0049,0.0674,-9.08,16.66,10.1,1239.0,0,522.0,0,598.0
ORD,2016-01-28,2016,1,637,0,1,76,0.0,0.1193,5.1,636,0,0,46,0.0,0.0723,-8.06,16.58,9.95,1528.0,86.0,355.0,0,1940.0
ORD,2016-01-29,2016,1,639,1,1,71,0.0016,0.1113,4.05,638,1,1,38,0.0016,0.0597,-10.24,17.33,10.79,2229.0,0,1005.0,0,1034.0
ORD,2016-01-30,2016,1,468,0,2,42,0.0,0.0897,0.47,468,1,1,28,0.0021,0.06,-15.39,14.97,9.71,879.0,0,167.0,0,384.0
ORD,2016-01-31,2016,1,581,1,3,62,0.0017,0.1069,3.32,576,5,1,41,0.0087,0.0718,-11.36,17.91,10.94,2152.0,54.0,893.0,12.0,806.0
ORD,2017-01-01,2017,1,560,2,2,101,0.0036,0.181,7.24,559,0,1,66,0.0,0.1181,-0.32,16.14,10.07,2086.0,0,1125.0,0,1099.0
ORD,2017-01-02,2017,1,631,15,1,178,0.0238,0.289,19.19,632,14,0,164,0.0222,0.2654,13.59,21.27,13.87,5437.0,238.0,4984.0,46.0,4162.0
ORD,2017-01-03,2017,1,626,6,4,177,0.0096,0.2855,20.82,621,13,1,120,0.0209,0.1974,3.67,19.4,11.19,5738.0,170.0,6676.0,0,3104.0
ORD,2017-01-04,2017,1,587,9,2,116,0.0153,0.2007,10.77,600,8,1,93,0.0133,0.1571,-1.6,16.79,11.16,2670.0,211.0,2996.0,0,1611.0
ORD,2017-01-05,2017,1,610,10,3,163,0.0164,0.2717,18.48,609,11,0,125,0.0181,0.209,8.3,17.93,11.5,4152.0,428.0,2901.0,0,4241.0
ORD,2017-01-06,2017,1,611,27,3,179,0.0442,0.3065,16.4,607,16,1,149,0.0264,0.2521,7.68,18.17,11.56,4291.0,488.0,1721.0,0,2572.0
ORD,2017-01-07,2017,1,451,33,3,141,0.0732,0.3373,26.62,458,36,0,115,0.0786,0.2725,19.01,16.57,10.19,2524.0,991.0,4962.0,0,3020.0
ORD,2017-01-08,2017,1,592,13,1,158,0.022,0.2729,21.09,583,23,1,131,0.0395,0.2339,9.32,17.63,11.39,5206.0,66.0,2988.0,0,3401.0
ORD,2017-01-09,2017,1,655,7,2,194,0.0107,0.2994,16.49,655,11,0,201,0.0168,0.3121,11.95,19.87,13.0,3463.0,393.0,4285.0,0,3599.0
ORD,2017-01-10,2017,1,625,66,7,309,0.1056,0.5528,55.6,626,66,12,327,0.1054,0.5839,64.11,20.38,13.4,8020.0,610.0,6291.0,0,17231.0
ORD,2017-01-11,2017,1,627,10,3,160,0.0159,0.2593,16.74,628,14,2,169,0.0223,0.2752,13.03,22.41,12.49,5568.0,157.0,3770.0,0,4224.0
ORD,2017-01-12,2017,1,655,6,3,321,0.0092,0.4946,34.48,654,7,2,269,0.0107,0.4158,29.06,23.66,13.19,6018.0,2497.0,6275.0,0,11025.0
ORD,2017-01-13,2017,1,656,4,1,150,0.0061,0.2301,11.55,653,4,0,137,0.0061,0.2111,6.37,18.73,14.84,3748.0,126.0,2028.0,0,2650.0
ORD,2017-01-14,2017,1,465,5,6,56,0.0108,0.1217,2.73,467,4,0,48,0.0086,0.1037,-1.95,16.16,10.07,1062.0,5.0,206.0,0,623.0
ORD,2017-01-15,2017,1,564,6,4,50,0.0106,0.0896,3.4,564,11,0,51,0.0195,0.0922,-5.48,17.03,11.93,1501.0,26.0,376.0,0,932.0
ORD,2017-01-16,2017,1,644,20,2,200,0.0311,0.3205,21.27,643,21,3,241,0.0327,0.3875,21.19,23.44,14.37,4834.0,436.0,2334.0,0,5706.0
ORD,2017-01-17,2017,1,625,5,0,87,0.008,0.1403,5.71,627,8,0,97,0.0128,0.1567,-1.79,19.59,10.95,2196.0,322.0,926.0,0,1252.0
ORD,2017-01-18,2017,1,625,0,1,77,0.0,0.1232,4.93,624,0,0,78,0.0,0.125,-4.31,18.9,10.2,1467.0,41.0,2647.0,0,818.0
ORD,2017-01-19,2017,1,653,5,2,113,0.0077,0.1744,8.78,652,3,0,108,0.0046,0.1664,3.35,18.99,13.75,2742.0,515.0,1466.0,0,2197.0
ORD,2017-01-20,2017,1,654,9,3,121,0.0138,0.1876,9.25,652,12,1,97,0.0184,0.1516,-1.08,22.41,12.91,2002.0,1823.0,2384.0,0,1536.0
ORD,2017-01-21,2017,1,472,12,5,49,0.0254,0.1065,2.62,477,7,1,50,0.0147,0.1064,-7.15,16.58,9.62,690.0,260.0,904.0,0,991.0
ORD,2017-01-22,2017,1,615,27,1,177,0.0439,0.301,23.43,611,26,0,142,0.0426,0.2427,14.92,22.58,15.68,7309.0,539.0,7036.0,0,3663.0
ORD,2017-01-23,2017,1,652,7,4,148,0.0107,0.2295,14.17,655,17,0,116,0.026,0.1818,2.9,19.28,11.11,4687.0,122.0,5875.0,0,2455.0
ORD,2017-01-24,2017,1,625,1,1,99,0.0016,0.1587,6.69,625,3,1,86,0.0048,0.1383,-2.88,18.7,13.03,2393.0,131.0,1949.0,0,2057.0
ORD,2017-01-25,2017,1,626,0,1,87,0.0,0.139,4.27,626,1,0,88,0.0016,0.1408,-3.23,18.84,11.85,1952.0,80.0,602.0,0,1357.0
ORD,2017-01-26,2017,1,655,1,1,97,0.0015,0.1483,6.45,653,1,0,83,0.0015,0.1273,-1.86,21.61,11.07,2685.0,130.0,1522.0,0,1331.0
ORD,2017-01-27,2017,1,655,4,0,143,0.0061,0.2197,12.66,653,4,0,117,0.0061,0.1803,1.25,22.3,11.12,4300.0,153.0,2336.0,0,2735.0
ORD,2017-01-28,2017,1,470,0,0,53,0.0,0.1128,1.48,474,1,0,45,0.0021,0.0951,-8.67,17.94,9.64,746.0,18.0,441.0,0,315.0
ORD,2017-01-29,2017,1,616,0,0,127,0.0,0.2062,12.7,612,3,0,112,0.0049,0.1839,2.73,23.28,11.62,4249.0,318.0,2477.0,4.0,2261.0
ORD,2017-01-30,2017,1,655,4,0,86,0.0061,0.1321,3.09,656,4,0,71,0.0061,0.1089,-4.66,18.98,10.6,1189.0,85.0,1139.0,0,1360.0
ORD,2017-01-31,2017,1,625,6,2,78,0.0096,0.126,6.84,627,6,1,77,0.0096,0.124,-3.68,18.04,9.94,1430.0,721.0,3077.0,0,1407.0
ORD,2018-01-01,2018,1,833,29,2,342,0.0348,0.4254,34.73,821,25,1,242,0.0305,0.304,20.48,18.94,13.0,10863.0,3303.0,1620.0,0,9618.0
ORD,2018-01-02,2018,1,905,27,1,346,0.0298,0.3941,25.76,905,37,1,288,0.0409,0.3318,18.03,18.79,13.77,6470.0,3349.0,1627.0,0,8116.0
ORD,2018-01-03,2018,1,903,38,4,347,0.0421,0.4012,23.65,903,13,0,300,0.0144,0.3371,18.39,25.45,14.48,5944.0,1869.0,4910.0,9.0,8913.0
ORD,2018-01-04,2018,1,885,121,2,176,0.1367,0.2304,13.63,886,118,0,156,0.1332,0.2031,5.86,19.71,12.27,4300.0,845.0,769.0,0,3494.0
ORD,2018-01-05,2018,1,886,32,2,266,0.0361,0.3115,24.27,884,64,2,197,0.0724,0.2402,16.05,20.48,13.17,8608.0,1827.0,2102.0,0,7533.0
ORD,2018-01-06,2018,1,744,8,3,197,0.0108,0.2677,19.44,753,14,0,142,0.0186,0.1922,9.18,18.04,11.86,7258.0,647.0,836.0,60.0,3848.0
ORD,2018-01-07,2018,1,891,85,5,355,0.0954,0.4404,37.16,886,78,10,358,0.088,0.4431,38.73,24.02,12.02,7723.0,4174.0,4549.0,0,13769.0
ORD,2018-01-08,2018,1,864,19,3,207,0.022,0.245,16.01,868,32,1,185,0.0369,0.2213,12.36,18.15,10.92,4220.0,266.0,1798.0,0,6790.0
ORD,2018-01-09,2018,1,820,6,6,101,0.0073,0.1241,4.34,825,8,0,110,0.0097,0.1346,-2.83,19.52,10.73,2278.0,471.0,1160.0,58.0,1996.0
ORD,2018-01-10,2018,1,837,11,4,118,0.0131,0.1429,6.98,834,10,1,121,0.012,0.1468,0.85,24.26,12.41,2586.0,387.0,2181.0,7.0,3698.0
ORD,2018-01-11,2018,1,862,10,4,121,0.0116,0.142,6.88,858,9,2,134,0.0105,0.1578,1.6,19.5,11.89,3497.0,232.0,1613.0,0,2718.0
ORD,2018-01-12,2018,1,867,35,8,306,0.0404,0.3678,30.0,866,32,1,309,0.037,0.3705,22.23,26.12,17.74,6199.0,3942.0,11062.0,2.0,9113.0
ORD,2018-01-13,2018,1,641,2,0,108,0.0031,0.169,10.47,650,15,1,80,0.0231,0.126,-2.25,17.59,11.49,4665.0,457.0,599.0,0,1347.0
ORD,2018-01-14,2018,1,783,1,1,196,0.0013,0.2506,15.43,780,3,1,151,0.0038,0.1943,1.62,23.76,15.77,6694.0,2042.0,3705.0,0,3141.0
ORD,2018-01-15,2018,1,855,53,4,491,0.062,0.6122,43.68,849,49,0,522,0.0577,0.6525,49.62,40.5,17.37,7567.0,7007.0,13986.0,4.0,17990.0
ORD,2018-01-16,2018,1,819,14,0,243,0.0171,0.3019,20.14,824,18,2,252,0.0218,0.3127,16.02,22.21,12.78,4017.0,1673.0,3010.0,0,7699.0
ORD,2018-01-17,2018,1,838,20,0,165,0.0239,0.2017,12.57,836,27,1,188,0.0323,0.2324,11.82,19.04,10.76,3683.0,367.0,2302.0,0,4584.0
ORD,2018-01-18,2018,1,863,1,0,118,0.0012,0.1369,3.59,859,9,0,104,0.0105,0.1224,-5.03,18.32,10.73,1935.0,0,449.0,0,2018.0
ORD,2018-01-19,2018,1,867,2,1,72,0.0023,0.0832,0.01,866,1,0,36,0.0012,0.0416,-11.09,18.22,10.52,1552.0,0,280.0,0,686.0
ORD,2018-01-20,2018,1,644,0,2,47,0.0,0.073,0.15,653,0,1,36,0.0,0.0551,-11.13,16.45,10.85,1615.0,0,105.0,0,442.0
ORD,2018-01-21,2018,1,825,24,8,124,0.0291,0.1548,7.64,818,14,5,109,0.0171,0.1356,-0.12,22.43,12.27,3415.0,1247.0,2216.0,0,2078.0
ORD,2018-01-22,2018,1,866,31,6,187,0.0358,0.224,12.84,864,45,0,182,0.0521,0.2222,9.2,21.93,13.09,3973.0,896.0,2872.0,0,5230.0
ORD,2018-01-23,2018,1,820,3,2,177,0.0037,0.2166,13.98,824,11,0,153,0.0133,0.1882,8.09,27.04,13.03,6101.0,1868.0,4943.0,0,3234.0
ORD,2018-01-24,2018,1,837,2,0,164,0.0024,0.1964,9.92,836,3,0,223,0.0036,0.2677,7.29,26.25,11.79,4711.0,399.0,3755.0,0,3427.0
ORD,2018-01-25,2018,1,863,0,0,78,0.0,0.0904,1.77,859,0,1,71,0.0,0.0827,-3.53,18.57,11.58,2051.0,51.0,474.0,0,1195.0
ORD,2018-01-26,2018,1,867,0,1,54,0.0,0.0623,-0.34,866,0,0,42,0.0,0.0485,-11.86,18.57,10.92,1963.0,0,430.0,0,620.0
ORD,2018-01-27,2018,1,645,0,1,28,0.0,0.0434,-0.51,653,0,2,29,0.0,0.0444,-14.79,16.8,10.31,1203.0,636.0,235.0,0,431.0
ORD,2018-01-28,2018,1,825,0,3,78,0.0,0.0945,2.45,818,0,2,83,0.0,0.1015,-2.22,22.1,13.98,1818.0,961.0,2126.0,1.0,1315.0
ORD,2018-01-29,2018,1,865,2,1,216,0.0023,0.2503,11.28,865,1,0,222,0.0012,0.2569,6.24,26.85,15.04,3279.0,1190.0,5624.0,0,4297.0
ORD,2018-01-30,2018,1,822,0,0,76,0.0,0.0925,0.73,826,2,0,74,0.0024,0.0898,-7.63,18.12,10.37,1416.0,58.0,1162.0,0,1377.0
ORD,2018-01-31,2018,1,838,2,1,47,0.0024,0.0562,-1.82,837,2,0,40,0.0024,0.0479,-11.78,17.4,10.56,919.0,0,439.0,0,663.0
ORD,2019-01-01,2019,1,824,5,2,355,0.0061,0.4335,28.57,819,14,1,264,0.0171,0.328,18.01,32.03,17.62,8815.0,3070.0,8939.0,0,9292.0
ORD,2019-01-02,2019,1,904,18,1,395,0.0199,0.4458,25.67,908,18,1,365,0.0198,0.4101,22.41,32.46,13.71,6058.0,3095.0,8446.0,0,10539.0
ORD,2019-01-03,2019,1,876,3,5,134,0.0034,0.1535,7.38,875,8,0,136,0.0091,0.1569,1.54,19.44,11.56,2800.0,101.0,828.0,0,3283.0
ORD,2019-01-04,2019,1,875,0,3,112,0.0,0.128,3.55,878,0,1,88,0.0,0.1002,-6.67,19.57,12.35,2073.0,17.0,737.0,0,2086.0
ORD,2019-01-05,2019,1,820,3,1,105,0.0037,0.1285,6.3,819,4,0,90,0.0049,0.1104,-4.77,19.61,11.28,3864.0,125.0,2517.0,0,1531.0
ORD,2019-01-06,2019,1,879,9,1,113,0.0102,0.1299,6.36,888,10,1,150,0.0113,0.1708,0.99,20.8,14.51,2914.0,39.0,3343.0,0,2125.0
ORD,2019-01-07,2019,1,890,13,0,123,0.0146,0.1403,5.4,886,17,2,140,0.0192,0.1611,-0.88,23.21,12.9,3264.0,175.0,2451.0,0,2142.0
ORD,2019-01-08,2019,1,844,15,0,70,0.0178,0.0844,0.65,846,14,2,68,0.0165,0.0817,-9.08,19.07,10.42,1372.0,86.0,1467.0,0,698.0
ORD,2019-01-09,2019,1,855,12,0,92,0.014,0.1091,1.58,849,11,0,93,0.013,0.111,-5.71,20.73,11.2,1161.0,147.0,1429.0,0,1147.0
ORD,2019-01-10,2019,1,891,9,0,116,0.0101,0.1315,6.18,890,9,0,113,0.0101,0.1283,-1.2,22.37,11.63,2987.0,80.0,4406.0,0,2024.0
ORD,2019-01-11,2019,1,894,19,3,136,0.0213,0.1554,4.6,895,16,1,137,0.0179,0.1559,-0.24,20.39,13.84,2059.0,76.0,1851.0,0,2172.0
ORD,2019-01-12,2019,1,679,31,1,235,0.0457,0.3627,23.68,682,23,10,252,0.0337,0.3824,21.72,38.23,16.26,4999.0,4003.0,8674.0,0,5639.0
ORD,2019-01-13,2019,1,858,15,3,149,0.0175,0.1767,9.4,859,30,0,155,0.0349,0.187,5.32,20.63,15.27,3327.0,191.0,1570.0,0,3204.0
ORD,2019-01-14,2019,1,892,4,1,112,0.0045,0.1261,7.17,889,9,0,117,0.0101,0.133,-3.92,20.93,11.39,4558.0,946.0,1668.0,0,2072.0
ORD,2019-01-15,2019,1,837,6,1,119,0.0072,0.1432,3.06,840,5,0,135,0.006,0.1617,-0.64,25.39,12.17,1651.0,326.0,2881.0,0,1600.0
ORD,2019-01-16,2019,1,849,4,3,91,0.0047,0.1077,1.59,845,9,0,96,0.0107,0.1148,-1.3,19.76,14.09,1745.0,74.0,1212.0,0,912.0
ORD,2019-01-17,2019,1,891,4,3,131,0.0045,0.1477,8.56,889,4,0,163,0.0045,0.1842,2.2,24.95,13.73,4255.0,265.0,4548.0,0,2721.0
ORD,2019-01-18,2019,1,881,62,4,202,0.0704,0.2466,12.05,883,93,0,195,0.1053,0.2468,10.39,24.84,14.77,3653.0,1177.0,3724.0,0,4253.0
ORD,2019-01-19,2019,1,678,408,2,176,0.6018,0.6519,106.49,679,364,13,253,0.5361,0.8032,224.28,31.54,13.42,4108.0,5744.0,4307.0,0,14823.0
ORD,2019-01-20,2019,1,775,61,2,299,0.0787,0.4188,26.92,776,87,0,240,0.1121,0.3483,19.77,23.76,16.1,6357.0,3263.0,3394.0,0,6869.0
ORD,2019-01-21,2019,1,851,16,1,266,0.0188,0.3186,24.49,847,25,1,277,0.0295,0.337,20.13,21.38,15.53,5171.0,1748.0,7587.0,0,6676.0
ORD,2019-01-22,2019,1,838,282,1,286,0.3365,0.5144,67.55,840,272,10,335,0.3238,0.5898,120.24,29.41,14.11,5733.0,9045.0,7072.0,0,19210.0
ORD,2019-01-23,2019,1,850,88,2,483,0.1035,0.6339,53.0,846,110,0,544,0.13,0.7391,69.16,34.82,17.4,8384.0,5664.0,13535.0,0,22629.0
ORD,2019-01-24,2019,1,892,21,0,400,0.0235,0.4592,42.72,890,22,0,371,0.0247,0.4274,33.62,29.0,14.65,12129.0,4712.0,10311.0,0,15661.0
ORD,2019-01-25,2019,1,893,13,2,448,0.0146,0.5091,42.86,894,16,3,379,0.0179,0.4317,32.49,28.87,19.23,11206.0,6660.0,7882.0,0,15457.0
ORD,2019-01-26,2019,1,678,5,0,288,0.0074,0.4279,30.73,680,8,1,247,0.0118,0.3676,21.08,28.3,13.89,6376.0,3652.0,5475.0,0,8102.0
ORD,2019-01-27,2019,1,857,26,1,240,0.0303,0.2888,16.83,858,31,0,204,0.0361,0.2467,14.49,22.54,15.25,5763.0,1629.0,3035.0,0,4490.0
ORD,2019-01-28,2019,1,891,463,2,335,0.5196,0.7827,113.09,889,443,25,388,0.4983,0.87,199.7,43.66,19.45,7362.0,11412.0,10014.0,0,26286.0
ORD,2019-01-29,2019,1,836,87,0,240,0.1041,0.3204,21.77,840,133,0,190,0.1583,0.2687,16.84,22.96,13.36,5125.0,2664.0,3010.0,0,6295.0
ORD,2019-01-30,2019,1,848,561,18,186,0.6616,0.6481,66.86,844,545,0,128,0.6457,0.4281,31.7,19.16,19.01,867.0,9818.0,927.0,0,3957.0
ORD,2019-01-31,2019,1,890,553,1,162,0.6213,0.4807,43.01,889,528,0,128,0.5939,0.3546,22.51,28.27,17.64,2871.0,4850.0,2766.0,0,4685.0
ORD,2019-07-01,2019,7,993,15,0,260,0.0151,0.2658,15.08,994,29,0,227,0.0292,0.2352,6.34,24.01,13.75,6802.0,43.0,1960.0,0,6237.0
ORD,2019-07-02,2019,7,962,120,2,213,0.1247,0.253,28.14,965,66,30,308,0.0684,0.3426,45.01,32.02,14.61,6900.0,6149.0,8891.0,0,9512.0
ORD,2019-07-03,2019,7,828,18,2,230,0.0217,0.284,17.32,827,65,0,267,0.0786,0.3504,19.14,25.92,18.11,6557.0,264.0,4779.0,22.0,5354.0
ORD,2019-07-04,2019,7,748,5,2,89,0.0067,0.1198,6.68,742,7,1,79,0.0094,0.1075,-6.36,21.5,12.09,2824.0,263.0,2745.0,0,1891.0
ORD,2019-07-05,2019,7,838,22,4,271,0.0263,0.3321,18.75,844,19,1,296,0.0225,0.3588,17.75,32.2,14.78,4698.0,2823.0,8919.0,0,7274.0
ORD,2019-07-06,2019,7,863,22,7,211,0.0255,0.2509,18.54,861,22,0,274,0.0256,0.3266,22.66,25.71,15.18,5791.0,442.0,6972.0,0,6224.0
ORD,2019-07-07,2019,7,1007,7,1,257,0.007,0.257,16.14,1002,12,0,231,0.012,0.2333,12.0,23.03,15.75,5046.0,71.0,3129.0,18.0,8984.0
ORD,2019-07-08,2019,7,1035,3,1,260,0.0029,0.2519,14.27,1034,3,0,225,0.0029,0.2182,6.93,21.48,15.7,4717.0,825.0,2699.0,0,7037.0
ORD,2019-07-09,2019,7,1028,1,1,207,0.001,0.2016,9.9,1029,4,0,164,0.0039,0.16,3.66,21.64,16.0,3351.0,12.0,1451.0,12.0,6125.0
ORD,2019-07-10,2019,7,1034,6,3,209,0.0058,0.2033,10.54,1034,3,2,155,0.0029,0.1503,-1.79,25.45,14.5,5265.0,108.0,2686.0,0,5890.0
ORD,2019-07-11,2019,7,1032,24,3,305,0.0233,0.3026,23.37,1032,20,0,287,0.0194,0.2836,17.42,23.25,15.99,6029.0,305.0,9205.0,0,9046.0
ORD,2019-07-12,2019,7,1035,8,0,185,0.0077,0.1801,8.92,1034,13,0,143,0.0126,0.1401,-1.36,21.72,13.2,3506.0,655.0,1565.0,0,4469.0
ORD,2019-07-13,2019,7,874,12,2,148,0.0137,0.1717,7.58,878,8,0,111,0.0091,0.1276,-4.37,20.85,12.9,2726.0,163.0,629.0,0,3309.0
ORD,2019-07-14,2019,7,1007,62,3,320,0.0616,0.3386,29.78,1003,46,50,273,0.0459,0.2853,23.5,26.83,18.15,7771.0,987.0,6533.0,0,15945.0
ORD,2019-07-15,2019,7,1039,12,5,225,0.0115,0.2191,13.27,1038,33,0,183,0.0318,0.1821,4.52,23.79,14.49,5343.0,28.0,4023.0,0,6196.0
ORD,2019-07-16,2019,7,1031,6,4,252,0.0058,0.2459,13.74,1032,9,1,232,0.0087,0.2268,7.61,28.48,14.59,5805.0,243.0,7327.0,0,6779.0
ORD,2019-07-17,2019,7,1036,56,9,456,0.0541,0.4653,37.72,1035,39,10,422,0.0377,0.4237,34.76,26.62,17.87,7632.0,5971.0,9270.0,0,16970.0
ORD,2019-07-18,2019,7,1030,358,2,567,0.3476,0.8438,135.68,1033,341,27,556,0.3301,0.8035,177.14,23.63,25.64,14311.0,17292.0,9257.0,0,47957.0
ORD,2019-07-19,2019,7,1039,25,4,292,0.0241,0.288,21.88,1038,64,0,207,0.0617,0.2125,6.72,22.67,14.85,9535.0,389.0,5166.0,0,7266.0
ORD,2019-07-20,2019,7,876,50,1,336,0.0571,0.4068,39.45,880,41,46,320,0.0466,0.3814,33.39,24.93,15.71,9777.0,2314.0,5137.0,0,17792.0
ORD,2019-07-21,2019,7,1008,51,6,665,0.0506,0.6949,62.69,1004,55,3,665,0.0548,0.7007,68.94,37.52,19.73,16473.0,5872.0,16895.0,0,32009.0
ORD,2019-07-22,2019,7,1039,35,2,268,0.0337,0.2669,19.88,1040,40,0,253,0.0385,0.253,13.75,21.98,16.59,6992.0,1219.0,3766.0,0,8607.0
ORD,2019-07-23,2019,7,1032,5,3,247,0.0048,0.2405,14.61,1032,14,0,239,0.0136,0.2348,7.53,22.9,15.25,5873.0,146.0,2773.0,0,7098.0
ORD,2019-07-24,2019,7,1037,5,3,203,0.0048,0.1967,9.89,1036,7,0,154,0.0068,0.1497,0.38,22.41,15.67,4738.0,18.0,1537.0,0,4286.0
ORD,2019-07-25,2019,7,1035,4,2,128,0.0039,0.1242,3.42,1035,6,1,100,0.0058,0.0972,-4.36,21.96,13.79,2248.0,68.0,1000.0,0,2404.0
ORD,2019-07-26,2019,7,1039,4,5,152,0.0038,0.1469,8.37,1038,6,0,92,0.0058,0.0891,-7.01,22.09,13.02,5806.0,0,1107.0,0,3331.0
ORD,2019-07-27,2019,7,877,3,0,116,0.0034,0.1327,6.62,881,5,0,85,0.0057,0.097,-4.92,21.59,12.69,2045.0,0,974.0,0,4260.0
ORD,2019-07-28,2019,7,1008,9,0,158,0.0089,0.1582,5.88,1005,7,0,121,0.007,0.1212,-2.57,24.17,12.97,2881.0,125.0,2203.0,0,3188.0
ORD,2019-07-29,2019,7,1037,158,5,416,0.1524,0.4733,58.95,1038,150,6,519,0.1445,0.5845,86.39,37.45,16.16,7496.0,5716.0,16634.0,9.0,31886.0
ORD,2019-07-30,2019,7,1031,7,1,276,0.0068,0.2695,17.54,1031,16,1,221,0.0155,0.2177,11.85,22.47,15.85,3535.0,133.0,7960.0,0,7857.0
ORD,2019-07-31,2019,7,1036,25,8,221,0.0241,0.2186,15.36,1037,19,2,188,0.0183,0.1847,7.25,20.27,16.15,4288.0,0,5211.0,0,6827.0
ORD,2020-01-01,2020,1,795,4,3,135,0.005,0.1707,8.77,808,12,0,99,0.0149,0.1244,-3.06,19.73,11.66,2516.0,497.0,1173.0,0,2611.0
ORD,2020-01-02,2020,1,879,3,2,104,0.0034,0.1187,5.69,880,3,2,91,0.0034,0.1038,-4.6,19.42,11.29,2252.0,255.0,1286.0,0,2952.0
ORD,2020-01-03,2020,1,881,1,2,126,0.0011,0.1432,5.65,878,3,1,114,0.0034,0.1303,0.06,20.81,11.91,1684.0,266.0,1605.0,0,2931.0
ORD,2020-01-04,2020,1,822,3,1,263,0.0036,0.3211,18.04,819,6,0,236,0.0073,0.2903,11.17,27.37,13.49,4127.0,850.0,4690.0,0,6705.0
ORD,2020-01-05,2020,1,867,3,4,145,0.0035,0.1678,8.82,881,2,0,140,0.0023,0.1593,1.75,20.15,11.58,4146.0,170.0,2295.0,0,2965.0
ORD,2020-01-06,2020,1,873,1,0,85,0.0011,0.0975,2.1,883,4,1,77,0.0045,0.0876,-7.73,19.73,11.22,2837.0,48.0,653.0,0,394.0
ORD,2020-01-07,2020,1,811,2,1,61,0.0025,0.0754,0.21,806,3,0,48,0.0037,0.0598,-13.03,17.56,10.95,1815.0,0,139.0,0,315.0
ORD,2020-01-08,2020,1,831,0,1,99,0.0,0.1191,4.6,832,0,1,76,0.0,0.0913,-7.67,20.2,12.56,3065.0,0,1471.0,0,1306.0
ORD,2020-01-09,2020,1,868,1,3,78,0.0012,0.09,1.87,868,2,0,63,0.0023,0.0727,-10.65,20.24,12.6,2711.0,0,293.0,0,1116.0
ORD,2020-01-10,2020,1,873,21,5,152,0.0241,0.1784,10.02,870,12,2,151,0.0138,0.176,2.59,28.92,15.48,3943.0,294.0,6138.0,0,3886.0
ORD,2020-01-11,2020,1,649,372,2,106,0.5732,0.3827,36.76,655,390,8,156,0.5954,0.5887,128.59,31.21,10.92,2986.0,2249.0,3234.0,0,4149.0
ORD,2020-01-12,2020,1,814,35,3,276,0.043,0.3543,21.89,808,44,0,224,0.0545,0.2932,10.97,30.0,17.34,6347.0,3438.0,5337.0,0,5121.0
ORD,2020-01-13,2020,1,868,4,3,157,0.0046,0.1817,8.81,872,6,0,137,0.0069,0.1582,-1.61,20.94,13.25,4220.0,374.0,1418.0,0,3076.0
ORD,2020-01-14,2020,1,820,3,3,89,0.0037,0.1089,3.39,820,2,1,80,0.0024,0.0978,-7.89,19.35,10.67,1852.0,650.0,1036.0,0,1608.0
ORD,2020-01-15,2020,1,834,0,1,75,0.0,0.0899,2.58,833,5,2,77,0.006,0.093,-3.26,24.68,12.33,2200.0,185.0,1274.0,0,1834.0
ORD,2020-01-16,2020,1,875,2,1,126,0.0023,0.1443,7.34,875,3,1,124,0.0034,0.1422,-1.88,20.47,11.53,2377.0,20.0,4022.0,0,1851.0
ORD,2020-01-17,2020,1,878,283,6,132,0.3223,0.2218,23.6,873,243,33,124,0.2784,0.1968,38.86,26.86,15.18,1253.0,8758.0,4150.0,0,3594.0
ORD,2020-01-18,2020,1,633,64,2,260,0.1011,0.4569,37.32,640,112,1,216,0.175,0.4091,28.86,31.28,14.94,7054.0,3263.0,5420.0,0,7470.0
ORD,2020-01-19,2020,1,766,0,2,164,0.0,0.2141,11.65,766,7,1,126,0.0091,0.166,0.2,19.87,12.67,4591.0,719.0,939.0,0,1368.0
ORD,2020-01-20,2020,1,839,0,0,103,0.0,0.1228,3.75,836,0,0,82,0.0,0.0981,-8.03,20.25,11.66,1821.0,106.0,706.0,0,1574.0
ORD,2020-01-21,2020,1,823,1,0,68,0.0012,0.0827,0.46,825,1,0,46,0.0012,0.0558,-13.84,18.69,11.19,1404.0,0,748.0,0,698.0
ORD,2020-01-22,2020,1,836,2,1,55,0.0024,0.0659,-0.47,836,3,0,58,0.0036,0.0696,-13.17,19.26,12.01,1082.0,0,548.0,0,879.0
ORD,2020-01-23,2020,1,878,8,1,300,0.0091,0.3448,18.71,876,8,1,324,0.0091,0.3733,17.87,39.57,16.19,6100.0,2670.0,9666.0,10.0,5827.0
ORD,2020-01-24,2020,1,880,17,3,186,0.0193,0.2155,13.89,879,17,3,185,0.0193,0.2146,6.43,25.79,13.73,5296.0,1864.0,2182.0,0,4551.0
ORD,2020-01-25,2020,1,655,3,1,104,0.0046,0.1595,9.09,659,7,1,93,0.0106,0.1426,-0.46,30.99,13.43,1993.0,1234.0,2451.0,0,2783.0
ORD,2020-01-26,2020,1,819,0,2,103,0.0,0.1258,3.82,813,1,1,63,0.0012,0.0776,-5.37,23.92,12.54,2694.0,295.0,1041.0,0,1404.0
ORD,2020-01-27,2020,1,874,2,1,118,0.0023,0.1353,3.98,879,4,2,93,0.0046,0.1063,-6.4,23.6,12.31,1772.0,358.0,1464.0,0,1853.0
ORD,2020-01-28,2020,1,822,0,0,118,0.0,0.1436,5.17,822,0,0,131,0.0,0.1594,-3.62,29.09,14.87,2909.0,1265.0,2378.0,0,1506.0
ORD,2020-01-29,2020,1,837,0,1,81,0.0,0.0968,1.2,837,0,0,78,0.0,0.0932,-6.73,26.92,15.77,1466.0,269.0,1598.0,0,738.0
ORD,2020-01-30,2020,1,878,0,1,93,0.0,0.1059,3.95,878,1,1,72,0.0011,0.0821,-10.73,20.18,11.97,2375.0,58.0,453.0,0,2237.0
ORD,2020-01-31,2020,1,883,2,2,139,0.0023,0.1578,5.05,880,2,1,145,0.0023,0.1651,-3.37,28.57,13.7,2029.0,413.0,2734.0,0,1902.0
ORD,2020-04-01,2020,4,778,407,0,11,0.5231,0.0296,-5.82,762,381,0,14,0.5,0.0367,-22.1,15.05,9.3,501.0,0,26.0,0,36.0
ORD,2020-04-02,2020,4,772,378,1,20,0.4896,0.0508,-4.74,772,376,0,17,0.487,0.0429,-21.42,15.94,8.97,656.0,30.0,36.0,0,86.0
ORD,2020-04-03,2020,4,767,325,0,37,0.4237,0.0837,-2.98,765,330,0,23,0.4314,0.0529,-21.1,16.23,8.96,1064.0,0,155.0,0,318.0
ORD,2020-04-04,2020,4,635,321,0,14,0.5055,0.0446,-6.95,633,313,0,10,0.4945,0.0312,-24.58,14.83,8.12,65.0,0,15.0,0,18.0
ORD,2020-04-05,2020,4,689,273,0,11,0.3962,0.0264,-7.09,694,293,0,8,0.4222,0.02,-25.5,15.04,8.56,317.0,0,24.0,0,229.0
ORD,2020-04-06,2020,4,750,375,1,36,0.5,0.096,-2.37,735,360,0,46,0.4898,0.1227,-12.39,14.19,8.24,942.0,0,20.0,0,381.0
ORD,2020-04-07,2020,4,533,237,0,15,0.4447,0.0507,-6.15,566,257,0,7,0.4541,0.0227,-25.09,15.03,7.74,279.0,73.0,128.0,0,0
ORD,2020-04-08,2020,4,429,119,0,10,0.2774,0.0323,-6.52,450,137,0,12,0.3044,0.0383,-22.26,15.95,8.65,211.0,12.0,129.0,0,0
ORD,2020-04-09,2020,4,460,139,2,16,0.3022,0.0498,-5.93,457,129,0,15,0.2823,0.0457,-21.27,14.27,6.88,414.0,47.0,86.0,0,97.0
ORD,2020-04-10,2020,4,467,153,0,8,0.3276,0.0255,-7.05,465,159,0,9,0.3419,0.0294,-23.69,13.59,7.87,263.0,0,0,0,97.0
ORD,2020-04-11,2020,4,411,137,0,8,0.3333,0.0292,-7.49,409,119,0,9,0.291,0.031,-24.07,14.01,7.65,235.0,0,46.0,0,0
ORD,2020-04-12,2020,4,423,119,1,17,0.2813,0.0559,-6.12,420,120,0,7,0.2857,0.0233,-24.88,14.86,6.86,291.0,0,237.0,0,49.0
ORD,2020-04-13,2020,4,421,105,0,10,0.2494,0.0316,-5.41,424,105,0,11,0.2476,0.0345,-24.93,13.97,7.92,705.0,44.0,141.0,0,25.0
ORD,2020-04-14,2020,4,400,118,0,13,0.295,0.0461,-3.28,402,124,0,10,0.3085,0.036,-23.48,14.71,6.9,936.0,0,77.0,0,81.0
ORD,2020-04-15,2020,4,410,136,0,11,0.3317,0.0401,-2.55,409,128,0,13,0.313,0.0463,-21.36,17.04,7.84,1109.0,11.0,348.0,0,0
ORD,2020-04-16,2020,4,412,162,0,7,0.3932,0.028,-5.09,412,149,0,8,0.3617,0.0304,-23.13,13.27,7.34,739.0,0,6.0,0,0
ORD,2020-04-17,2020,4,400,162,0,23,0.405,0.0966,0.96,403,152,0,20,0.3772,0.0797,-17.64,17.71,7.39,1026.0,165.0,135.0,0,147.0
ORD,2020-04-18,2020,4,362,161,0,8,0.4448,0.0398,-2.39,358,158,0,11,0.4413,0.055,-18.56,13.72,7.58,892.0,0,0,0,34.0
ORD,2020-04-19,2020,4,395,175,1,15,0.443,0.0682,0.95,392,171,0,12,0.4362,0.0543,-20.59,15.14,7.54,1587.0,0,82.0,0,152.0
ORD,2020-04-20,2020,4,391,160,0,15,0.4092,0.0649,-1.66,393,163,0,11,0.4148,0.0478,-21.0,13.29,7.9,870.0,135.0,56.0,0,94.0
ORD,2020-04-21,2020,4,372,163,1,5,0.4382,0.0239,-3.2,355,147,1,9,0.4141,0.0433,-19.99,14.25,7.56,797.0,0,15.0,0,38.0
ORD,2020-04-22,2020,4,361,150,0,5,0.4155,0.0237,-7.14,367,146,0,8,0.3978,0.0362,-13.01,14.44,6.61,108.0,0,82.0,0,0
ORD,2020-04-23,2020,4,365,139,0,5,0.3808,0.0221,-3.52,357,143,0,4,0.4006,0.0187,-26.33,14.4,6.73,845.0,32.0,73.0,0,0
ORD,2020-04-24,2020,4,321,92,2,13,0.2866,0.0568,-2.42,318,86,0,12,0.2704,0.0517,-16.3,14.68,6.74,635.0,0,40.0,0,210.0
ORD,2020-04-25,2020,4,333,122,0,9,0.3664,0.0427,-3.02,325,121,0,5,0.3723,0.0245,-23.03,14.41,6.47,644.0,0,43.0,0,74.0
ORD,2020-04-26,2020,4,315,67,0,7,0.2127,0.0282,-5.47,309,68,0,5,0.2201,0.0207,-26.6,14.75,7.03,281.0,0,0,0,22.0
ORD,2020-04-27,2020,4,317,81,0,5,0.2555,0.0212,-6.56,316,71,0,8,0.2247,0.0327,-26.71,15.05,5.8,98.0,0,0,0,0
ORD,2020-04-28,2020,4,299,83,0,8,0.2776,0.037,-3.79,299,85,0,16,0.2843,0.0748,-17.9,17.63,6.64,0,201.0,364.0,0,0
ORD,2020-04-29,2020,4,305,81,1,4,0.2656,0.0179,-6.35,310,83,0,8,0.2677,0.0352,-21.64,14.97,6.04,23.0,0,0,0,0
ORD,2020-04-30,2020,4,320,80,1,8,0.25,0.0333,-5.07,316,83,0,5,0.2627,0.0215,-24.95,15.1,6.53,288.0,0,38.0,0,0
ORD,2021-01-01,2021,1,392,80,1,115,0.2041,0.3686,29.87,383,71,0,171,0.1854,0.5481,46.72,33.14,11.89,2481.0,2539.0,2708.0,0,4519.0
ORD,2021-01-02,2021,1,463,4,2,77,0.0086,0.1678,12.29,464,15,1,83,0.0323,0.1849,4.73,20.17,11.2,2137.0,807.0,584.0,0,2323.0
ORD,2021-01-03,2021,1,489,4,1,62,0.0082,0.1278,6.06,487,4,0,66,0.0082,0.1366,-2.49,21.99,10.49,1347.0,303.0,537.0,0,1348.0
ORD,2021-01-04,2021,1,473,5,2,71,0.0106,0.1517,14.23,483,6,0,69,0.0124,0.1447,5.47,29.04,10.25,1529.0,2105.0,4121.0,0,1824.0
ORD,2021-01-05,2021,1,319,3,0,16,0.0094,0.0506,0.23,315,3,1,20,0.0095,0.0641,-6.13,18.07,9.03,188.0,102.0,81.0,0,830.0
ORD,2021-01-06,2021,1,315,0,0,20,0.0,0.0635,-0.83,314,2,0,19,0.0064,0.0609,-12.56,17.07,10.19,371.0,0,75.0,0,362.0
ORD,2021-01-07,2021,1,421,0,0,18,0.0,0.0428,-2.97,421,1,0,22,0.0024,0.0524,-12.8,20.38,10.85,113.0,0,98.0,0,446.0
ORD,2021-01-08,2021,1,421,3,2,33,0.0071,0.0789,-0.45,423,4,0,28,0.0095,0.0668,-8.59,26.4,11.89,623.0,196.0,775.0,0,352.0
ORD,2021-01-09,2021,1,349,0,0,29,0.0,0.0831,1.1,346,1,0,24,0.0029,0.0696,-13.47,18.0,9.82,948.0,0,76.0,0,431.0
ORD,2021-01-10,2021,1,425,1,3,36,0.0024,0.0849,4.83,425,1,0,38,0.0024,0.0896,-10.18,23.04,9.2,2231.0,105.0,586.0,0,688.0
ORD,2021-01-11,2021,1,398,1,1,25,0.0025,0.063,0.48,399,0,0,23,0.0,0.0576,-8.46,21.22,9.57,1123.0,55.0,137.0,0,511.0
ORD,2021-01-12,2021,1,303,1,1,6,0.0033,0.0199,-4.87,303,1,1,11,0.0033,0.0364,-15.31,17.99,9.12,101.0,0,43.0,0,116.0
ORD,2021-01-13,2021,1,307,0,1,27,0.0,0.0879,3.04,307,0,0,26,0.0,0.0847,-10.44,17.96,8.71,444.0,28.0,1286.0,0,738.0
ORD,2021-01-14,2021,1,420,1,1,12,0.0024,0.0286,-3.21,419,0,0,15,0.0,0.0358,-15.76,19.24,10.3,230.0,0,55.0,0,357.0
ORD,2021-01-15,2021,1,423,1,0,31,0.0024,0.0735,1.48,425,2,1,38,0.0047,0.0898,-8.04,26.75,11.28,886.0,252.0,631.0,0,565.0
ORD,2021-01-16,2021,1,346,0,0,36,0.0,0.104,3.52,343,0,0,26,0.0,0.0758,-9.92,26.73,10.42,1618.0,79.0,640.0,0,211.0
ORD,2021-01-17,2021,1,420,3,1,40,0.0071,0.0959,3.31,418,3,0,51,0.0072,0.1229,-5.41,39.85,11.37,1403.0,384.0,3146.0,0,750.0
ORD,2021-01-18,2021,1,366,2,3,23,0.0055,0.0632,0.8,369,2,2,26,0.0054,0.0708,-9.98,24.13,9.57,1222.0,229.0,465.0,53.0,261.0
ORD,2021-01-19,2021,1,304,0,0,31,0.0,0.102,2.02,304,0,2,32,0.0,0.1053,-7.09,29.71,10.28,1446.0,199.0,749.0,0,306.0
ORD,2021-01-20,2021,1,307,1,0,19,0.0033,0.0621,-0.63,308,1,0,22,0.0032,0.0717,-8.24,19.6,9.54,523.0,42.0,454.0,11.0,0
ORD,2021-01-21,2021,1,422,1,1,21,0.0024,0.0499,-2.86,419,0,0,21,0.0,0.0501,-12.7,20.1,9.6,620.0,0,249.0,0,0
ORD,2021-01-22,2021,1,422,1,0,19,0.0024,0.0451,-2.62,426,1,0,19,0.0023,0.0447,-15.92,18.83,8.84,447.0,0,232.0,0,100.0
ORD,2021-01-23,2021,1,347,0,1,21,0.0,0.0605,-2.7,344,2,0,21,0.0058,0.0614,-11.38,19.08,8.98,413.0,23.0,236.0,0,122.0
ORD,2021-01-24,2021,1,425,0,1,48,0.0,0.1129,1.72,425,0,0,62,0.0,0.1459,-5.35,28.19,11.84,1544.0,308.0,2429.0,0,364.0
ORD,2021-01-25,2021,1,394,46,0,29,0.1168,0.0833,1.78,397,29,0,51,0.073,0.1386,29.62,31.91,11.08,1134.0,1052.0,1362.0,32.0,88.0
ORD,2021-01-26,2021,1,303,7,1,125,0.0231,0.4223,25.62,302,19,1,165,0.0629,0.583,34.88,45.35,16.25,2422.0,2112.0,4211.0,0,3246.0
ORD,2021-01-27,2021,1,307,1,0,23,0.0033,0.0752,-1.63,307,1,1,24,0.0033,0.0784,-12.59,18.26,11.42,575.0,0,156.0,0,25.0
ORD,2021-01-28,2021,1,419,0,3,19,0.0,0.0453,-1.92,418,1,0,27,0.0024,0.0647,-6.7,21.19,10.35,533.0,65.0,445.0,0,49.0
ORD,2021-01-29,2021,1,421,1,1,19,0.0024,0.0452,-2.72,423,1,0,36,0.0024,0.0853,-10.23,18.97,10.77,243.0,20.0,283.0,0,277.0
ORD,2021-01-30,2021,1,346,28,1,26,0.0809,0.0818,1.18,343,30,0,35,0.0875,0.1118,13.68,32.38,13.36,1328.0,193.0,2033.0,0,147.0
ORD,2021-01-31,2021,1,424,117,0,222,0.2759,0.7231,72.69,424,102,0,249,0.2406,0.7733,119.03,37.8,17.88,3628.0,4547.0,3580.0,0,12618.0
ORD,2022-01-01,2022,1,609,302,3,123,0.4959,0.4007,35.28,611,332,4,97,0.5434,0.3477,32.1,33.22,12.81,6681.0,2024.0,3484.0,8.0,2240.0
ORD,2022-01-02,2022,1,746,261,0,258,0.3499,0.532,35.16,744,221,0,252,0.297,0.4818,33.96,26.81,15.61,6792.0,2053.0,3062.0,0,5701.0
ORD,2022-01-03,2022,1,754,86,2,211,0.1141,0.3159,20.12,755,93,0,188,0.1232,0.284,17.51,18.77,12.83,5108.0,27.0,1613.0,0,4364.0
ORD,2022-01-04,2022,1,634,31,1,143,0.0489,0.2371,16.51,650,39,1,130,0.06,0.2128,6.38,18.37,12.78,5722.0,36.0,1041.0,0,3358.0
ORD,2022-01-05,2022,1,654,64,5,190,0.0979,0.322,18.93,645,65,0,144,0.1008,0.2483,11.24,27.15,13.0,5288.0,1156.0,2287.0,22.0,3200.0
ORD,2022-01-06,2022,1,738,107,2,134,0.145,0.2124,14.77,735,84,0,128,0.1143,0.1966,4.9,19.11,11.98,4683.0,277.0,1094.0,0,3309.0
ORD,2022-01-07,2022,1,731,74,0,219,0.1012,0.3333,23.43,738,99,0,154,0.1341,0.241,11.3,19.13,12.07,7633.0,1056.0,826.0,0,3569.0
ORD,2022-01-08,2022,1,612,67,4,193,0.1095,0.3541,26.97,619,53,14,154,0.0856,0.2721,11.39,29.94,14.7,7789.0,2250.0,3680.0,0,4766.0
ORD,2022-01-09,2022,1,717,52,1,139,0.0725,0.209,13.92,706,74,0,112,0.1048,0.1772,3.38,19.26,13.55,4206.0,489.0,721.0,0,2993.0
ORD,2022-01-10,2022,1,665,30,2,100,0.0451,0.1575,7.25,668,32,1,82,0.0479,0.1289,-3.56,18.19,10.84,1998.0,287.0,474.0,0,1533.0
ORD,2022-01-11,2022,1,630,24,0,68,0.0381,0.1122,2.65,637,29,1,49,0.0455,0.0806,-9.24,16.66,10.58,1215.0,68.0,134.0,0,1104.0
ORD,2022-01-12,2022,1,640,21,1,49,0.0328,0.0792,-0.37,641,23,1,31,0.0359,0.0502,-13.99,16.62,10.98,781.0,0,35.0,0,609.0
ORD,2022-01-13,2022,1,718,19,1,96,0.0265,0.1373,4.06,718,17,0,65,0.0237,0.0927,-6.95,19.97,13.99,2026.0,71.0,1030.0,0,880.0
ORD,2022-01-14,2022,1,716,19,0,134,0.0265,0.1923,10.98,719,19,0,133,0.0264,0.19,1.18,32.36,16.0,4334.0,1612.0,3032.0,12.0,2875.0
ORD,2022-01-15,2022,1,587,19,1,120,0.0324,0.2113,9.92,592,13,0,112,0.022,0.1934,7.84,25.01,15.53,3297.0,436.0,1351.0,14.0,951.0
ORD,2022-01-16,2022,1,672,78,2,112,0.1161,0.1886,8.34,662,65,0,107,0.0982,0.1792,-0.3,20.83,11.66,2633.0,432.0,1753.0,0,1682.0
ORD,2022-01-17,2022,1,647,21,1,85,0.0325,0.1358,5.41,653,44,1,88,0.0674,0.1445,-1.54,20.11,11.14,2138.0,61.0,890.0,0,1293.0
ORD,2022-01-18,2022,1,612,8,0,55,0.0131,0.0911,2.28,616,10,0,40,0.0162,0.066,-11.88,17.04,10.56,1622.0,21.0,112.0,0,1035.0
ORD,2022-01-19,2022,1,625,15,1,61,0.024,0.1,2.57,624,8,1,53,0.0128,0.086,-10.4,16.52,10.21,2219.0,0,348.0,0,907.0
ORD,2022-01-20,2022,1,718,14,3,111,0.0195,0.1577,9.02,712,18,0,100,0.0253,0.1441,0.24,18.72,11.73,3332.0,288.0,563.0,0,2129.0
ORD,2022-01-21,2022,1,706,17,4,105,0.0241,0.1524,7.98,715,24,2,78,0.0336,0.1129,-5.21,18.57,11.59,2786.0,38.0,506.0,41.0,2449.0
ORD,2022-01-22,2022,1,592,12,0,98,0.0203,0.169,8.14,597,12,3,86,0.0201,0.147,-1.14,21.28,11.44,2145.0,342.0,709.0,26.0,2047.0
ORD,2022-01-23,2022,1,709,19,2,307,0.0268,0.4449,26.79,697,19,1,275,0.0273,0.4056,25.17,37.21,20.73,4909.0,4141.0,7014.0,0,7789.0
ORD,2022-01-24,2022,1,646,55,1,278,0.0851,0.4704,39.41,649,60,6,300,0.0924,0.5093,37.11,31.55,15.67,8494.0,2823.0,3686.0,0,9909.0
ORD,2022-01-25,2022,1,614,8,2,89,0.013,0.1469,5.5,622,10,1,62,0.0161,0.1013,-3.34,18.59,11.75,2383.0,62.0,176.0,21.0,1245.0
ORD,2022-01-26,2022,1,624,3,0,65,0.0048,0.1047,2.02,624,5,0,53,0.008,0.0856,-9.32,18.24,11.8,1075.0,265.0,162.0,0,825.0
ORD,2022-01-27,2022,1,717,4,4,112,0.0056,0.1571,9.01,714,9,2,104,0.0126,0.1475,-3.18,23.44,12.06,4285.0,472.0,1469.0,0,2485.0
ORD,2022-01-28,2022,1,709,103,4,322,0.1453,0.5314,40.05,713,79,10,393,0.1108,0.6199,59.79,36.36,15.45,7782.0,2645.0,6610.0,14.0,10355.0
ORD,2022-01-29,2022,1,593,74,0,67,0.1248,0.1291,2.93,600,74,0,56,0.1233,0.1065,-5.12,17.82,11.4,1186.0,0,255.0,0,390.0
ORD,2022-01-30,2022,1,706,18,0,138,0.0255,0.2006,11.06,696,47,0,91,0.0675,0.1402,-0.98,22.66,11.71,4107.0,253.0,1124.0,0,2388.0
ORD,2022-01-31,2022,1,648,6,0,62,0.0093,0.0966,3.49,648,7,0,67,0.0108,0.1045,-6.06,17.63,13.58,2537.0,0,165.0,0,656.0
ORD,2022-06-01,2022,6,720,19,7,117,0.0264,0.1669,11.45,722,13,0,100,0.018,0.141,1.83,19.89,13.96,4062.0,1008.0,2295.0,0,3032.0
ORD,2022-06-02,2022,6,720,31,2,154,0.0431,0.2235,18.59,732,36,2,145,0.0492,0.2083,10.15,19.2,12.13,5634.0,580.0,3627.0,0,3717.0
ORD,2022-06-03,2022,6,749,16,4,171,0.0214,0.2333,13.54,748,20,0,137,0.0267,0.1882,4.55,18.06,11.99,4881.0,174.0,799.0,0,3891.0
ORD,2022-06-04,2022,6,678,19,1,128,0.028,0.1942,9.69,682,18,0,106,0.0264,0.1596,2.13,19.1,14.34,2912.0,5.0,700.0,0,3143.0
ORD,2022-06-05,2022,6,752,4,1,114,0.0053,0.1524,7.31,748,9,1,115,0.012,0.1556,4.01,19.22,14.6,3417.0,6.0,1189.0,4.0,1923.0
ORD,2022-06-06,2022,6,763,15,1,197,0.0197,0.2634,21.56,764,9,4,188,0.0118,0.249,15.26,23.34,13.31,6168.0,1649.0,3620.0,0,8089.0
ORD,2022-06-07,2022,6,745,4,1,140,0.0054,0.1889,10.81,746,12,1,128,0.0161,0.1744,2.71,21.75,14.17,4308.0,6.0,2072.0,0,3699.0
ORD,2022-06-08,2022,6,754,11,2,190,0.0146,0.2557,13.34,753,12,0,184,0.0159,0.2483,9.39,22.07,13.04,3796.0,265.0,3068.0,0,4835.0
ORD,2022-06-09,2022,6,759,12,5,152,0.0158,0.2035,11.82,760,13,0,128,0.0171,0.1714,3.43,18.97,13.35,5312.0,0,1194.0,0,2853.0
ORD,2022-06-10,2022,6,763,8,0,178,0.0105,0.2358,15.7,761,10,3,129,0.0131,0.1718,4.01,19.18,12.73,5546.0,82.0,1056.0,0,5259.0
ORD,2022-06-11,2022,6,682,15,3,136,0.022,0.2039,11.54,685,12,0,114,0.0175,0.1694,8.63,19.31,13.03,4019.0,120.0,888.0,0,3113.0
ORD,2022-06-12,2022,6,748,11,2,200,0.0147,0.2714,16.01,746,15,0,192,0.0201,0.2627,8.99,22.82,14.81,4836.0,0,3176.0,0,4838.0
ORD,2022-06-13,2022,6,763,46,8,268,0.0603,0.3738,41.37,764,32,59,197,0.0419,0.2691,19.9,21.27,16.2,4945.0,8060.0,2881.0,0,13452.0
ORD,2022-06-14,2022,6,747,9,5,174,0.012,0.2358,14.92,747,30,0,145,0.0402,0.2022,1.04,18.64,12.38,5607.0,18.0,1290.0,0,3466.0
ORD,2022-06-15,2022,6,755,18,1,154,0.0238,0.209,11.74,754,16,2,141,0.0212,0.1911,1.08,19.7,12.08,3346.0,25.0,1531.0,0,5192.0
ORD,2022-06-16,2022,6,764,39,4,228,0.051,0.3145,23.92,765,37,0,214,0.0484,0.294,20.27,18.35,13.01,4631.0,129.0,5189.0,0,6676.0
ORD,2022-06-17,2022,6,765,20,5,199,0.0261,0.2671,16.92,764,26,1,153,0.034,0.2073,6.56,18.78,11.89,4274.0,8.0,847.0,0,6193.0
ORD,2022-06-18,2022,6,680,25,1,178,0.0368,0.2718,14.63,683,24,0,145,0.0351,0.22,7.45,19.85,13.69,3481.0,0,702.0,30.0,4040.0
ORD,2022-06-19,2022,6,750,15,2,179,0.02,0.2435,13.72,748,16,0,123,0.0214,0.168,3.36,17.98,12.85,4883.0,0,487.0,12.0,3621.0
ORD,2022-06-20,2022,6,763,10,0,145,0.0131,0.1926,11.11,764,12,1,90,0.0157,0.1197,-2.57,17.97,12.7,3950.0,46.0,614.0,125.0,3714.0
ORD,2022-06-21,2022,6,749,4,1,125,0.0053,0.1678,6.4,749,7,1,71,0.0093,0.0957,-6.85,19.21,12.61,2856.0,15.0,1045.0,0,2411.0
ORD,2022-06-22,2022,6,757,51,3,130,0.0674,0.1841,16.9,756,39,0,102,0.0516,0.1423,-0.27,18.94,12.31,2862.0,1417.0,6347.0,0,2883.0
ORD,2022-06-23,2022,6,759,28,1,154,0.0369,0.2107,12.81,761,38,0,123,0.0499,0.1701,5.04,19.21,13.78,3515.0,0,1271.0,0,4390.0
ORD,2022-06-24,2022,6,767,13,4,189,0.0169,0.2507,15.79,765,12,0,185,0.0157,0.2457,7.81,19.06,13.75,3500.0,24.0,1484.0,0,6269.0
ORD,2022-06-25,2022,6,686,24,2,203,0.035,0.3066,25.23,690,26,2,186,0.0377,0.2801,11.69,21.87,13.68,7392.0,398.0,1909.0,0,7711.0
ORD,2022-06-26,2022,6,752,25,3,197,0.0332,0.271,16.98,750,19,0,132,0.0253,0.1806,5.41,18.67,11.9,5444.0,29.0,2075.0,0,5147.0
ORD,2022-06-27,2022,6,769,11,3,153,0.0143,0.2018,10.15,769,16,2,126,0.0208,0.1673,6.28,18.79,12.63,4096.0,83.0,925.0,0,2896.0
ORD,2022-06-28,2022,6,745,28,0,119,0.0376,0.166,7.92,746,28,0,83,0.0375,0.1156,-1.64,17.73,11.55,2620.0,0,429.0,0,2955.0
ORD,2022-06-29,2022,6,753,26,1,141,0.0345,0.1939,8.15,752,27,0,94,0.0359,0.1297,-0.14,18.3,13.69,2891.0,0,631.0,0,2308.0
ORD,2022-06-30,2022,6,769,14,2,125,0.0182,0.1656,8.49,768,18,0,80,0.0234,0.1067,-5.52,18.54,12.64,3320.0,28.0,651.0,0,2883.0
ORD,2022-12-01,2022,12,700,2,1,112,0.0029,0.1605,8.78,698,2,0,73,0.0029,0.1049,-3.75,17.74,11.52,2266.0,66.0,762.0,0,3544.0
ORD,2022-12-02,2022,12,704,2,0,80,0.0028,0.114,6.79,701,1,1,67,0.0014,0.0957,-4.5,18.57,11.6,3100.0,126.0,1173.0,0,2601.0
ORD,2022-12-03,2022,12,633,1,0,84,0.0016,0.1329,4.49,641,1,0,67,0.0016,0.1047,-3.37,19.53,11.78,1953.0,31.0,1220.0,21.0,1917.0
ORD,2022-12-04,2022,12,698,1,1,107,0.0014,0.1535,7.76,692,2,0,85,0.0029,0.1232,-2.04,18.05,11.5,2544.0,0,796.0,14.0,2580.0
ORD,2022-12-05,2022,12,698,2,0,84,0.0029,0.1207,4.93,697,1,0,74,0.0014,0.1063,-6.15,18.15,11.67,1550.0,0,477.0,0,2820.0
ORD,2022-12-06,2022,12,682,3,2,51,0.0044,0.0751,0.8,687,1,0,67,0.0015,0.0977,-6.62,20.39,13.92,1918.0,130.0,1444.0,33.0,599.0
ORD,2022-12-07,2022,12,678,1,0,102,0.0015,0.1507,8.26,678,4,1,84,0.0059,0.1246,0.2,20.51,12.2,2498.0,168.0,1132.0,0,3964.0
ORD,2022-12-08,2022,12,699,0,3,81,0.0,0.1159,7.0,693,0,0,100,0.0,0.1443,-1.18,19.86,13.31,1737.0,1405.0,1009.0,12.0,2742.0
ORD,2022-12-09,2022,12,698,1,0,215,0.0014,0.3085,17.32,698,1,1,203,0.0014,0.2912,12.92,30.28,16.25,5248.0,1851.0,5358.0,0,5017.0
ORD,2022-12-10,2022,12,637,0,0,102,0.0,0.1601,8.36,642,0,0,110,0.0,0.1713,2.87,20.99,14.1,2394.0,61.0,1387.0,0,2869.0
ORD,2022-12-11,2022,12,693,1,0,84,0.0014,0.1214,3.67,690,0,2,95,0.0,0.1377,1.94,18.66,11.66,1705.0,195.0,768.0,0,1483.0
ORD,2022-12-12,2022,12,695,3,0,98,0.0043,0.1416,6.85,695,1,0,107,0.0014,0.1542,1.11,20.52,13.78,2103.0,815.0,979.0,0,1948.0
ORD,2022-12-13,2022,12,680,11,1,97,0.0162,0.145,6.32,685,11,0,123,0.0161,0.1825,5.07,20.39,13.78,1512.0,816.0,1026.0,0,2692.0
ORD,2022-12-14,2022,12,683,4,1,116,0.0059,0.1708,9.68,684,4,1,124,0.0058,0.1824,3.49,23.07,15.09,3897.0,217.0,1475.0,0,2765.0
ORD,2022-12-15,2022,12,715,5,2,228,0.007,0.3211,20.23,702,5,1,204,0.0071,0.2927,14.32,30.75,13.95,3246.0,2588.0,6491.0,60.0,8497.0
ORD,2022-12-16,2022,12,716,4,1,317,0.0056,0.4452,29.88,716,5,0,286,0.007,0.4023,24.41,39.06,14.52,6066.0,4408.0,9599.0,22.0,9883.0
ORD,2022-12-17,2022,12,643,8,1,231,0.0124,0.3638,23.95,646,6,1,202,0.0093,0.3156,14.44,28.12,13.45,5723.0,1424.0,2755.0,8.0,6862.0
ORD,2022-12-18,2022,12,700,8,1,175,0.0114,0.2529,15.88,697,8,0,164,0.0115,0.238,8.94,21.01,12.99,4298.0,373.0,1247.0,0,4278.0
ORD,2022-12-19,2022,12,668,1,1,143,0.0015,0.2144,16.43,669,1,0,118,0.0015,0.1766,3.99,19.16,11.73,3615.0,111.0,1170.0,0,5515.0
ORD,2022-12-20,2022,12,662,8,0,121,0.0121,0.185,12.41,662,7,0,112,0.0106,0.171,3.83,18.64,12.54,2977.0,44.0,799.0,0,4179.0
ORD,2022-12-21,2022,12,704,10,2,230,0.0142,0.3314,21.87,703,13,1,208,0.0185,0.3014,20.23,23.04,14.83,5620.0,1463.0,2116.0,0,6383.0
ORD,2022-12-22,2022,12,709,199,3,254,0.2807,0.498,49.07,708,215,2,251,0.3037,0.5091,47.26,29.32,14.97,5177.0,5641.0,5787.0,0,12998.0
ORD,2022-12-23,2022,12,707,255,5,381,0.3607,0.8429,114.96,707,202,1,336,0.2857,0.6653,76.12,27.46,20.05,9644.0,22383.0,3786.0,12.0,16848.0
ORD,2022-12-24,2022,12,546,63,0,361,0.1154,0.7474,82.67,553,105,0,261,0.1899,0.5826,67.53,19.63,15.03,11918.0,9598.0,2085.0,0,12301.0
ORD,2022-12-25,2022,12,545,46,2,225,0.0844,0.4509,42.39,541,49,3,177,0.0906,0.3598,29.9,18.31,13.1,6609.0,1327.0,959.0,0,9257.0
ORD,2022-12-26,2022,12,680,52,1,376,0.0765,0.5987,50.02,679,61,0,330,0.0898,0.534,42.04,30.07,14.31,9687.0,3452.0,5623.0,0,14162.0
ORD,2022-12-27,2022,12,677,36,3,229,0.0532,0.3573,28.27,676,36,0,185,0.0533,0.2891,16.76,19.18,11.62,6133.0,342.0,1701.0,23.0,7460.0
ORD,2022-12-28,2022,12,679,32,6,151,0.0471,0.2334,16.35,680,36,0,110,0.0529,0.1708,4.6,19.69,12.47,3517.0,985.0,935.0,0,4038.0
ORD,2022-12-29,2022,12,682,23,3,132,0.0337,0.2003,12.2,682,25,0,111,0.0367,0.1689,0.18,20.27,13.08,3505.0,191.0,1430.0,38.0,2797.0
ORD,2022-12-30,2022,12,681,2,1,111,0.0029,0.1635,7.98,681,4,0,104,0.0059,0.1536,-0.16,20.97,13.13,2789.0,5.0,1099.0,0,2143.0
ORD,2022-12-31,2022,12,545,3,1,78,0.0055,0.1439,8.91,548,3,0,63,0.0055,0.1156,-5.84,18.94,12.2,1773.0,274.0,1114.0,0,2162.0
ORD,2023-01-01,2023,1,590,4,3,110,0.0068,0.1877,10.31,592,8,0,90,0.0135,0.1541,1.65,19.69,12.25,2627.0,219.0,853.0,0,2551.0
ORD,2023-01-02,2023,1,675,17,1,196,0.0252,0.2979,20.82,676,12,9,173,0.0178,0.2605,16.35,19.77,14.23,3627.0,631.0,4188.0,35.0,5542.0
ORD,2023-01-03,2023,1,667,24,3,233,0.036,0.3624,25.19,666,24,2,218,0.036,0.3396,20.92,27.01,16.51,5617.0,1998.0,4482.0,0,7052.0
ORD,2023-01-04,2023,1,664,21,0,171,0.0316,0.2659,17.37,666,22,1,140,0.033,0.2174,12.92,22.43,13.22,3004.0,802.0,4205.0,0,4735.0
ORD,2023-01-05,2023,1,636,2,0,152,0.0031,0.2397,14.38,637,8,0,139,0.0126,0.221,4.34,31.08,13.98,3209.0,2248.0,3485.0,0,3889.0
ORD,2023-01-06,2023,1,637,3,2,109,0.0047,0.1719,9.09,636,2,0,114,0.0031,0.1798,-0.48,24.82,13.83,3136.0,600.0,1436.0,25.0,2203.0
ORD,2023-01-07,2023,1,623,0,0,102,0.0,0.1637,7.87,625,2,1,120,0.0032,0.1926,5.07,21.24,13.58,2169.0,150.0,760.0,0,2278.0
ORD,2023-01-08,2023,1,687,1,1,92,0.0015,0.1341,6.5,684,2,0,83,0.0029,0.1217,-3.78,19.0,12.52,2071.0,186.0,865.0,17.0,1870.0
ORD,2023-01-09,2023,1,693,1,0,66,0.0014,0.0954,3.48,697,1,0,61,0.0014,0.0876,-4.04,19.01,11.57,1613.0,0,369.0,0,2111.0
ORD,2023-01-10,2023,1,639,3,1,44,0.0047,0.0692,-0.23,636,4,2,48,0.0063,0.0759,-8.71,17.98,11.25,1288.0,71.0,440.0,0,523.0
ORD,2023-01-11,2023,1,637,45,5,394,0.0706,0.6655,67.24,640,46,0,415,0.0719,0.6987,80.62,19.08,13.2,5818.0,168.0,9692.0,160.0,19613.0
ORD,2023-01-12,2023,1,684,0,3,134,0.0,0.1959,8.85,683,8,1,157,0.0117,0.2326,11.26,21.84,14.35,2324.0,137.0,2660.0,0,2919.0
ORD,2023-01-13,2023,1,687,3,2,182,0.0044,0.2661,15.85,687,3,1,191,0.0044,0.2792,10.72,34.51,13.47,5240.0,1564.0,5611.0,77.0,4246.0
ORD,2023-01-14,2023,1,550,1,0,89,0.0018,0.1621,6.37,551,0,1,80,0.0,0.1452,-3.43,18.98,12.0,1770.0,288.0,758.0,0,1181.0
ORD,2023-01-15,2023,1,618,0,0,69,0.0,0.1117,2.55,617,3,1,68,0.0049,0.1107,-3.22,18.88,13.04,1317.0,84.0,781.0,0,1470.0
ORD,2023-01-16,2023,1,654,2,2,109,0.0031,0.1672,13.82,654,4,1,104,0.0061,0.16,0.71,21.65,13.7,4873.0,0,1270.0,0,4374.0
ORD,2023-01-17,2023,1,639,4,0,52,0.0063,0.0819,2.52,637,3,0,45,0.0047,0.071,-9.02,18.18,11.56,2081.0,115.0,151.0,0,1523.0
ORD,2023-01-18,2023,1,636,7,5,66,0.011,0.1049,2.94,638,11,0,80,0.0172,0.1276,-2.37,19.48,12.34,2185.0,382.0,459.0,29.0,1118.0
ORD,2023-01-19,2023,1,685,2,2,94,0.0029,0.1376,5.76,685,6,1,118,0.0088,0.1738,-0.81,23.98,13.15,3006.0,165.0,2101.0,0,1679.0
ORD,2023-01-20,2023,1,686,1,0,157,0.0015,0.2292,8.77,686,2,0,140,0.0029,0.2047,1.88,32.43,14.05,2391.0,1175.0,3961.0,25.0,3252.0
ORD,2023-01-21,2023,1,577,1,0,72,0.0017,0.125,8.06,580,2,0,75,0.0034,0.1298,-1.49,19.72,11.95,3588.0,31.0,221.0,0,1518.0
ORD,2023-01-22,2023,1,675,8,2,201,0.0119,0.3013,17.62,672,6,0,232,0.0089,0.3483,21.75,34.09,15.06,4334.0,1494.0,5648.0,8.0,5488.0
ORD,2023-01-23,2023,1,648,6,0,102,0.0093,0.1589,10.55,649,4,0,123,0.0062,0.1907,6.88,20.5,11.75,1611.0,295.0,1894.0,0,4143.0
ORD,2023-01-24,2023,1,638,6,3,54,0.0094,0.0854,1.99,636,8,0,66,0.0126,0.1051,-4.0,18.06,11.63,1982.0,17.0,562.0,0,1260.0
ORD,2023-01-25,2023,1,638,32,0,276,0.0502,0.4554,32.74,640,33,0,358,0.0516,0.5898,42.76,36.27,15.96,6259.0,1819.0,6943.0,0,9966.0
ORD,2023-01-26,2023,1,688,0,0,157,0.0,0.2282,11.36,687,4,2,210,0.0058,0.3075,9.0,37.18,15.58,3772.0,1451.0,5656.0,43.0,2989.0
ORD,2023-01-27,2023,1,690,5,6,231,0.0072,0.3372,17.47,690,7,1,239,0.0101,0.3499,17.08,33.43,15.21,3847.0,2238.0,5590.0,0,5596.0
ORD,2023-01-28,2023,1,579,21,3,206,0.0363,0.3692,24.34,582,25,8,221,0.043,0.3968,22.04,34.36,18.56,4528.0,2583.0,5715.0,53.0,6563.0
ORD,2023-01-29,2023,1,677,9,1,213,0.0133,0.3189,22.73,675,12,1,201,0.0178,0.3032,12.36,30.54,14.79,7714.0,1164.0,5388.0,0,6531.0
ORD,2023-01-30,2023,1,651,14,7,116,0.0215,0.1821,13.64,652,15,0,131,0.023,0.2057,5.48,24.06,13.02,5314.0,1764.0,3047.0,0,1926.0
ORD,2023-01-31,2023,1,638,38,1,138,0.0596,0.23,14.26,636,31,0,124,0.0487,0.205,8.57,17.99,11.26,3712.0,281.0,2286.0,0,2725.0
ORD,2023-06-01,2023,6,704,8,2,269,0.0114,0.3865,30.33,715,4,7,255,0.0056,0.3586,19.15,21.63,15.0,7364.0,2258.0,1794.0,0,9479.0
ORD,2023-06-02,2023,6,749,7,4,160,0.0093,0.2156,12.85,743,9,2,168,0.0121,0.2289,10.37,22.6,15.7,3542.0,584.0,1499.0,0,5228.0
ORD,2023-06-03,2023,6,690,2,2,153,0.0029,0.2224,14.09,693,4,0,146,0.0058,0.2119,11.89,19.97,13.67,3687.0,70.0,899.0,0,4729.0
ORD,2023-06-04,2023,6,736,0,2,156,0.0,0.212,15.3,734,0,0,144,0.0,0.1962,9.47,20.74,15.14,4133.0,342.0,777.0,0,5296.0
ORD,2023-06-05,2023,6,759,0,1,141,0.0,0.1858,8.85,759,0,0,113,0.0,0.1489,0.82,21.22,14.75,3166.0,26.0,827.0,13.0,2714.0
ORD,2023-06-06,2023,6,729,0,3,138,0.0,0.1893,12.08,727,0,1,122,0.0,0.1678,7.28,21.14,13.33,4270.0,15.0,713.0,11.0,3992.0
ORD,2023-06-07,2023,6,730,1,0,104,0.0014,0.1427,8.75,731,1,1,95,0.0014,0.1301,1.55,21.9,14.51,1868.0,0,1655.0,0,3912.0
ORD,2023-06-08,2023,6,757,3,4,123,0.004,0.1631,7.47,758,4,0,130,0.0053,0.1724,3.26,23.01,14.55,2781.0,23.0,1156.0,13.0,2686.0
ORD,2023-06-09,2023,6,759,1,0,137,0.0013,0.1807,11.18,758,1,0,119,0.0013,0.1572,2.57,21.44,15.09,3278.0,18.0,827.0,0,5204.0
ORD,2023-06-10,2023,6,687,1,1,137,0.0015,0.1997,13.46,688,1,0,109,0.0015,0.1587,-0.02,19.16,13.35,4166.0,196.0,858.0,5.0,4656.0
ORD,2023-06-11,2023,6,734,1,2,176,0.0014,0.2401,15.92,734,3,1,165,0.0041,0.2257,14.6,23.41,15.59,5745.0,302.0,2343.0,0,4793.0
ORD,2023-06-12,2023,6,754,9,3,174,0.0119,0.2336,17.08,755,7,3,154,0.0093,0.2059,7.56,21.88,12.76,4134.0,573.0,2829.0,0,5930.0
ORD,2023-06-13,2023,6,723,2,1,154,0.0028,0.2136,10.79,721,3,0,146,0.0042,0.2033,12.02,21.97,13.44,3002.0,90.0,1340.0,0,3408.0
ORD,2023-06-14,2023,6,730,2,2,160,0.0027,0.2198,13.25,730,4,0,149,0.0055,0.2052,6.33,22.11,14.82,3324.0,0,2600.0,0,4311.0
ORD,2023-06-15,2023,6,760,0,1,161,0.0,0.2118,15.58,762,3,0,164,0.0039,0.2161,6.78,22.33,14.43,5464.0,259.0,1970.0,5.0,5150.0
ORD,2023-06-16,2023,6,759,8,2,168,0.0105,0.2237,10.5,759,6,0,198,0.0079,0.2629,14.64,23.53,15.22,3249.0,149.0,2091.0,41.0,3744.0
ORD,2023-06-17,2023,6,684,5,6,128,0.0073,0.1885,9.66,686,3,0,143,0.0044,0.2094,13.38,20.62,14.07,2815.0,101.0,965.0,3.0,3283.0
ORD,2023-06-18,2023,6,728,2,2,172,0.0027,0.2369,14.87,729,4,0,130,0.0055,0.1793,5.54,21.14,14.77,3986.0,0,1055.0,0,5670.0
ORD,2023-06-19,2023,6,761,5,6,101,0.0066,0.1336,9.28,758,3,0,114,0.004,0.151,2.62,20.56,13.91,3444.0,327.0,865.0,18.0,3331.0
ORD,2023-06-20,2023,6,725,1,1,110,0.0014,0.1519,6.45,724,4,0,106,0.0055,0.1472,-0.05,20.56,13.96,2807.0,60.0,983.0,0,1959.0
ORD,2023-06-21,2023,6,734,4,5,162,0.0054,0.2219,12.5,735,2,1,153,0.0027,0.2087,12.27,21.66,14.39,2872.0,68.0,2379.0,0,4865.0
ORD,2023-06-22,2023,6,754,3,2,195,0.004,0.2597,16.57,761,3,0,178,0.0039,0.2348,9.54,21.66,15.02,5957.0,89.0,2860.0,12.0,4176.0
ORD,2023-06-23,2023,6,756,0,2,176,0.0,0.2328,20.13,751,2,1,175,0.0027,0.2336,16.18,21.94,15.2,7105.0,86.0,1994.0,25.0,7219.0
ORD,2023-06-24,2023,6,685,11,1,145,0.0161,0.2151,17.24,685,5,5,138,0.0073,0.2029,10.31,20.66,14.76,4628.0,0,1893.0,0,6230.0
ORD,2023-06-25,2023,6,739,78,10,348,0.1055,0.5265,51.26,738,62,18,345,0.084,0.5104,59.67,23.44,13.53,14932.0,1601.0,5377.0,0,12955.0
ORD,2023-06-26,2023,6,760,76,4,301,0.1,0.4401,37.17,760,100,1,228,0.1316,0.3455,29.25,19.92,14.46,11311.0,221.0,3291.0,32.0,9539.0
ORD,2023-06-27,2023,6,727,68,6,278,0.0935,0.4219,41.04,725,84,2,235,0.1159,0.3666,39.32,20.45,15.42,11502.0,478.0,2970.0,0,9997.0
ORD,2023-06-28,2023,6,737,68,3,261,0.0923,0.3901,37.21,738,79,0,238,0.107,0.3612,34.54,24.29,15.08,13365.0,35.0,2148.0,0,9533.0
ORD,2023-06-29,2023,6,764,74,2,360,0.0969,0.5217,56.64,764,80,3,363,0.1047,0.5307,55.71,27.31,15.28,13367.0,3092.0,5743.0,0,19825.0
ORD,2023-06-30,2023,6,759,23,9,297,0.0303,0.4035,30.45,761,26,0,253,0.0342,0.3442,22.34,20.39,13.11,9115.0,275.0,1594.0,0,9926.0
ORD,2023-07-01,2023,7,665,6,1,283,0.009,0.4294,29.82,672,5,0,268,0.0074,0.4018,30.6,21.76,16.06,7328.0,2340.0,2100.0,0,7603.0
ORD,2023-07-02,2023,7,686,22,4,327,0.0321,0.4925,33.08,686,27,1,332,0.0394,0.5038,36.68,26.17,16.16,7418.0,1766.0,3257.0,0,9633.0
ORD,2023-07-03,2023,7,586,1,1,99,0.0017,0.1692,9.36,589,5,0,75,0.0085,0.1284,-3.61,18.44,13.42,3214.0,141.0,548.0,0,2000.0
ORD,2023-07-04,2023,7,566,6,0,68,0.0106,0.1214,5.52,560,5,0,65,0.0089,0.1171,-4.07,17.95,11.08,1778.0,195.0,1515.0,0,1354.0
ORD,2023-07-05,2023,7,727,117,1,299,0.1609,0.4902,68.98,721,100,18,264,0.1387,0.4251,55.6,27.36,21.97,7094.0,18639.0,5067.0,0,15392.0
ORD,2023-07-06,2023,7,720,5,4,170,0.0069,0.2378,15.71,720,24,0,163,0.0333,0.2342,12.16,20.34,14.35,4326.0,94.0,1158.0,0,5859.0
ORD,2023-07-07,2023,7,720,11,5,186,0.0153,0.2623,17.96,720,14,0,178,0.0194,0.2521,14.4,21.38,14.54,4536.0,652.0,3317.0,0,5598.0
ORD,2023-07-08,2023,7,707,2,2,194,0.0028,0.2752,18.77,705,6,1,230,0.0085,0.329,17.64,23.28,14.96,5801.0,42.0,3423.0,0,5689.0
ORD,2023-07-09,2023,7,756,48,8,198,0.0635,0.2797,22.03,755,45,1,166,0.0596,0.2338,14.82,21.76,14.05,5404.0,94.0,3776.0,105.0,6178.0
ORD,2023-07-10,2023,7,781,11,1,204,0.0141,0.2649,17.85,779,20,0,158,0.0257,0.2082,9.06,21.0,13.6,5369.0,124.0,2318.0,14.0,5772.0
ORD,2023-07-11,2023,7,747,14,1,330,0.0187,0.4502,30.29,747,8,4,277,0.0107,0.3748,21.93,32.24,20.1,6123.0,6211.0,5836.0,0,9391.0
ORD,2023-07-12,2023,7,751,156,3,407,0.2077,0.684,62.58,752,148,27,421,0.1968,0.697,70.26,31.14,16.46,8132.0,6300.0,8305.0,0,18462.0
ORD,2023-07-13,2023,7,777,2,6,192,0.0026,0.2477,14.82,777,16,0,177,0.0206,0.2326,8.75,23.08,14.94,5485.0,76.0,2182.0,0,4819.0
ORD,2023-07-14,2023,7,777,21,9,223,0.027,0.295,28.03,777,13,7,233,0.0167,0.305,23.45,27.23,14.23,5582.0,6004.0,6705.0,27.0,7736.0
ORD,2023-07-15,2023,7,707,9,3,225,0.0127,0.3223,21.25,709,17,2,213,0.024,0.3078,16.81,22.12,14.82,5614.0,205.0,1970.0,0,6241.0
ORD,2023-07-16,2023,7,756,17,3,204,0.0225,0.276,19.77,755,20,0,203,0.0265,0.2762,15.95,21.0,12.41,4818.0,1464.0,2242.0,0,5848.0
ORD,2023-07-17,2023,7,781,8,0,184,0.0102,0.238,13.74,779,11,0,175,0.0141,0.2279,7.88,20.6,12.52,4413.0,112.0,1598.0,0,5285.0
ORD,2023-07-18,2023,7,747,6,4,175,0.008,0.2362,15.43,747,9,0,146,0.012,0.1978,6.83,21.68,14.26,5079.0,60.0,2567.0,1.0,4533.0
ORD,2023-07-19,2023,7,751,7,1,124,0.0093,0.1667,9.74,752,6,1,122,0.008,0.1635,0.8,22.77,14.96,4556.0,144.0,1678.0,0,2143.0
ORD,2023-07-20,2023,7,777,6,4,193,0.0077,0.2503,21.73,777,8,1,193,0.0103,0.251,15.76,23.16,12.97,5310.0,3757.0,2973.0,0,6576.0
ORD,2023-07-21,2023,7,776,1,2,189,0.0013,0.2439,16.21,777,4,0,189,0.0051,0.2445,19.54,22.69,14.81,4762.0,317.0,2583.0,0,5788.0
ORD,2023-07-22,2023,7,707,2,1,196,0.0028,0.278,18.12,708,2,1,182,0.0028,0.2578,8.86,22.21,13.29,3735.0,690.0,1714.0,0,6573.0
ORD,2023-07-23,2023,7,754,3,5,189,0.004,0.2517,16.39,754,6,0,160,0.008,0.2139,9.55,21.39,13.01,5359.0,0,1905.0,0,5200.0
ORD,2023-07-24,2023,7,781,5,2,174,0.0064,0.2242,15.03,778,2,0,184,0.0026,0.2371,12.0,21.08,14.68,3840.0,770.0,1135.0,159.0,6144.0
ORD,2023-07-25,2023,7,747,20,2,128,0.0268,0.1761,10.22,747,22,0,112,0.0295,0.1545,5.73,20.31,12.51,2927.0,32.0,1887.0,0,3571.0
ORD,2023-07-26,2023,7,751,28,5,445,0.0373,0.6155,59.5,752,25,29,375,0.0332,0.5158,52.89,35.92,17.76,11535.0,6560.0,9516.0,56.0,24004.0
ORD,2023-07-27,2023,7,778,11,3,207,0.0141,0.2699,18.04,777,15,11,175,0.0193,0.2297,12.65,22.82,15.27,5373.0,436.0,2346.0,0,5987.0
ORD,2023-07-28,2023,7,777,82,5,377,0.1055,0.5424,50.52,774,44,48,377,0.0568,0.5164,55.78,24.34,17.69,9750.0,6443.0,4486.0,7.0,15260.0
ORD,2023-07-29,2023,7,707,64,3,368,0.0905,0.5723,54.4,710,99,0,260,0.1394,0.4255,38.7,21.64,16.6,15685.0,465.0,2778.0,76.0,14360.0
ORD,2023-07-30,2023,7,755,13,2,222,0.0172,0.2992,20.44,754,25,0,187,0.0332,0.2565,14.62,20.33,14.21,7705.0,36.0,1052.0,0,4631.0
ORD,2023-07-31,2023,7,778,3,3,182,0.0039,0.2348,14.28,778,6,1,185,0.0077,0.2396,11.05,20.37,14.29,4512.0,18.0,1075.0,9.0,4738.0
ORD,2023-12-01,2023,12,704,2,3,99,0.0028,0.141,8.3,705,0,0,109,0.0,0.1546,0.29,24.21,16.39,4139.0,0,1435.0,0,1546.0
ORD,2023-12-02,2023,12,595,0,2,67,0.0,0.1126,6.55,598,2,0,77,0.0033,0.1292,1.3,22.42,14.28,3452.0,153.0,917.0,0,1364.0
ORD,2023-12-03,2023,12,696,1,6,113,0.0014,0.1626,6.56,695,1,0,129,0.0014,0.1859,2.79,22.48,14.28,2813.0,337.0,1303.0,13.0,1368.0
ORD,2023-12-04,2023,12,697,0,1,69,0.0,0.099,4.29,701,1,0,67,0.0014,0.0957,-3.43,20.91,12.4,2443.0,0,522.0,0,1871.0
ORD,2023-12-05,2023,12,642,1,0,68,0.0016,0.1061,3.29,643,1,0,81,0.0016,0.1262,-2.31,25.95,14.8,1610.0,0,1473.0,0,957.0
ORD,2023-12-06,2023,12,647,0,2,66,0.0,0.102,2.36,648,0,0,68,0.0,0.1049,-5.12,21.2,12.33,1580.0,0,370.0,0,1049.0
ORD,2023-12-07,2023,12,701,0,0,49,0.0,0.0699,0.84,699,0,0,47,0.0,0.0672,-9.35,20.43,12.42,1326.0,0,276.0,0,990.0
ORD,2023-12-08,2023,12,712,0,1,49,0.0,0.0688,0.29,710,0,0,37,0.0,0.0521,-12.52,20.99,13.82,1351.0,0,383.0,15.0,852.0
ORD,2023-12-09,2023,12,599,2,0,65,0.0033,0.1089,8.83,601,1,0,63,0.0017,0.105,-5.03,21.01,12.35,4742.0,1001.0,692.0,0,691.0
ORD,2023-12-10,2023,12,702,1,7,131,0.0014,0.1869,8.17,702,1,0,109,0.0014,0.1555,3.97,25.75,12.63,2178.0,274.0,4810.0,0,2940.0
ORD,2023-12-11,2023,12,685,2,0,87,0.0029,0.1274,5.86,686,2,0,84,0.0029,0.1228,-1.89,21.69,12.63,2684.0,237.0,1479.0,0,1524.0
ORD,2023-12-12,2023,12,647,1,1,41,0.0015,0.0635,-0.78,646,1,1,44,0.0015,0.0682,-8.16,20.01,11.28,1208.0,0,247.0,0,399.0
ORD,2023-12-13,2023,12,653,1,1,34,0.0015,0.0521,-0.56,657,1,0,49,0.0015,0.0747,-9.42,20.69,11.41,1103.0,0,242.0,0,473.0
ORD,2023-12-14,2023,12,704,0,2,57,0.0,0.081,1.14,702,0,1,52,0.0,0.0741,-8.52,19.73,12.45,1513.0,0,364.0,16.0,922.0
ORD,2023-12-15,2023,12,713,0,1,63,0.0,0.0884,5.45,713,1,1,71,0.0014,0.0997,-7.13,20.29,13.54,2671.0,0,320.0,15.0,1368.0
ORD,2023-12-16,2023,12,599,0,1,74,0.0,0.1235,5.45,600,0,1,63,0.0,0.105,-2.03,23.2,14.59,1383.0,6.0,1248.0,0,2208.0
ORD,2023-12-17,2023,12,657,1,0,128,0.0015,0.1951,13.73,655,1,0,115,0.0015,0.1758,3.5,21.7,12.63,2825.0,756.0,1516.0,40.0,4517.0
ORD,2023-12-18,2023,12,660,7,3,107,0.0106,0.1639,9.14,661,9,0,122,0.0136,0.1871,2.99,23.86,14.74,2223.0,798.0,2433.0,6.0,2110.0
ORD,2023-12-19,2023,12,641,0,0,72,0.0,0.1123,3.34,638,0,0,63,0.0,0.0987,-6.57,19.7,12.54,1224.0,89.0,289.0,9.0,1196.0
ORD,2023-12-20,2023,12,694,0,1,75,0.0,0.1081,5.6,688,0,0,74,0.0,0.1076,-2.35,21.48,14.6,1309.0,101.0,649.0,0,2910.0
ORD,2023-12-21,2023,12,711,0,2,121,0.0,0.1702,8.06,718,0,1,78,0.0,0.1086,-5.93,22.37,14.69,1988.0,0,661.0,0,2700.0
ORD,2023-12-22,2023,12,709,2,6,113,0.0028,0.1598,10.66,708,4,0,102,0.0056,0.1449,-0.22,25.6,16.63,1937.0,1937.0,1213.0,0,2420.0
ORD,2023-12-23,2023,12,654,7,4,149,0.0107,0.2303,19.07,653,5,2,122,0.0077,0.1883,5.22,24.51,15.78,4794.0,2276.0,708.0,61.0,3404.0
ORD,2023-12-24,2023,12,586,1,2,114,0.0017,0.1949,11.76,585,5,0,100,0.0085,0.1724,3.57,23.75,16.75,2189.0,1549.0,819.0,42.0,2763.0
ORD,2023-12-25,2023,12,586,3,3,63,0.0051,0.1081,2.7,586,2,0,54,0.0034,0.0925,-9.27,20.21,13.97,1219.0,8.0,372.0,0,750.0
ORD,2023-12-26,2023,12,698,4,5,149,0.0057,0.2147,12.27,698,3,0,141,0.0043,0.2029,2.42,22.28,13.41,1495.0,39.0,3769.0,5.0,4468.0
ORD,2023-12-27,2023,12,702,0,1,136,0.0,0.1937,9.91,702,1,0,110,0.0014,0.1569,1.9,24.48,14.77,1784.0,1545.0,3102.0,18.0,2061.0
ORD,2023-12-28,2023,12,705,1,1,125,0.0014,0.1776,10.23,705,2,1,123,0.0028,0.175,1.45,26.5,15.83,2363.0,95.0,2256.0,36.0,3824.0
ORD,2023-12-29,2023,12,698,0,0,130,0.0,0.1862,7.91,698,1,0,131,0.0014,0.1879,0.05,27.18,15.73,1923.0,13.0,2368.0,0,2660.0
ORD,2023-12-30,2023,12,648,3,1,109,0.0046,0.169,6.45,649,3,1,92,0.0046,0.1424,-0.79,22.15,13.44,1683.0,33.0,942.0,68.0,1886.0
ORD,2023-12-31,2023,12,619,0,0,194,0.0,0.3134,20.22,611,2,0,175,0.0033,0.2874,9.17,41.38,15.74,3894.0,1439.0,7674.0,0,5621.0
ORD,2024-01-01,2024,1,657,0,1,68,0.0,0.1035,1.86,663,0,0,69,0.0,0.1041,-6.27,19.95,13.29,1234.0,62.0,630.0,0,611.0
ORD,2024-01-02,2024,1,697,0,2,72,0.0,0.1033,3.48,698,0,0,83,0.0,0.1189,-5.25,21.81,13.44,1610.0,11.0,851.0,0,1287.0
ORD,2024-01-03,2024,1,700,1,1,116,0.0014,0.166,8.12,700,1,0,114,0.0014,0.1631,1.24,24.74,14.15,2543.0,46.0,1459.0,21.0,2330.0
ORD,2024-01-04,2024,1,676,0,2,76,0.0,0.1124,4.16,676,1,0,63,0.0015,0.0933,-3.76,20.34,12.8,1580.0,0,644.0,0,1563.0
ORD,2024-01-05,2024,1,668,1,1,75,0.0015,0.1124,2.4,669,0,0,79,0.0,0.1181,-4.99,20.94,13.21,1398.0,75.0,773.0,10.0,1156.0
ORD,2024-01-06,2024,1,641,25,3,232,0.039,0.3766,26.3,643,24,1,232,0.0373,0.3748,18.15,44.36,16.9,5311.0,2361.0,10447.0,24.0,7330.0
ORD,2024-01-07,2024,1,697,22,2,148,0.0316,0.2193,13.23,701,31,0,175,0.0442,0.2612,11.46,21.88,13.9,4547.0,22.0,1599.0,0,3315.0
ORD,2024-01-08,2024,1,690,25,8,153,0.0362,0.2301,16.29,677,30,1,149,0.0443,0.2303,15.55,21.97,13.77,4485.0,288.0,2472.0,0,4978.0
ORD,2024-01-09,2024,1,635,99,12,297,0.1559,0.5541,52.75,642,83,3,298,0.1293,0.5331,69.24,44.17,19.96,6612.0,7853.0,12534.0,15.0,12048.0
ORD,2024-01-10,2024,1,637,24,0,123,0.0377,0.2007,9.89,638,45,1,127,0.0705,0.2142,5.54,24.35,13.54,2603.0,482.0,1891.0,0,2853.0
ORD,2024-01-11,2024,1,681,23,2,103,0.0338,0.1565,7.71,679,28,0,103,0.0412,0.1582,0.51,23.17,14.28,2167.0,13.0,1826.0,23.0,2769.0
ORD,2024-01-12,2024,1,687,334,5,269,0.4862,0.762,99.68,687,326,10,261,0.4745,0.723,98.97,38.35,17.64,7017.0,7926.0,7416.0,0,17583.0
ORD,2024-01-13,2024,1,579,73,4,307,0.1261,0.6067,57.11,581,80,0,259,0.1377,0.517,46.02,44.6,22.89,8130.0,6745.0,10610.0,0,12552.0
ORD,2024-01-14,2024,1,613,124,4,375,0.2023,0.7669,109.25,611,108,4,286,0.1768,0.5686,58.92,23.37,30.06,15450.0,15164.0,3690.0,0,18107.0
ORD,2024-01-15,2024,1,666,154,4,428,0.2312,0.8359,101.1,669,164,1,301,0.2451,0.596,76.46,20.18,18.42,16644.0,13777.0,2868.0,103.0,16141.0
ORD,2024-01-16,2024,1,634,93,0,368,0.1467,0.6802,74.18,633,107,1,312,0.169,0.5932,65.67,19.38,13.55,15494.0,5469.0,2516.0,0,12910.0
ORD,2024-01-17,2024,1,641,25,7,210,0.039,0.3409,26.91,641,39,0,168,0.0608,0.2791,21.25,18.63,11.65,5287.0,1167.0,590.0,0,6363.0
ORD,2024-01-18,2024,1,684,32,3,154,0.0468,0.2362,16.63,682,32,0,140,0.0469,0.2154,5.77,23.89,13.86,2866.0,805.0,1876.0,0,6100.0
ORD,2024-01-19,2024,1,691,31,2,327,0.0449,0.4955,40.12,690,38,1,304,0.0551,0.4663,31.98,34.12,16.44,6066.0,2960.0,8502.0,0,13571.0
ORD,2024-01-20,2024,1,580,18,0,119,0.031,0.2117,13.45,581,17,0,108,0.0293,0.1915,8.49,18.91,12.68,2690.0,244.0,339.0,0,3819.0
ORD,2024-01-21,2024,1,672,23,1,121,0.0342,0.1864,9.71,670,16,2,115,0.0239,0.1758,4.03,19.35,12.8,2012.0,267.0,677.0,0,3216.0
ORD,2024-01-22,2024,1,666,75,0,130,0.1126,0.22,15.49,669,84,0,135,0.1256,0.2308,12.11,31.58,14.51,3643.0,386.0,4490.0,0,4567.0
ORD,2024-01-23,2024,1,633,74,1,234,0.1169,0.4186,36.58,632,74,0,260,0.1171,0.4659,39.18,24.8,14.62,3447.0,4622.0,2232.0,0,10073.0
ORD,2024-01-24,2024,1,640,37,10,172,0.0578,0.2852,19.73,640,33,7,182,0.0516,0.2998,14.59,29.33,15.27,3437.0,1381.0,3736.0,34.0,5857.0
ORD,2024-01-25,2024,1,685,48,4,214,0.0701,0.3359,22.94,683,62,7,190,0.0908,0.306,24.95,24.45,15.77,4337.0,2141.0,1860.0,0,6769.0
ORD,2024-01-26,2024,1,692,28,3,151,0.0405,0.2274,12.83,690,21,1,134,0.0304,0.2003,6.77,26.33,14.13,2496.0,1003.0,1891.0,12.0,4297.0
ORD,2024-01-27,2024,1,578,21,1,77,0.0363,0.1382,6.8,580,28,1,78,0.0483,0.1413,2.13,24.78,15.3,1755.0,357.0,1135.0,0,2149.0
ORD,2024-01-28,2024,1,674,4,1,108,0.0059,0.1612,7.41,673,3,2,93,0.0045,0.1388,-2.88,22.01,13.0,1574.0,853.0,875.0,0,2861.0
ORD,2024-01-29,2024,1,662,1,0,82,0.0015,0.1241,4.45,665,0,0,78,0.0,0.1173,-1.19,18.77,12.78,1555.0,484.0,286.0,0,1426.0
ORD,2024-01-30,2024,1,629,4,1,56,0.0064,0.0896,1.72,628,2,0,50,0.0032,0.0799,-10.62,18.46,13.03,1736.0,617.0,337.0,0,654.0
ORD,2024-01-31,2024,1,636,1,0,40,0.0016,0.063,0.32,636,2,0,43,0.0031,0.0678,-9.58,18.9,12.06,672.0,66.0,197.0,1021.0,385.0
ORD,2024-06-01,2024,6,751,24,2,204,0.032,0.2806,17.58,754,22,1,175,0.0292,0.2391,14.87,23.87,15.63,6382.0,143.0,1860.0,37.0,4769.0
ORD,2024-06-02,2024,6,799,13,2,244,0.0163,0.3104,22.72,793,20,0,192,0.0252,0.2484,12.62,23.15,16.06,6098.0,20.0,2867.0,16.0,8819.0
ORD,2024-06-03,2024,6,829,4,2,193,0.0048,0.2339,12.57,830,7,2,169,0.0084,0.2053,8.84,25.63,14.77,4721.0,17.0,2871.0,0,4684.0
ORD,2024-06-04,2024,6,794,2,5,196,0.0025,0.2475,29.25,797,2,2,196,0.0025,0.2465,12.68,31.1,19.27,6753.0,6493.0,8773.0,3.0,7744.0
ORD,2024-06-05,2024,6,822,12,5,257,0.0146,0.3173,21.69,822,12,0,227,0.0146,0.2802,17.97,25.65,16.62,5426.0,632.0,5358.0,17.0,8048.0
ORD,2024-06-06,2024,6,828,7,1,251,0.0085,0.3057,23.06,826,5,0,208,0.0061,0.2533,14.31,25.01,15.96,5991.0,120.0,2888.0,0,9812.0
ORD,2024-06-07,2024,6,827,0,3,159,0.0,0.1923,9.87,828,4,2,146,0.0048,0.1772,4.11,23.89,15.08,3433.0,35.0,1494.0,0,3705.0
ORD,2024-06-08,2024,6,760,4,1,164,0.0053,0.2169,12.03,765,2,1,122,0.0026,0.1599,2.03,23.39,15.7,3157.0,10.0,1689.0,32.0,5006.0
ORD,2024-06-09,2024,6,802,2,1,200,0.0025,0.25,15.65,797,2,0,146,0.0025,0.1836,6.16,24.28,14.72,4515.0,28.0,2492.0,0,6163.0
ORD,2024-06-10,2024,6,825,0,2,183,0.0,0.2218,15.49,828,2,0,144,0.0024,0.1743,5.03,22.65,17.64,5278.0,63.0,856.0,113.0,6064.0
ORD,2024-06-11,2024,6,806,2,4,147,0.0025,0.1828,8.92,807,3,0,122,0.0037,0.1517,-0.83,22.51,14.36,2729.0,130.0,1157.0,0,4082.0
ORD,2024-06-12,2024,6,825,23,1,180,0.0279,0.2244,16.48,821,21,0,156,0.0256,0.195,4.88,22.77,14.69,5881.0,523.0,1838.0,0,6030.0
ORD,2024-06-13,2024,6,833,22,4,249,0.0264,0.307,22.25,832,22,1,240,0.0264,0.2963,14.04,26.82,14.18,4734.0,1701.0,4271.0,9.0,8917.0
ORD,2024-06-14,2024,6,832,9,2,225,0.0108,0.2734,20.06,832,11,1,204,0.0132,0.2485,14.87,23.55,15.91,5164.0,41.0,4135.0,0,6836.0
ORD,2024-06-15,2024,6,761,6,1,148,0.0079,0.196,11.66,766,6,1,135,0.0078,0.1776,5.49,21.95,15.78,4202.0,73.0,1017.0,0,3395.0
ORD,2024-06-16,2024,6,808,24,4,306,0.0297,0.3903,36.71,803,27,3,283,0.0336,0.3647,29.96,22.43,14.07,6413.0,715.0,3430.0,1.0,17551.0
ORD,2024-06-17,2024,6,829,0,5,233,0.0,0.2811,17.42,832,2,4,190,0.0024,0.2289,10.17,23.38,14.09,5962.0,158.0,1832.0,0,6016.0
ORD,2024-06-18,2024,6,807,1,3,182,0.0012,0.2258,11.57,808,1,3,156,0.0012,0.1933,2.66,23.21,15.09,3843.0,127.0,2311.0,0,4640.0
ORD,2024-06-19,2024,6,825,4,0,197,0.0048,0.24,15.84,821,2,4,157,0.0024,0.1917,2.87,27.46,15.22,4579.0,399.0,4413.0,0,7669.0
ORD,2024-06-20,2024,6,832,10,2,296,0.012,0.3601,24.48,831,10,11,244,0.012,0.2972,20.24,25.08,16.0,5956.0,955.0,3183.0,0,11610.0
ORD,2024-06-21,2024,6,831,4,1,221,0.0048,0.2672,18.92,832,8,0,169,0.0096,0.2051,7.94,23.77,15.51,5043.0,0,2679.0,0,9001.0
ORD,2024-06-22,2024,6,761,9,4,183,0.0118,0.2434,19.26,764,7,15,158,0.0092,0.2087,12.57,22.19,14.01,4958.0,1040.0,4564.0,0,5633.0
ORD,2024-06-23,2024,6,807,8,1,261,0.0099,0.3267,27.17,803,13,1,215,0.0162,0.2722,19.66,22.19,13.52,6169.0,1939.0,3462.0,31.0,9034.0
ORD,2024-06-24,2024,6,829,5,0,283,0.006,0.3434,22.69,831,4,3,199,0.0048,0.2406,14.27,24.62,16.26,5937.0,1379.0,3412.0,16.0,8392.0
ORD,2024-06-25,2024,6,808,107,3,580,0.1324,0.8274,119.7,809,100,29,532,0.1236,0.7504,119.44,38.35,18.39,16050.0,18184.0,16227.0,0,43036.0
ORD,2024-06-26,2024,6,820,10,4,286,0.0122,0.3531,25.78,821,12,3,262,0.0146,0.3239,22.37,24.61,15.2,6879.0,518.0,4161.0,56.0,9754.0
ORD,2024-06-27,2024,6,814,5,1,233,0.0061,0.288,17.95,812,7,0,214,0.0086,0.2658,11.9,23.2,16.91,5396.0,37.0,2073.0,29.0,6692.0
ORD,2024-06-28,2024,6,813,0,0,210,0.0,0.2583,17.28,812,0,1,190,0.0,0.234,8.81,23.64,16.12,6097.0,32.0,1993.0,13.0,6294.0
ORD,2024-06-29,2024,6,745,1,2,240,0.0013,0.3226,23.14,749,2,0,215,0.0027,0.2878,11.56,23.06,14.11,7994.0,208.0,2507.0,13.0,6322.0
ORD,2024-06-30,2024,6,784,32,6,259,0.0408,0.3444,31.0,783,28,0,243,0.0358,0.3219,21.87,22.67,16.55,7884.0,324.0,3550.0,15.0,9831.0
ORD,2024-12-01,2024,12,873,3,1,255,0.0034,0.2931,21.44,873,3,1,236,0.0034,0.2713,12.55,21.26,15.75,5335.0,610.0,1447.0,8.0,9272.0
ORD,2024-12-02,2024,12,827,2,1,187,0.0024,0.2267,18.5,809,2,0,199,0.0025,0.2466,13.31,23.41,14.57,5909.0,1749.0,1694.0,43.0,6002.0
ORD,2024-12-03,2024,12,681,2,0,112,0.0029,0.1649,7.67,681,3,0,112,0.0044,0.1652,4.21,21.38,14.36,2765.0,148.0,373.0,0,1714.0
ORD,2024-12-04,2024,12,676,4,1,141,0.0059,0.2098,14.34,683,2,2,189,0.0029,0.2775,11.02,26.32,16.04,4957.0,858.0,3529.0,7.0,2919.0
ORD,2024-12-05,2024,12,743,1,0,186,0.0013,0.2507,15.4,741,2,0,180,0.0027,0.2436,13.6,24.91,16.08,3856.0,1023.0,3312.0,0,2909.0
ORD,2024-12-06,2024,12,751,0,1,144,0.0,0.1917,10.13,750,0,0,167,0.0,0.2227,7.61,24.49,17.27,1632.0,1211.0,1294.0,0,2690.0
ORD,2024-12-07,2024,12,621,0,1,97,0.0,0.1562,7.46,622,0,0,88,0.0,0.1415,0.35,20.05,14.48,1877.0,45.0,462.0,0,1878.0
ORD,2024-12-08,2024,12,747,0,1,97,0.0,0.1299,5.26,747,0,0,82,0.0,0.1098,-5.42,20.48,14.94,2265.0,0,468.0,0,1725.0
ORD,2024-12-09,2024,12,716,0,3,63,0.0,0.088,4.03,716,1,0,61,0.0014,0.0853,-7.01,19.57,14.05,2565.0,481.0,892.0,12.0,937.0
ORD,2024-12-10,2024,12,674,1,3,96,0.0015,0.1426,4.57,672,0,0,94,0.0,0.1399,-3.36,25.22,15.5,2473.0,113.0,2944.0,0,1618.0
ORD,2024-12-11,2024,12,685,1,3,133,0.0015,0.1944,10.52,685,2,0,150,0.0029,0.2196,4.21,28.66,15.46,2532.0,725.0,6414.0,0,2202.0
ORD,2024-12-12,2024,12,751,4,0,186,0.0053,0.249,15.25,752,3,0,202,0.004,0.2697,11.0,25.14,16.42,3344.0,570.0,2099.0,0,5964.0
ORD,2024-12-13,2024,12,758,4,1,144,0.0053,0.191,10.35,759,4,1,175,0.0053,0.2318,6.17,22.17,18.35,2696.0,65.0,970.0,0,3584.0
ORD,2024-12-14,2024,12,625,10,1,84,0.016,0.1366,8.55,627,10,0,117,0.0159,0.1896,5.41,22.17,18.38,2833.0,4.0,917.0,0,2173.0
ORD,2024-12-15,2024,12,757,18,2,124,0.0238,0.1678,14.81,753,19,1,138,0.0252,0.188,9.97,26.37,16.71,2805.0,3188.0,1416.0,0,5065.0
ORD,2024-12-16,2024,12,725,5,3,99,0.0069,0.1375,8.37,723,9,0,100,0.0124,0.1401,3.44,23.05,14.59,3188.0,700.0,2522.0,0,2197.0
ORD,2024-12-17,2024,12,687,3,1,59,0.0044,0.0863,2.35,688,4,0,58,0.0058,0.0848,-7.24,20.17,14.71,1517.0,0,368.0,0,1310.0
ORD,2024-12-18,2024,12,700,3,1,80,0.0043,0.1148,7.05,709,3,0,100,0.0042,0.1416,-0.98,22.69,15.43,2866.0,769.0,1095.0,0,1962.0
ORD,2024-12-19,2024,12,807,17,5,259,0.0211,0.3278,36.37,790,8,0,238,0.0101,0.3043,14.32,38.65,23.08,8399.0,13135.0,9403.0,0,6540.0
ORD,2024-12-20,2024,12,808,6,1,440,0.0074,0.5486,39.48,804,18,0,444,0.0224,0.5649,42.31,33.02,20.08,6698.0,2920.0,6952.0,0,14973.0
ORD,2024-12-21,2024,12,732,4,0,210,0.0055,0.2885,19.39,734,4,1,181,0.0054,0.2479,15.62,22.41,13.68,2942.0,713.0,1213.0,0,6222.0
ORD,2024-12-22,2024,12,796,3,2,153,0.0038,0.1929,10.16,796,3,0,130,0.0038,0.1639,1.02,22.48,15.66,2536.0,78.0,755.0,5.0,3135.0
ORD,2024-12-23,2024,12,798,0,1,127,0.0,0.1591,8.88,799,1,1,129,0.0013,0.1617,2.38,21.61,15.8,3055.0,656.0,688.0,133.0,1884.0
ORD,2024-12-24,2024,12,570,1,4,170,0.0018,0.2988,25.78,580,4,0,163,0.0069,0.283,15.79,20.59,14.48,4310.0,1374.0,1214.0,0,5725.0
ORD,2024-12-25,2024,12,590,1,3,61,0.0017,0.1036,2.66,582,0,0,55,0.0,0.0945,-7.2,21.4,14.98,1569.0,85.0,225.0,0,477.0
ORD,2024-12-26,2024,12,800,17,6,188,0.0213,0.2401,15.16,799,16,1,170,0.02,0.2171,8.14,27.69,18.36,3125.0,1676.0,3373.0,0,4931.0
ORD,2024-12-27,2024,12,795,5,6,259,0.0063,0.3278,22.96,796,11,1,223,0.0138,0.2841,20.87,30.68,19.49,3843.0,2022.0,4859.0,0,8893.0
ORD,2024-12-28,2024,12,733,5,5,201,0.0068,0.2761,18.6,735,5,2,146,0.0068,0.2,12.5,23.87,14.03,3231.0,781.0,5436.0,0,4907.0
ORD,2024-12-29,2024,12,793,9,5,303,0.0113,0.3865,31.07,791,11,1,226,0.0139,0.2897,25.66,25.41,16.82,5448.0,1661.0,5215.0,8.0,12000.0
ORD,2024-12-30,2024,12,797,1,4,192,0.0013,0.2412,17.48,797,5,1,129,0.0063,0.1629,0.82,22.1,15.0,5151.0,524.0,1060.0,0,6029.0
ORD,2024-12-31,2024,12,652,4,7,81,0.0061,0.125,7.71,659,5,0,72,0.0076,0.1101,-3.52,22.39,15.15,3269.0,43.0,600.0,0,1779.0
PIT,2016-01-01,2016,1,49,0,0,3,0.0,0.0612,0.55,55,0,0,8,0.0,0.1455,-2.87,15.57,5.62,67.0,0,9.0,0,0
PIT,2016-01-02,2016,1,62,0,0,14,0.0,0.2258,8.5,59,0,0,14,0.0,0.2373,5.98,11.34,5.41,72.0,0,0,0,185.0
PIT,2016-01-03,2016,1,72,0,0,9,0.0,0.125,3.44,72,0,0,12,0.0,0.1667,0.93,16.75,6.29,55.0,0,54.0,0,154.0
PIT,2016-01-04,2016,1,64,0,0,9,0.0,0.1406,8.81,63,0,0,7,0.0,0.1111,7.11,21.52,6.44,108.0,0,166.0,0,302.0
PIT,2016-01-05,2016,1,62,0,0,3,0.0,0.0484,1.42,61,0,0,8,0.0,0.1311,-2.69,14.1,4.21,29.0,146.0,0,0,48.0
PIT,2016-01-06,2016,1,63,0,0,4,0.0,0.0635,19.37,63,1,0,5,0.0159,0.0806,-7.4,14.84,5.0,1323.0,0,55.0,0,64.0
PIT,2016-01-07,2016,1,65,0,1,1,0.0,0.0154,-3.48,65,0,0,4,0.0,0.0615,-6.06,15.65,4.97,0,0,25.0,0,0
PIT,2016-01-08,2016,1,68,1,1,4,0.0147,0.0597,-2.0,68,1,0,8,0.0147,0.1194,1.46,12.3,5.46,0,44.0,86.0,0,43.0
PIT,2016-01-09,2016,1,49,0,0,4,0.0,0.0816,0.82,48,0,0,9,0.0,0.1875,1.1,12.59,5.77,54.0,27.0,15.0,0,44.0
PIT,2016-01-10,2016,1,57,0,0,13,0.0,0.2281,14.67,58,0,0,19,0.0,0.3276,15.93,20.39,6.55,29.0,70.0,242.0,0,771.0
PIT,2016-01-11,2016,1,63,0,0,5,0.0,0.0794,1.29,63,0,0,11,0.0,0.1746,-0.4,16.0,5.43,0,0,27.0,0,197.0
PIT,2016-01-12,2016,1,62,1,0,8,0.0161,0.1311,6.79,62,1,2,6,0.0161,0.0984,-0.53,36.44,7.25,119.0,0,355.0,0,404.0
PIT,2016-01-13,2016,1,63,0,0,5,0.0,0.0794,-0.27,63,0,0,9,0.0,0.1429,0.05,18.86,6.3,18.0,0,2.0,0,39.0
PIT,2016-01-14,2016,1,66,1,0,5,0.0152,0.0769,0.55,66,1,0,7,0.0152,0.1077,-3.97,16.78,5.62,43.0,0,0,0,46.0
PIT,2016-01-15,2016,1,64,0,0,7,0.0,0.1094,6.19,64,0,0,9,0.0,0.1406,4.78,12.77,5.91,206.0,0,0,0,337.0
PIT,2016-01-16,2016,1,52,0,0,5,0.0,0.0962,1.25,50,0,0,5,0.0,0.1,-4.3,18.02,5.8,0,71.0,150.0,0,52.0
PIT,2016-01-17,2016,1,52,0,0,5,0.0,0.0962,-0.19,55,0,0,7,0.0,0.1273,-4.13,21.67,6.69,9.0,0,56.0,0,112.0
PIT,2016-01-18,2016,1,64,1,0,14,0.0156,0.2222,12.76,63,0,0,15,0.0,0.2381,10.03,18.46,5.76,287.0,5.0,84.0,0,370.0
PIT,2016-01-19,2016,1,63,0,0,9,0.0,0.1429,3.71,63,0,0,9,0.0,0.1429,-2.06,17.03,6.29,92.0,0,0,0,189.0
PIT,2016-01-20,2016,1,64,0,0,7,0.0,0.1094,-0.25,64,0,0,8,0.0,0.125,-1.86,22.86,6.16,35.0,51.0,110.0,0,78.0
PIT,2016-01-21,2016,1,66,1,0,6,0.0152,0.0923,1.15,66,0,0,11,0.0,0.1667,-0.12,20.09,6.15,48.0,0,58.0,0,182.0
PIT,2016-01-22,2016,1,65,12,1,8,0.1846,0.1509,5.19,66,12,0,13,0.1818,0.2407,14.87,20.85,5.5,71.0,0,279.0,0,135.0
PIT,2016-01-23,2016,1,51,10,0,12,0.1961,0.2927,29.68,49,10,2,10,0.2041,0.2564,13.84,32.27,6.64,564.0,524.0,272.0,0,14.0
PIT,2016-01-24,2016,1,56,3,0,9,0.0536,0.1698,17.0,57,4,0,10,0.0702,0.1887,9.49,17.0,5.6,589.0,0,51.0,0,253.0
PIT,2016-01-25,2016,1,64,2,0,3,0.0312,0.0484,-0.26,64,2,0,10,0.0312,0.1613,-2.1,12.85,5.16,79.0,0,0,0,0
PIT,2016-01-26,2016,1,62,2,0,6,0.0323,0.1,1.37,62,2,0,5,0.0323,0.0833,-0.38,11.3,5.38,225.0,0,26.0,0,0
PIT,2016-01-27,2016,1,63,0,0,4,0.0,0.0635,-1.62,63,0,0,6,0.0,0.0952,-4.63,15.06,5.41,61.0,0,59.0,0,48.0
PIT,2016-01-28,2016,1,66,0,0,2,0.0,0.0303,-3.39,66,0,0,6,0.0,0.0909,-5.11,14.18,5.17,0,0,15.0,0,0
PIT,2016-01-29,2016,1,64,0,0,4,0.0,0.0625,-2.2,64,0,0,5,0.0,0.0781,-4.06,20.09,5.89,0,0,20.0,0,0
PIT,2016-01-30,2016,1,50,0,0,0,0.0,0.0,-4.64,50,0,0,1,0.0,0.02,-10.24,11.92,5.22,0,0,0,0,0
PIT,2016-01-31,2016,1,56,0,0,2,0.0,0.0357,-4.38,56,0,0,4,0.0,0.0714,-5.8,11.88,5.3,0,0,19.0,0,0
PIT,2017-01-01,2017,1,61,0,1,9,0.0,0.1475,14.33,61,0,0,5,0.0,0.082,-2.64,15.23,5.31,636.0,0,44.0,0,342.0
PIT,2017-01-02,2017,1,73,2,0,19,0.0274,0.2676,14.97,72,2,0,20,0.0278,0.2857,12.47,11.77,5.43,336.0,0,112.0,0,650.0
PIT,2017-01-03,2017,1,67,2,0,20,0.0299,0.3077,13.88,68,2,0,15,0.0294,0.2273,5.56,11.75,6.17,339.0,103.0,214.0,0,197.0
PIT,2017-01-04,2017,1,66,0,0,7,0.0,0.1061,2.91,66,0,0,14,0.0,0.2121,3.67,11.62,5.56,23.0,0,27.0,0,273.0
PIT,2017-01-05,2017,1,66,0,0,8,0.0,0.1212,1.83,66,1,0,12,0.0152,0.1846,6.4,24.26,7.71,151.0,45.0,542.0,0,88.0
PIT,2017-01-06,2017,1,67,3,0,12,0.0448,0.1875,19.3,68,4,0,16,0.0588,0.25,7.2,20.67,6.67,877.0,0,276.0,0,427.0
PIT,2017-01-07,2017,1,56,6,0,10,0.1071,0.2,8.54,56,4,0,25,0.0714,0.4808,28.44,13.22,6.58,71.0,0,197.0,0,222.0
PIT,2017-01-08,2017,1,67,0,0,18,0.0,0.2687,18.78,67,0,0,27,0.0,0.403,14.61,16.25,6.04,559.0,0,49.0,0,370.0
PIT,2017-01-09,2017,1,72,1,0,12,0.0139,0.169,7.31,72,1,0,20,0.0139,0.2817,7.85,14.86,5.58,81.0,0,360.0,0,70.0
PIT,2017-01-10,2017,1,69,2,0,13,0.029,0.194,10.87,69,1,0,11,0.0145,0.1618,2.03,28.34,6.47,289.0,0,744.0,0,343.0
PIT,2017-01-11,2017,1,72,0,0,5,0.0,0.0694,-0.24,72,0,0,8,0.0,0.1111,0.68,11.99,5.5,25.0,0,342.0,0,140.0
PIT,2017-01-12,2017,1,74,2,0,13,0.027,0.1806,6.04,74,1,0,13,0.0135,0.1781,-1.41,12.62,6.42,48.0,130.0,202.0,0,332.0
PIT,2017-01-13,2017,1,75,0,0,8,0.0,0.1067,6.96,75,0,0,10,0.0,0.1333,-3.56,12.81,5.63,414.0,0,66.0,0,201.0
PIT,2017-01-14,2017,1,51,1,0,5,0.0196,0.1,2.72,50,1,0,6,0.02,0.1224,-3.86,14.44,4.96,175.0,0,0,0,61.0
PIT,2017-01-15,2017,1,60,0,1,1,0.0,0.0167,-4.33,62,0,0,6,0.0,0.0968,-4.63,14.9,5.31,0,0,0,0,0
PIT,2017-01-16,2017,1,75,0,0,12,0.0,0.16,2.43,74,0,0,18,0.0,0.2432,5.0,14.41,4.76,68.0,0,130.0,0,215.0
PIT,2017-01-17,2017,1,69,0,0,6,0.0,0.087,-3.0,69,0,0,8,0.0,0.1159,-5.81,12.07,5.09,0,15.0,52.0,0,0
PIT,2017-01-18,2017,1,70,0,0,5,0.0,0.0714,-0.11,70,0,0,7,0.0,0.1,-3.46,12.44,5.6,138.0,0,106.0,0,83.0
PIT,2017-01-19,2017,1,73,0,0,7,0.0,0.0959,1.79,73,0,0,4,0.0,0.0548,-7.93,11.93,5.42,15.0,0,118.0,0,192.0
PIT,2017-01-20,2017,1,75,0,0,8,0.0,0.1067,3.88,75,0,0,9,0.0,0.12,3.53,12.83,5.37,1.0,0,80.0,0,420.0
PIT,2017-01-21,2017,1,54,0,1,9,0.0,0.1667,6.13,53,0,0,12,0.0,0.2264,6.02,12.96,5.51,139.0,0,39.0,0,291.0
PIT,2017-01-22,2017,1,66,1,2,19,0.0152,0.2923,21.98,68,4,0,22,0.0588,0.3438,29.47,13.12,4.94,238.0,74.0,580.0,0,667.0
PIT,2017-01-23,2017,1,76,5,1,14,0.0658,0.1972,12.37,75,2,0,17,0.0267,0.2329,11.45,19.15,4.96,136.0,105.0,441.0,0,433.0
PIT,2017-01-24,2017,1,70,1,0,8,0.0143,0.1159,3.19,70,0,0,3,0.0,0.0429,-7.13,13.55,6.13,198.0,0,289.0,0,80.0
PIT,2017-01-25,2017,1,72,0,0,4,0.0,0.0556,-3.04,72,0,0,5,0.0,0.0694,-8.83,11.75,5.6,0,0,0,0,0
PIT,2017-01-26,2017,1,74,0,0,7,0.0,0.0946,1.41,74,0,0,5,0.0,0.0676,-7.86,14.62,6.27,208.0,0,123.0,0,19.0
PIT,2017-01-27,2017,1,74,0,0,5,0.0,0.0676,-0.96,74,0,0,9,0.0,0.1216,-1.34,26.61,6.04,71.0,0,179.0,0,119.0
PIT,2017-01-28,2017,1,52,0,0,3,0.0,0.0577,1.75,51,0,0,4,0.0,0.0784,-1.84,18.25,5.96,182.0,0,33.0,0,24.0
PIT,2017-01-29,2017,1,66,0,0,6,0.0,0.0909,4.2,68,1,0,9,0.0147,0.1343,4.48,18.85,5.78,472.0,0,155.0,0,10.0
PIT,2017-01-30,2017,1,76,1,0,7,0.0132,0.0933,0.48,75,1,0,5,0.0133,0.0676,-3.28,26.99,6.36,19.0,0,385.0,0,66.0
PIT,2017-01-31,2017,1,69,1,0,5,0.0145,0.0735,2.09,69,1,0,6,0.0145,0.0882,-2.07,19.71,5.9,16.0,0,39.0,0,300.0
PIT,2018-01-01,2018,1,113,0,0,21,0.0,0.1858,9.46,112,1,0,38,0.0089,0.3423,12.18,21.68,6.64,167.0,82.0,422.0,0,805.0
PIT,2018-01-02,2018,1,128,1,0,31,0.0078,0.2441,13.76,129,0,1,42,0.0,0.3256,13.88,19.13,6.31,1016.0,68.0,196.0,8.0,391.0
PIT,2018-01-03,2018,1,121,2,0,28,0.0165,0.2353,13.77,121,0,0,35,0.0,0.2893,14.73,16.66,6.08,510.0,1.0,111.0,0,820.0
PIT,2018-01-04,2018,1,124,28,0,17,0.2258,0.1771,9.71,125,29,0,21,0.232,0.2188,6.54,22.27,6.52,520.0,27.0,158.0,0,292.0
PIT,2018-01-05,2018,1,126,8,0,25,0.0635,0.2119,29.95,126,10,0,29,0.0794,0.25,23.37,16.11,6.6,397.0,784.0,607.0,0,2071.0
PIT,2018-01-06,2018,1,107,1,0,23,0.0093,0.217,8.75,106,3,0,30,0.0283,0.2913,10.89,19.27,6.04,501.0,36.0,220.0,0,415.0
PIT,2018-01-07,2018,1,125,4,0,29,0.032,0.2397,15.88,124,4,0,28,0.0323,0.2333,7.52,16.71,5.4,576.0,184.0,403.0,0,652.0
PIT,2018-01-08,2018,1,130,6,1,35,0.0462,0.2823,26.51,128,5,0,38,0.0391,0.3089,19.14,24.86,6.6,1135.0,49.0,696.0,0,1874.0
PIT,2018-01-09,2018,1,122,2,0,24,0.0164,0.2,25.39,123,3,1,21,0.0244,0.175,2.27,15.43,5.3,1079.0,129.0,1368.0,0,646.0
PIT,2018-01-10,2018,1,128,1,1,13,0.0078,0.1024,1.46,128,0,0,13,0.0,0.1016,-6.97,16.96,4.62,235.0,0,278.0,0,171.0
PIT,2018-01-11,2018,1,131,1,1,13,0.0076,0.1,2.09,130,3,0,17,0.0231,0.1339,0.52,13.89,5.59,163.0,43.0,209.0,0,403.0
PIT,2018-01-12,2018,1,131,15,1,41,0.1145,0.3534,19.41,132,19,0,60,0.1439,0.531,28.08,20.9,8.79,387.0,30.0,1037.0,0,1175.0
PIT,2018-01-13,2018,1,94,3,0,27,0.0319,0.2967,12.88,93,0,0,16,0.0,0.172,3.24,29.54,9.39,257.0,610.0,881.0,0,230.0
PIT,2018-01-14,2018,1,109,2,0,9,0.0183,0.0841,1.3,110,0,0,11,0.0,0.1,-6.12,17.85,7.37,336.0,0,151.0,0,92.0
PIT,2018-01-15,2018,1,129,3,0,30,0.0233,0.2381,12.44,128,3,0,39,0.0234,0.312,13.29,28.22,8.46,499.0,46.0,1232.0,0,982.0
PIT,2018-01-16,2018,1,122,9,0,19,0.0738,0.1681,10.52,123,6,0,28,0.0488,0.2393,11.19,34.38,7.85,552.0,35.0,803.0,0,757.0
PIT,2018-01-17,2018,1,128,14,0,36,0.1094,0.3158,21.25,128,15,0,45,0.1172,0.3982,24.55,23.68,6.14,439.0,16.0,1223.0,0,1090.0
PIT,2018-01-18,2018,1,131,6,0,27,0.0458,0.216,15.54,130,5,0,20,0.0385,0.16,1.66,18.48,6.42,871.0,92.0,385.0,0,560.0
PIT,2018-01-19,2018,1,131,0,0,14,0.0,0.1069,0.52,132,0,0,11,0.0,0.0833,-7.35,15.92,6.17,81.0,3.0,241.0,0,127.0
PIT,2018-01-20,2018,1,95,0,1,4,0.0,0.0421,-3.27,95,0,0,6,0.0,0.0632,-10.34,12.29,5.79,0,0,23.0,0,121.0
PIT,2018-01-21,2018,1,118,0,1,10,0.0,0.0847,1.16,118,1,0,13,0.0085,0.1111,-6.37,14.68,5.61,204.0,72.0,401.0,0,119.0
PIT,2018-01-22,2018,1,130,5,2,7,0.0385,0.056,-1.91,129,4,0,11,0.031,0.088,-6.04,13.57,5.82,0,0,129.0,0,277.0
PIT,2018-01-23,2018,1,122,1,0,20,0.0082,0.1653,9.69,123,1,0,19,0.0081,0.1557,2.68,16.26,5.84,655.0,0,573.0,0,676.0
PIT,2018-01-24,2018,1,128,0,0,8,0.0,0.0625,-0.21,128,0,0,6,0.0,0.0469,-8.28,28.2,6.57,305.0,23.0,253.0,0,206.0
PIT,2018-01-25,2018,1,131,1,0,12,0.0076,0.0923,3.95,130,0,0,15,0.0,0.1154,-4.75,19.35,6.08,411.0,0,214.0,0,290.0
PIT,2018-01-26,2018,1,131,0,0,13,0.0,0.0992,1.33,132,0,0,10,0.0,0.0758,-8.02,15.68,5.53,186.0,0,228.0,0,297.0
PIT,2018-01-27,2018,1,95,1,0,3,0.0105,0.0319,-4.57,95,0,0,3,0.0,0.0316,-14.13,12.16,5.2,31.0,0,31.0,0,37.0
PIT,2018-01-28,2018,1,118,0,1,8,0.0,0.0678,-0.78,118,0,0,9,0.0,0.0763,-5.45,12.88,5.23,10.0,0,166.0,0,352.0
PIT,2018-01-29,2018,1,130,0,0,12,0.0,0.0923,0.39,129,0,0,18,0.0,0.1395,-0.16,15.93,5.89,50.0,0,258.0,0,346.0
PIT,2018-01-30,2018,1,122,1,0,16,0.0082,0.1322,5.04,123,2,0,23,0.0163,0.1901,2.98,31.8,6.77,164.0,0,794.0,0,680.0
PIT,2018-01-31,2018,1,130,0,0,4,0.0,0.0308,-4.01,130,0,0,6,0.0,0.0462,-11.49,15.65,5.13,0,0,71.0,0,100.0
PIT,2019-01-01,2019,1,112,1,0,13,0.0089,0.1171,3.77,109,1,0,23,0.0092,0.213,2.6,11.73,5.95,101.0,0,124.0,0,539.0
PIT,2019-01-02,2019,1,130,0,0,20,0.0,0.1538,6.25,131,0,0,32,0.0,0.2443,15.73,14.48,4.73,239.0,0,296.0,0,748.0
PIT,2019-01-03,2019,1,123,0,2,23,0.0,0.187,11.24,123,0,0,21,0.0,0.1707,-0.81,13.05,5.74,1061.0,0,81.0,0,260.0
PIT,2019-01-04,2019,1,123,0,0,8,0.0,0.065,-1.55,124,0,0,12,0.0,0.0968,-6.52,15.41,4.62,17.0,0,168.0,0,171.0
PIT,2019-01-05,2019,1,105,0,0,12,0.0,0.1143,6.87,107,0,0,12,0.0,0.1121,-3.22,12.28,5.77,281.0,0,429.0,0,295.0
PIT,2019-01-06,2019,1,128,0,0,15,0.0,0.1172,1.3,126,0,0,21,0.0,0.1667,3.05,12.78,5.29,45.0,21.0,401.0,0,128.0
PIT,2019-01-07,2019,1,140,0,0,13,0.0,0.0929,3.36,140,1,0,15,0.0071,0.1079,-5.28,13.14,4.97,96.0,0,164.0,0,781.0
PIT,2019-01-08,2019,1,134,1,0,18,0.0075,0.1353,4.02,133,0,0,16,0.0,0.1203,-3.72,14.17,5.98,228.0,0,448.0,33.0,531.0
PIT,2019-01-09,2019,1,137,0,0,13,0.0,0.0949,0.43,137,0,0,12,0.0,0.0876,-2.49,34.73,6.95,170.0,36.0,810.0,27.0,273.0
PIT,2019-01-10,2019,1,141,0,0,22,0.0,0.156,9.88,141,1,0,28,0.0071,0.2,7.89,29.13,6.15,45.0,0,1750.0,0,829.0
PIT,2019-01-11,2019,1,139,1,0,21,0.0072,0.1522,3.28,140,0,0,21,0.0,0.15,-0.99,19.62,5.6,355.0,0,618.0,0,248.0
PIT,2019-01-12,2019,1,94,2,0,10,0.0213,0.1087,1.52,94,1,0,25,0.0106,0.2688,4.0,20.38,6.49,76.0,0,497.0,0,315.0
PIT,2019-01-13,2019,1,125,6,0,15,0.048,0.1261,2.77,124,7,0,20,0.0565,0.1709,0.16,32.96,6.1,386.0,55.0,437.0,0,330.0
PIT,2019-01-14,2019,1,139,4,0,19,0.0288,0.1407,4.58,139,2,0,23,0.0144,0.1679,-1.18,18.11,5.74,374.0,46.0,297.0,0,426.0
PIT,2019-01-15,2019,1,132,1,0,18,0.0076,0.1374,3.52,132,1,0,24,0.0076,0.1832,-1.63,18.13,5.84,0,153.0,661.0,0,289.0
PIT,2019-01-16,2019,1,136,0,0,14,0.0,0.1029,6.54,136,0,0,10,0.0,0.0735,-8.09,29.69,5.55,1121.0,0,535.0,0,242.0
PIT,2019-01-17,2019,1,140,0,0,19,0.0,0.1357,5.76,140,0,0,32,0.0,0.2286,4.94,23.88,5.49,284.0,0,824.0,0,624.0
PIT,2019-01-18,2019,1,138,3,0,24,0.0217,0.1778,10.38,139,4,0,31,0.0288,0.2296,13.93,16.86,6.19,357.0,0,614.0,0,776.0
PIT,2019-01-19,2019,1,93,10,0,3,0.1075,0.0361,-0.81,93,11,0,10,0.1183,0.122,-1.07,14.1,4.77,21.0,232.0,63.0,0,0
PIT,2019-01-20,2019,1,113,6,0,32,0.0531,0.2991,25.74,112,7,0,27,0.0625,0.2571,11.03,44.74,9.44,618.0,628.0,3365.0,63.0,571.0
PIT,2019-01-21,2019,1,135,8,0,37,0.0593,0.2913,28.58,135,5,0,40,0.037,0.3077,21.24,22.17,7.23,1033.0,96.0,1693.0,0,1293.0
PIT,2019-01-22,2019,1,132,11,0,22,0.0833,0.1818,11.12,132,13,0,25,0.0985,0.2101,5.71,17.97,6.24,254.0,34.0,856.0,0,788.0
PIT,2019-01-23,2019,1,136,2,0,40,0.0147,0.2985,23.82,136,1,0,45,0.0074,0.3333,20.75,16.55,6.36,49.0,164.0,1665.0,0,2057.0
PIT,2019-01-24,2019,1,140,7,0,36,0.05,0.2707,24.67,140,9,0,45,0.0643,0.3435,17.71,25.72,6.59,584.0,23.0,2881.0,0,1201.0
PIT,2019-01-25,2019,1,138,3,0,37,0.0217,0.2741,11.61,139,0,0,46,0.0,0.3309,13.65,21.21,6.1,135.0,20.0,982.0,0,948.0
PIT,2019-01-26,2019,1,94,0,0,8,0.0,0.0851,-1.23,94,0,0,17,0.0,0.1809,-0.23,33.32,7.29,51.0,0,608.0,0,149.0
PIT,2019-01-27,2019,1,125,0,0,11,0.0,0.088,1.09,124,0,0,18,0.0,0.1452,0.86,22.71,6.3,98.0,0,851.0,279.0,136.0
PIT,2019-01-28,2019,1,139,10,0,14,0.0719,0.1085,10.02,139,10,0,20,0.0719,0.155,1.16,16.09,5.72,915.0,0,347.0,0,456.0
PIT,2019-01-29,2019,1,132,4,0,18,0.0303,0.1406,8.38,132,3,0,16,0.0227,0.124,1.19,20.94,6.14,341.0,0,280.0,0,1130.0
PIT,2019-01-30,2019,1,136,17,1,26,0.125,0.2185,20.55,136,19,0,35,0.1397,0.2991,19.11,22.77,6.76,309.0,49.0,1286.0,0,1441.0
PIT,2019-01-31,2019,1,141,14,0,28,0.0993,0.2205,17.02,141,14,1,33,0.0993,0.2598,10.28,15.16,5.99,1061.0,22.0,259.0,0,905.0
PIT,2019-07-01,2019,7,134,0,0,25,0.0,0.1866,9.34,134,0,0,33,0.0,0.2463,4.31,12.17,5.78,760.0,0,159.0,0,577.0
PIT,2019-07-02,2019,7,130,0,0,15,0.0,0.1154,6.19,128,1,0,24,0.0078,0.189,2.75,14.67,6.65,225.0,0,972.0,0,196.0
PIT,2019-07-03,2019,7,128,1,0,13,0.0078,0.1024,1.42,129,0,0,24,0.0,0.186,1.5,12.35,5.94,160.0,30.0,214.0,0,201.0
PIT,2019-07-04,2019,7,104,2,1,7,0.0192,0.0686,1.78,105,3,0,13,0.0286,0.1275,0.0,13.18,6.08,54.0,24.0,261.0,0,437.0
PIT,2019-07-05,2019,7,117,2,0,16,0.0171,0.1391,5.87,118,1,0,26,0.0085,0.2222,2.66,13.35,5.56,49.0,34.0,464.0,0,565.0
PIT,2019-07-06,2019,7,119,7,0,31,0.0588,0.2768,25.9,119,11,0,44,0.0924,0.4074,35.53,13.64,6.31,255.0,222.0,1594.0,0,1125.0
PIT,2019-07-07,2019,7,143,7,0,40,0.049,0.2941,21.99,143,5,0,50,0.035,0.3623,19.57,13.75,6.43,587.0,162.0,404.0,0,1821.0
PIT,2019-07-08,2019,7,152,1,1,29,0.0066,0.1921,20.44,152,1,0,44,0.0066,0.2914,15.96,14.03,6.25,1561.0,0,377.0,0,1300.0
PIT,2019-07-09,2019,7,152,1,0,16,0.0066,0.106,5.42,152,1,0,19,0.0066,0.1258,-2.75,14.37,4.99,889.0,0,87.0,0,372.0
PIT,2019-07-10,2019,7,151,1,1,14,0.0066,0.0933,3.67,151,1,0,17,0.0066,0.1133,0.13,13.58,5.7,230.0,0,94.0,0,776.0
PIT,2019-07-11,2019,7,153,21,1,58,0.1373,0.4394,32.03,153,23,3,52,0.1503,0.4,28.7,14.9,6.72,903.0,546.0,1012.0,0,1703.0
PIT,2019-07-12,2019,7,151,1,0,35,0.0066,0.2333,11.87,152,1,0,28,0.0066,0.1854,3.53,12.57,6.21,502.0,0,453.0,0,814.0
PIT,2019-07-13,2019,7,121,1,0,10,0.0083,0.0833,3.73,121,1,0,20,0.0083,0.1667,0.33,11.05,6.27,445.0,0,74.0,0,263.0
PIT,2019-07-14,2019,7,143,0,1,16,0.0,0.1119,8.64,143,0,0,26,0.0,0.1818,2.9,11.87,5.76,814.0,44.0,414.0,0,480.0
PIT,2019-07-15,2019,7,152,1,1,16,0.0066,0.106,6.33,152,1,0,26,0.0066,0.1722,3.75,13.17,5.8,557.0,0,665.0,0,366.0
PIT,2019-07-16,2019,7,152,1,0,22,0.0066,0.1457,4.54,152,1,0,36,0.0066,0.2384,8.38,15.64,5.43,277.0,105.0,723.0,0,593.0
PIT,2019-07-17,2019,7,151,13,0,27,0.0861,0.1957,20.69,151,14,0,45,0.0927,0.3285,15.4,12.36,5.73,182.0,0,2240.0,0,821.0
PIT,2019-07-18,2019,7,153,18,0,44,0.1176,0.3259,29.47,153,14,0,61,0.0915,0.4388,35.8,14.97,5.81,904.0,0,1761.0,0,1738.0
PIT,2019-07-19,2019,7,152,3,0,24,0.0197,0.1611,15.49,152,2,0,41,0.0132,0.2733,21.09,14.24,6.33,588.0,0,568.0,0,1714.0
PIT,2019-07-20,2019,7,121,2,0,26,0.0165,0.2185,21.16,121,0,0,38,0.0,0.314,26.93,11.13,6.38,287.0,438.0,283.0,0,1500.0
PIT,2019-07-21,2019,7,143,5,0,46,0.035,0.3333,22.26,143,5,1,52,0.035,0.3768,23.57,15.62,7.76,583.0,586.0,1044.0,0,1598.0
PIT,2019-07-22,2019,7,152,13,1,30,0.0855,0.2158,15.94,152,13,1,36,0.0855,0.259,9.91,12.82,6.44,818.0,188.0,600.0,0,774.0
PIT,2019-07-23,2019,7,152,5,0,27,0.0329,0.1837,9.33,152,5,0,33,0.0329,0.2245,8.27,14.04,5.52,469.0,0,556.0,0,680.0
PIT,2019-07-24,2019,7,151,3,0,20,0.0199,0.1351,4.2,151,1,0,28,0.0066,0.1867,3.65,13.03,5.66,167.0,0,297.0,0,481.0
PIT,2019-07-25,2019,7,153,0,2,12,0.0,0.0784,-0.59,153,0,0,15,0.0,0.098,-4.04,12.46,5.88,94.0,0,79.0,0,147.0
PIT,2019-07-26,2019,7,152,0,1,16,0.0,0.1053,1.38,152,0,0,20,0.0,0.1316,-2.77,13.38,5.46,102.0,0,371.0,0,354.0
PIT,2019-07-27,2019,7,121,0,0,13,0.0,0.1074,1.47,121,0,0,14,0.0,0.1157,-3.13,11.9,5.36,214.0,0,107.0,0,254.0
PIT,2019-07-28,2019,7,143,0,0,6,0.0,0.042,-2.47,143,0,0,13,0.0,0.0909,-5.74,12.8,5.42,85.0,0,127.0,0,142.0
PIT,2019-07-29,2019,7,152,2,0,22,0.0132,0.1467,19.47,152,3,1,31,0.0197,0.2081,0.62,11.88,5.85,1015.0,0,1251.0,0,1013.0
PIT,2019-07-30,2019,7,152,1,0,27,0.0066,0.1788,14.19,152,2,0,40,0.0132,0.2667,11.17,13.87,6.13,540.0,44.0,1328.0,0,638.0
PIT,2019-07-31,2019,7,151,14,2,15,0.0927,0.1095,17.44,151,19,0,33,0.1258,0.25,14.78,12.5,5.86,1479.0,0,697.0,0,835.0
PIT,2020-01-01,2020,1,101,0,1,5,0.0,0.0495,-2.5,98,0,0,5,0.0,0.051,-10.38,23.67,5.7,70.0,0,303.0,0,18.0
PIT,2020-01-02,2020,1,130,1,0,10,0.0077,0.0775,6.02,130,1,0,15,0.0077,0.1163,-6.05,14.7,5.84,874.0,112.0,206.0,0,165.0
PIT,2020-01-03,2020,1,129,2,1,15,0.0155,0.1181,0.6,129,1,0,17,0.0078,0.1328,-2.9,12.35,6.13,101.0,0,413.0,0,353.0
PIT,2020-01-04,2020,1,106,1,1,27,0.0094,0.2571,13.85,107,0,1,38,0.0,0.3551,16.33,14.7,5.73,132.0,0,711.0,0,836.0
PIT,2020-01-05,2020,1,128,2,0,16,0.0156,0.127,6.55,127,2,0,17,0.0157,0.136,-1.4,21.96,5.49,294.0,0,276.0,0,647.0
PIT,2020-01-06,2020,1,147,0,0,10,0.0,0.068,-1.84,148,0,1,14,0.0,0.0946,-7.15,13.35,5.79,47.0,0,121.0,0,246.0
PIT,2020-01-07,2020,1,135,1,0,9,0.0074,0.0672,-1.36,139,0,0,9,0.0,0.0647,-10.53,13.84,5.84,265.0,0,58.0,0,138.0
PIT,2020-01-08,2020,1,139,2,0,17,0.0144,0.1241,1.29,139,1,0,21,0.0072,0.1522,-1.54,15.23,5.85,58.0,34.0,454.0,0,182.0
PIT,2020-01-09,2020,1,151,1,0,9,0.0066,0.06,-2.04,150,1,0,7,0.0067,0.047,-10.74,15.72,5.57,298.0,0,33.0,0,0
PIT,2020-01-10,2020,1,147,3,0,14,0.0204,0.0972,6.03,147,2,0,20,0.0136,0.1379,-4.08,12.97,5.81,163.0,0,288.0,0,934.0
PIT,2020-01-11,2020,1,100,5,0,6,0.05,0.0632,0.36,100,6,0,18,0.06,0.1915,7.68,12.6,5.36,126.0,222.0,63.0,0,64.0
PIT,2020-01-12,2020,1,136,3,0,23,0.0221,0.1729,7.55,136,1,0,27,0.0074,0.2,1.4,11.71,5.21,172.0,111.0,369.0,0,755.0
PIT,2020-01-13,2020,1,147,0,0,16,0.0,0.1088,0.1,147,0,0,15,0.0,0.102,-5.44,14.31,6.03,312.0,0,145.0,0,167.0
PIT,2020-01-14,2020,1,139,3,0,11,0.0216,0.0809,-1.59,139,3,0,10,0.0216,0.0735,-7.42,13.49,5.79,191.0,0,90.0,0,193.0
PIT,2020-01-15,2020,1,140,0,0,7,0.0,0.05,-2.34,140,1,0,10,0.0071,0.0719,-10.3,12.69,5.88,39.0,144.0,18.0,0,119.0
PIT,2020-01-16,2020,1,150,3,0,24,0.02,0.1633,10.88,150,3,0,27,0.02,0.1837,4.2,19.01,5.83,494.0,126.0,1046.0,0,650.0
PIT,2020-01-17,2020,1,148,8,0,21,0.0541,0.15,7.43,148,9,0,26,0.0608,0.1871,8.78,19.06,5.53,266.0,50.0,325.0,0,687.0
PIT,2020-01-18,2020,1,98,2,0,20,0.0204,0.2083,13.17,96,3,0,31,0.0312,0.3333,10.99,26.89,6.11,253.0,232.0,913.0,0,281.0
PIT,2020-01-19,2020,1,122,1,1,15,0.0082,0.124,5.6,123,1,0,19,0.0081,0.1557,-0.36,25.6,5.9,476.0,146.0,178.0,0,422.0
PIT,2020-01-20,2020,1,143,0,0,19,0.0,0.1329,4.07,144,0,0,16,0.0,0.1111,-2.53,17.51,5.68,317.0,0,313.0,0,486.0
PIT,2020-01-21,2020,1,139,0,0,10,0.0,0.0719,1.57,139,0,0,11,0.0,0.0791,-7.21,15.6,5.7,407.0,0,96.0,0,189.0
PIT,2020-01-22,2020,1,140,1,0,8,0.0071,0.0576,-0.17,140,1,0,5,0.0071,0.036,-9.86,14.59,5.94,489.0,0,31.0,0,144.0
PIT,2020-01-23,2020,1,150,3,0,15,0.02,0.102,-0.07,150,3,0,17,0.02,0.1156,-6.88,15.52,5.12,246.0,0,198.0,0,216.0
PIT,2020-01-24,2020,1,148,3,1,10,0.0203,0.069,1.5,148,2,0,21,0.0135,0.1438,-1.06,12.76,5.62,154.0,0,35.0,0,598.0
PIT,2020-01-25,2020,1,99,0,1,7,0.0,0.0707,1.32,99,0,0,11,0.0,0.1111,-2.06,11.43,5.65,104.0,0,164.0,0,301.0
PIT,2020-01-26,2020,1,136,0,0,12,0.0,0.0882,0.11,136,0,0,20,0.0,0.1471,-2.68,24.82,5.85,194.0,0,183.0,0,372.0
PIT,2020-01-27,2020,1,148,0,0,9,0.0,0.0608,-0.82,148,0,0,15,0.0,0.1014,-5.8,23.22,6.01,220.0,0,268.0,0,232.0
PIT,2020-01-28,2020,1,139,1,1,9,0.0072,0.0652,-1.06,139,0,0,13,0.0,0.0935,-6.78,22.34,5.75,107.0,0,211.0,0,468.0
PIT,2020-01-29,2020,1,140,0,0,4,0.0,0.0286,0.51,140,0,0,13,0.0,0.0929,-8.03,16.79,5.46,78.0,0,3.0,0,773.0
PIT,2020-01-30,2020,1,150,0,0,11,0.0,0.0733,-1.25,150,0,0,15,0.0,0.1,-4.29,16.24,5.58,131.0,0,44.0,0,143.0
PIT,2020-01-31,2020,1,148,0,0,11,0.0,0.0743,-1.74,148,0,0,16,0.0,0.1081,-2.97,16.93,5.03,233.0,0,131.0,0,116.0
PIT,2020-04-01,2020,4,114,46,0,6,0.4035,0.0882,-3.38,110,43,0,3,0.3909,0.0448,-12.78,11.26,4.82,83.0,0,18.0,0,0
PIT,2020-04-02,2020,4,114,51,0,4,0.4474,0.0635,2.43,114,55,0,4,0.4825,0.0678,-5.19,12.14,5.54,295.0,0,26.0,0,171.0
PIT,2020-04-03,2020,4,113,47,0,4,0.4159,0.0606,-3.35,112,47,0,4,0.4196,0.0615,-13.35,10.08,5.08,90.0,0,0,0,1.0
PIT,2020-04-04,2020,4,89,43,0,1,0.4831,0.0217,-6.85,88,44,0,1,0.5,0.0227,-17.61,9.76,5.09,0,0,0,0,0
PIT,2020-04-05,2020,4,109,54,0,5,0.4954,0.0909,3.29,109,51,0,2,0.4679,0.0345,-15.12,10.2,5.03,505.0,0,6.0,0,20.0
PIT,2020-04-06,2020,4,109,58,0,14,0.5321,0.2745,19.14,109,54,0,11,0.4954,0.2,3.33,10.98,5.2,551.0,0,38.0,0,376.0
PIT,2020-04-07,2020,4,94,44,0,2,0.4681,0.04,-3.02,91,47,1,1,0.5165,0.0227,-14.74,9.72,4.4,165.0,0,0,0,0
PIT,2020-04-08,2020,4,73,27,0,1,0.3699,0.0217,-4.2,72,26,0,0,0.3611,0.0,-15.54,10.43,4.85,78.0,0,22.0,0,0
PIT,2020-04-09,2020,4,76,32,1,3,0.4211,0.0682,0.61,76,32,0,7,0.4211,0.1591,-3.18,9.5,4.59,44.0,0,36.0,0,18.0
PIT,2020-04-10,2020,4,79,36,0,2,0.4557,0.0465,-4.21,79,36,0,3,0.4557,0.0698,-11.98,17.44,4.28,88.0,0,39.0,0,3.0
PIT,2020-04-11,2020,4,61,24,0,0,0.3934,0.0,-8.08,60,22,0,2,0.3667,0.0526,-15.76,11.27,3.71,0,0,0,0,0
PIT,2020-04-12,2020,4,71,27,0,1,0.3803,0.0227,-7.7,71,29,0,2,0.4085,0.0476,-15.45,10.8,4.52,25.0,0,17.0,0,2.0
PIT,2020-04-13,2020,4,69,28,0,2,0.4058,0.0488,-5.15,70,25,0,0,0.3571,0.0,-17.29,10.63,4.51,72.0,0,17.0,0,0
PIT,2020-04-14,2020,4,61,22,0,3,0.3607,0.0769,0.23,60,24,0,0,0.4,0.0,-22.28,10.49,4.33,222.0,0,31.0,0,0
PIT,2020-04-15,2020,4,53,20,0,2,0.3774,0.0606,-2.09,53,20,0,3,0.3774,0.0909,-13.36,13.0,3.85,84.0,0,61.0,0,17.0
PIT,2020-04-16,2020,4,58,27,0,0,0.4655,0.0,-6.32,58,29,0,0,0.5,0.0,-17.07,11.52,4.1,0,0,16.0,0,0
PIT,2020-04-17,2020,4,59,27,0,1,0.4576,0.0312,-5.78,59,26,0,1,0.4407,0.0303,-15.7,11.44,5.15,0,0,29.0,0,46.0
PIT,2020-04-18,2020,4,46,17,0,2,0.3696,0.069,-2.66,47,18,0,0,0.383,0.0,-18.86,9.83,4.52,100.0,0,20.0,0,2.0
PIT,2020-04-19,2020,4,52,24,0,0,0.4615,0.0,-8.71,52,23,0,2,0.4423,0.069,-12.21,11.86,4.48,0,0,82.0,0,0
PIT,2020-04-20,2020,4,53,22,0,2,0.4151,0.0645,-5.68,53,21,0,0,0.3962,0.0,-19.12,12.61,5.09,38.0,0,22.0,0,0
PIT,2020-04-21,2020,4,51,22,0,0,0.4314,0.0,-7.1,50,23,0,0,0.46,0.0,-17.26,13.62,5.3,0,0,0,0,0
PIT,2020-04-22,2020,4,52,25,0,1,0.4808,0.037,-5.33,52,21,0,3,0.4038,0.0968,-9.48,13.22,5.29,0,0,74.0,0,32.0
PIT,2020-04-23,2020,4,56,25,0,0,0.4464,0.0,-7.06,56,25,0,0,0.4464,0.0,-17.71,14.29,5.32,0,0,0,0,0
PIT,2020-04-24,2020,4,53,25,0,1,0.4717,0.0357,-6.43,54,24,0,1,0.4444,0.0333,-16.1,12.07,5.7,0,0,19.0,0,0
PIT,2020-04-25,2020,4,45,17,0,0,0.3778,0.0,-6.57,46,18,0,1,0.3913,0.0357,-14.04,12.11,6.57,0,0,0,0,0
PIT,2020-04-26,2020,4,55,23,0,1,0.4182,0.0312,-6.19,54,23,0,2,0.4259,0.0645,-8.58,10.97,6.94,0,0,0,0,36.0
PIT,2020-04-27,2020,4,51,21,0,0,0.4118,0.0,-9.63,50,23,1,2,0.46,0.0741,-10.23,13.9,5.58,0,0,0,0,0
PIT,2020-04-28,2020,4,51,24,0,0,0.4706,0.0,-9.56,51,22,0,1,0.4314,0.0345,-14.97,10.96,5.31,0,0,0,0,0
PIT,2020-04-29,2020,4,50,19,0,2,0.38,0.0645,-5.03,52,23,0,1,0.4423,0.0345,-14.1,11.87,7.0,45.0,0,0,0,0
PIT,2020-04-30,2020,4,56,27,0,2,0.4821,0.069,-4.97,56,25,0,1,0.4464,0.0323,-12.13,12.34,5.42,35.0,0,31.0,0,18.0
PIT,2021-01-01,2021,1,50,5,0,5,0.1,0.1111,2.78,53,4,0,5,0.0755,0.102,-2.82,15.56,5.18,134.0,0,67.0,0,77.0
PIT,2021-01-02,2021,1,85,0,0,11,0.0,0.1294,2.54,86,0,0,18,0.0,0.2093,3.14,10.12,5.41,120.0,0,27.0,0,294.0
PIT,2021-01-03,2021,1,82,0,0,12,0.0,0.1463,4.37,82,0,0,12,0.0,0.1463,-1.0,10.7,4.74,311.0,0,185.0,0,23.0
PIT,2021-01-04,2021,1,75,1,0,11,0.0133,0.1486,15.31,75,2,0,18,0.0267,0.2466,13.41,13.68,4.86,338.0,0,662.0,0,394.0
PIT,2021-01-05,2021,1,55,1,0,1,0.0182,0.0185,-3.65,53,0,0,1,0.0,0.0189,-9.17,17.43,5.09,29.0,0,17.0,0,0
PIT,2021-01-06,2021,1,48,0,0,0,0.0,0.0,-5.79,49,0,0,2,0.0,0.0408,-10.35,11.79,4.94,0,0,25.0,0,0
PIT,2021-01-07,2021,1,60,0,0,0,0.0,0.0,-7.53,61,0,0,3,0.0,0.0492,-9.95,11.95,4.57,0,0,0,0,0
PIT,2021-01-08,2021,1,58,0,0,7,0.0,0.1207,3.74,57,0,0,7,0.0,0.1228,-7.4,12.09,4.74,186.0,30.0,65.0,0,87.0
PIT,2021-01-09,2021,1,46,0,0,0,0.0,0.0,-4.93,47,0,0,2,0.0,0.0426,-9.11,16.59,4.96,0,0,0,0,0
PIT,2021-01-10,2021,1,62,0,0,4,0.0,0.0645,-3.61,61,0,0,6,0.0,0.0984,-11.54,14.37,4.61,92.0,0,19.0,0,34.0
PIT,2021-01-11,2021,1,56,0,0,2,0.0,0.0357,-3.91,56,0,0,2,0.0,0.0357,-11.52,12.91,5.0,67.0,0,0,0,0
PIT,2021-01-12,2021,1,43,0,0,0,0.0,0.0,-6.65,42,0,0,2,0.0,0.0476,-11.62,10.65,4.6,0,0,16.0,0,0
PIT,2021-01-13,2021,1,42,0,0,1,0.0,0.0238,-5.5,43,0,0,6,0.0,0.1395,4.3,14.76,4.49,0,0,40.0,0,0
PIT,2021-01-14,2021,1,61,0,0,1,0.0,0.0164,-5.97,62,0,0,4,0.0,0.0645,-13.97,13.33,4.95,0,0,0,0,0
PIT,2021-01-15,2021,1,58,0,0,2,0.0,0.0345,-5.53,57,0,0,4,0.0,0.0702,-12.18,12.95,5.09,0,0,55.0,0,0
PIT,2021-01-16,2021,1,45,1,0,4,0.0222,0.0909,-0.27,46,0,0,5,0.0,0.1087,-6.65,33.41,6.2,34.0,93.0,237.0,0,16.0
PIT,2021-01-17,2021,1,56,0,0,4,0.0,0.0714,-2.82,55,0,0,6,0.0,0.1091,-8.18,25.8,5.09,124.0,0,104.0,0,45.0
PIT,2021-01-18,2021,1,54,0,0,1,0.0,0.0185,-5.07,54,0,0,4,0.0,0.0741,-9.26,25.91,5.31,49.0,0,40.0,0,0
PIT,2021-01-19,2021,1,43,0,0,0,0.0,0.0,-6.51,42,0,0,3,0.0,0.0714,-12.43,19.6,4.52,0,0,0,0,0
PIT,2021-01-20,2021,1,41,0,0,0,0.0,0.0,-5.73,42,0,0,2,0.0,0.0476,-12.02,21.39,4.64,0,0,26.0,0,0
PIT,2021-01-21,2021,1,60,0,0,1,0.0,0.0167,-4.93,61,0,0,3,0.0,0.0492,-14.46,11.85,5.16,0,0,0,0,0
PIT,2021-01-22,2021,1,57,0,0,1,0.0,0.0175,-5.61,56,0,0,0,0.0,0.0,-14.82,14.09,5.45,0,0,0,0,0
PIT,2021-01-23,2021,1,45,0,0,4,0.0,0.0889,-2.38,46,0,0,1,0.0,0.0217,-14.13,20.33,4.57,76.0,0,112.0,0,0
PIT,2021-01-24,2021,1,61,0,0,4,0.0,0.0656,-2.21,60,0,0,4,0.0,0.0667,-12.18,17.03,5.25,9.0,0,289.0,0,42.0
PIT,2021-01-25,2021,1,55,0,1,4,0.0,0.0727,-4.24,55,0,0,8,0.0,0.1455,-5.73,24.16,5.84,105.0,0,188.0,0,0
PIT,2021-01-26,2021,1,43,0,0,3,0.0,0.0698,-2.33,42,1,0,5,0.0238,0.122,-9.17,20.35,4.46,20.0,0,114.0,0,0
PIT,2021-01-27,2021,1,41,0,0,1,0.0,0.0244,-4.71,42,0,0,0,0.0,0.0,-17.29,10.41,4.69,35.0,0,20.0,0,0
PIT,2021-01-28,2021,1,60,1,0,0,0.0167,0.0,-5.12,61,0,0,1,0.0,0.0164,-10.82,25.32,6.49,22.0,0,144.0,0,0
PIT,2021-01-29,2021,1,57,0,0,4,0.0,0.0702,-2.46,56,0,0,4,0.0,0.0714,-11.57,16.02,4.93,23.0,15.0,108.0,0,6.0
PIT,2021-01-30,2021,1,45,1,0,3,0.0222,0.0682,0.93,46,0,0,5,0.0,0.1087,-4.87,16.75,4.41,47.0,0,118.0,0,0
PIT,2021-01-31,2021,1,61,3,0,10,0.0492,0.1724,10.03,60,4,0,14,0.0667,0.25,12.32,36.91,7.7,347.0,40.0,799.0,0,45.0
PIT,2022-01-01,2022,1,95,11,0,15,0.1158,0.1786,5.83,95,9,0,24,0.0947,0.2791,12.51,11.89,7.35,249.0,0,281.0,0,248.0
PIT,2022-01-02,2022,1,123,13,0,38,0.1057,0.3455,18.11,121,12,0,49,0.0992,0.4495,28.65,15.06,7.0,711.0,56.0,496.0,0,1036.0
PIT,2022-01-03,2022,1,122,18,0,53,0.1475,0.5096,33.91,122,18,0,64,0.1475,0.6154,38.97,14.31,11.47,1244.0,221.0,213.0,0,1330.0
PIT,2022-01-04,2022,1,99,3,0,25,0.0303,0.2604,19.7,101,4,0,32,0.0396,0.3299,15.56,15.45,6.82,1022.0,27.0,167.0,0,667.0
PIT,2022-01-05,2022,1,100,8,0,17,0.08,0.1848,4.5,101,10,0,25,0.099,0.2747,11.44,14.12,5.62,185.0,0,367.0,0,160.0
PIT,2022-01-06,2022,1,114,8,0,14,0.0702,0.1321,3.07,113,7,1,28,0.0619,0.2642,9.99,20.51,7.92,142.0,77.0,252.0,0,413.0
PIT,2022-01-07,2022,1,109,22,0,23,0.2018,0.2644,17.39,110,22,0,34,0.2,0.3864,18.62,29.41,8.41,823.0,211.0,414.0,0,497.0
PIT,2022-01-08,2022,1,88,3,0,15,0.0341,0.1765,14.75,88,2,1,19,0.0227,0.2209,10.45,16.89,6.23,794.0,0,8.0,0,605.0
PIT,2022-01-09,2022,1,117,6,0,18,0.0513,0.1622,4.62,117,10,0,25,0.0855,0.2336,11.9,13.23,7.04,367.0,185.0,280.0,0,120.0
PIT,2022-01-10,2022,1,107,7,0,12,0.0654,0.12,4.77,108,3,0,15,0.0278,0.1429,0.79,16.87,6.22,407.0,0,47.0,0,238.0
PIT,2022-01-11,2022,1,96,1,0,12,0.0104,0.1263,-0.41,96,2,0,9,0.0208,0.0957,-5.55,17.49,6.09,192.0,0,132.0,0,18.0
PIT,2022-01-12,2022,1,100,3,0,6,0.03,0.0619,-3.74,99,3,0,5,0.0303,0.0521,-10.69,11.95,5.33,0,0,0,0,120.0
PIT,2022-01-13,2022,1,114,2,0,8,0.0175,0.0714,-2.88,113,3,0,6,0.0265,0.0545,-9.25,13.29,5.71,117.0,0,5.0,0,0
PIT,2022-01-14,2022,1,116,1,0,11,0.0086,0.0957,1.53,117,2,0,18,0.0171,0.1565,-0.31,16.42,6.66,340.0,0,146.0,0,193.0
PIT,2022-01-15,2022,1,88,0,0,10,0.0,0.1136,6.02,88,0,0,16,0.0,0.1818,3.47,14.78,5.26,307.0,0,0,0,373.0
PIT,2022-01-16,2022,1,109,28,0,12,0.2569,0.1481,4.02,108,58,0,11,0.537,0.22,5.96,18.43,5.96,167.0,13.0,336.0,0,223.0
PIT,2022-01-17,2022,1,111,37,0,28,0.3333,0.3784,18.05,111,13,0,30,0.1171,0.3061,19.82,36.61,8.84,877.0,23.0,931.0,0,481.0
PIT,2022-01-18,2022,1,95,1,0,8,0.0105,0.0851,5.55,96,1,1,10,0.0104,0.1053,-4.52,21.37,6.94,371.0,0,103.0,0,298.0
PIT,2022-01-19,2022,1,102,1,0,10,0.0098,0.099,-0.85,100,1,0,6,0.01,0.0606,-9.86,13.08,5.86,137.0,0,46.0,0,42.0
PIT,2022-01-20,2022,1,116,7,0,12,0.0603,0.1101,3.85,116,5,0,23,0.0431,0.2072,6.83,24.83,6.59,348.0,130.0,323.0,18.0,254.0
PIT,2022-01-21,2022,1,112,3,0,12,0.0268,0.1101,7.99,113,3,0,11,0.0265,0.1,-3.3,13.6,6.03,972.0,0,96.0,0,204.0
PIT,2022-01-22,2022,1,88,5,0,5,0.0568,0.0602,2.33,88,4,0,10,0.0455,0.119,-7.3,17.6,5.87,296.0,100.0,86.0,0,0
PIT,2022-01-23,2022,1,111,3,0,22,0.027,0.2037,24.49,111,2,5,31,0.018,0.2844,19.93,30.64,9.33,1930.0,443.0,686.0,0,360.0
PIT,2022-01-24,2022,1,110,1,0,18,0.0091,0.1651,8.55,111,2,0,29,0.018,0.2661,10.64,33.63,9.38,1095.0,10.0,674.0,0,439.0
PIT,2022-01-25,2022,1,97,0,0,10,0.0,0.1031,9.03,97,0,0,8,0.0,0.0825,-8.24,20.88,6.72,32.0,1191.0,149.0,0,123.0
PIT,2022-01-26,2022,1,102,0,0,9,0.0,0.0882,2.54,100,0,0,10,0.0,0.1,-6.95,16.94,5.59,294.0,0,15.0,0,433.0
PIT,2022-01-27,2022,1,115,0,0,10,0.0,0.087,4.15,115,0,0,15,0.0,0.1304,0.86,19.41,5.8,86.0,0,595.0,0,377.0
PIT,2022-01-28,2022,1,112,10,1,24,0.0893,0.2353,20.74,113,5,0,45,0.0442,0.4167,24.16,43.02,7.78,482.0,221.0,1846.0,11.0,1331.0
PIT,2022-01-29,2022,1,88,19,0,4,0.2159,0.058,-1.38,88,21,0,4,0.2386,0.0597,3.04,16.65,6.18,41.0,8.0,122.0,0,0
PIT,2022-01-30,2022,1,110,13,0,13,0.1182,0.134,6.44,110,15,0,21,0.1364,0.2211,8.54,23.56,6.64,604.0,0,246.0,0,252.0
PIT,2022-01-31,2022,1,111,1,0,5,0.009,0.0455,-1.17,112,1,0,8,0.0089,0.0721,-3.64,16.05,5.77,257.0,0,54.0,0,79.0
PIT,2022-06-01,2022,6,113,8,1,16,0.0708,0.1524,18.3,113,10,0,25,0.0885,0.2427,6.18,15.4,8.57,972.0,0,334.0,0,893.0
PIT,2022-06-02,2022,6,123,11,0,29,0.0894,0.2589,20.65,123,14,0,42,0.1138,0.3853,41.39,15.54,6.48,560.0,270.0,736.0,0,995.0
PIT,2022-06-03,2022,6,114,4,0,20,0.0351,0.1818,13.36,115,4,0,26,0.0348,0.2342,10.17,14.86,6.83,529.0,163.0,182.0,0,805.0
PIT,2022-06-04,2022,6,97,2,0,20,0.0206,0.2105,13.58,94,0,0,21,0.0,0.2234,5.18,14.18,7.23,896.0,0,101.0,0,503.0
PIT,2022-06-05,2022,6,107,0,0,16,0.0,0.1495,8.09,109,0,0,21,0.0,0.1927,5.08,12.71,8.12,671.0,0,162.0,0,390.0
PIT,2022-06-06,2022,6,111,0,0,23,0.0,0.2072,8.41,112,0,0,31,0.0,0.2768,14.31,14.86,6.26,245.0,0,449.0,0,740.0
PIT,2022-06-07,2022,6,105,0,0,16,0.0,0.1524,7.9,105,0,0,25,0.0,0.2381,3.32,15.19,6.91,90.0,223.0,273.0,0,737.0
PIT,2022-06-08,2022,6,105,2,1,15,0.019,0.1456,7.91,105,2,1,36,0.019,0.3495,17.11,12.95,7.91,201.0,130.0,334.0,0,305.0
PIT,2022-06-09,2022,6,116,1,0,26,0.0086,0.2261,13.97,115,2,0,31,0.0174,0.2743,17.19,14.51,6.76,184.0,0,662.0,0,1065.0
PIT,2022-06-10,2022,6,112,1,0,19,0.0089,0.1712,9.05,113,3,0,23,0.0265,0.2091,5.95,15.12,6.62,39.0,206.0,566.0,26.0,425.0
PIT,2022-06-11,2022,6,106,0,0,24,0.0,0.2264,12.95,105,1,0,27,0.0095,0.2596,9.01,15.26,6.65,551.0,0,426.0,10.0,777.0
PIT,2022-06-12,2022,6,109,4,2,30,0.0367,0.2857,23.28,109,6,0,46,0.055,0.4466,37.19,16.71,7.3,306.0,0,629.0,0,1916.0
PIT,2022-06-13,2022,6,112,2,1,20,0.0179,0.1818,15.88,112,2,0,31,0.0179,0.2818,13.12,16.25,6.74,1311.0,0,182.0,0,465.0
PIT,2022-06-14,2022,6,105,4,0,19,0.0381,0.1881,9.15,106,2,0,28,0.0189,0.2692,15.15,15.79,6.44,188.0,0,177.0,0,759.0
PIT,2022-06-15,2022,6,106,0,0,18,0.0,0.1698,10.93,106,3,0,24,0.0283,0.233,11.98,14.52,6.3,548.0,0,171.0,0,706.0
PIT,2022-06-16,2022,6,118,29,0,28,0.2458,0.3146,29.24,118,19,0,51,0.161,0.5152,62.65,14.37,6.45,242.0,0,1963.0,0,903.0
PIT,2022-06-17,2022,6,115,10,0,28,0.087,0.2667,16.23,115,11,0,45,0.0957,0.4327,29.92,15.99,8.32,507.0,134.0,479.0,0,928.0
PIT,2022-06-18,2022,6,107,4,0,35,0.0374,0.3398,20.1,106,3,0,39,0.0283,0.3786,19.5,13.55,7.09,801.0,69.0,413.0,22.0,791.0
PIT,2022-06-19,2022,6,111,8,0,20,0.0721,0.1942,6.66,111,5,0,33,0.045,0.3113,13.35,14.55,7.74,282.0,0,91.0,0,378.0
PIT,2022-06-20,2022,6,114,2,1,17,0.0175,0.1518,4.43,115,2,0,25,0.0174,0.2212,5.5,14.29,7.11,149.0,0,147.0,0,441.0
PIT,2022-06-21,2022,6,108,1,0,17,0.0093,0.1589,5.11,108,2,0,20,0.0185,0.1887,11.54,14.29,6.53,444.0,0,196.0,0,177.0
PIT,2022-06-22,2022,6,108,19,1,18,0.1759,0.2022,15.66,108,19,3,29,0.1759,0.3258,16.3,15.63,8.72,168.0,237.0,396.0,0,695.0
PIT,2022-06-23,2022,6,118,5,1,28,0.0424,0.2478,11.96,118,7,0,28,0.0593,0.2523,7.84,15.09,6.16,602.0,0,146.0,0,775.0
PIT,2022-06-24,2022,6,115,4,0,17,0.0348,0.1532,8.73,115,4,0,24,0.0348,0.2162,2.94,13.8,6.99,105.0,98.0,137.0,0,929.0
PIT,2022-06-25,2022,6,106,4,1,29,0.0377,0.2843,14.55,106,5,0,34,0.0472,0.3366,11.84,11.71,7.29,805.0,0,134.0,0,509.0
PIT,2022-06-26,2022,6,110,7,0,19,0.0636,0.1845,11.82,110,8,0,35,0.0727,0.3431,16.86,14.84,6.75,316.0,0,247.0,0,911.0
PIT,2022-06-27,2022,6,115,10,0,20,0.087,0.1905,13.44,115,10,0,31,0.087,0.2952,20.07,13.86,6.34,388.0,200.0,246.0,0,963.0
PIT,2022-06-28,2022,6,107,4,0,13,0.0374,0.1262,3.17,107,2,0,18,0.0187,0.1714,4.92,13.96,6.85,183.0,0,66.0,0,288.0
PIT,2022-06-29,2022,6,108,2,0,15,0.0185,0.1415,3.01,108,1,0,22,0.0093,0.2056,3.22,15.69,5.83,263.0,0,252.0,0,240.0
PIT,2022-06-30,2022,6,118,1,0,14,0.0085,0.1197,11.91,118,2,0,25,0.0169,0.2155,5.14,14.11,6.97,1196.0,51.0,129.0,0,328.0
PIT,2022-12-01,2022,12,115,1,0,14,0.0087,0.1228,3.42,116,1,0,19,0.0086,0.1652,-2.9,12.42,5.46,229.0,19.0,170.0,0,339.0
PIT,2022-12-02,2022,12,116,0,0,10,0.0,0.0862,4.47,116,0,0,13,0.0,0.1121,-5.28,12.95,5.2,555.0,0,81.0,0,299.0
PIT,2022-12-03,2022,12,97,0,0,14,0.0,0.1443,-0.36,98,0,0,17,0.0,0.1735,-2.6,11.38,6.06,56.0,0,150.0,0,115.0
PIT,2022-12-04,2022,12,115,0,0,16,0.0,0.1391,5.87,114,0,0,21,0.0,0.1842,4.73,16.26,6.29,495.0,0,115.0,0,501.0
PIT,2022-12-05,2022,12,117,0,0,8,0.0,0.0684,-0.26,117,0,0,11,0.0,0.094,-6.5,15.24,5.31,97.0,9.0,120.0,0,282.0
PIT,2022-12-06,2022,12,111,0,0,8,0.0,0.0721,-0.41,109,0,0,13,0.0,0.1193,-3.96,14.5,5.86,303.0,29.0,279.0,0,65.0
PIT,2022-12-07,2022,12,110,0,0,14,0.0,0.1273,2.35,110,0,0,20,0.0,0.1818,3.25,13.84,5.76,46.0,0,358.0,0,420.0
PIT,2022-12-08,2022,12,116,1,0,4,0.0086,0.0348,-2.94,117,1,0,16,0.0085,0.1379,-0.87,13.28,6.9,0,0,234.0,0,15.0
PIT,2022-12-09,2022,12,117,0,0,9,0.0,0.0769,1.43,117,0,0,21,0.0,0.1795,0.76,16.84,6.14,336.0,0,175.0,0,99.0
PIT,2022-12-10,2022,12,97,0,0,14,0.0,0.1443,3.14,98,0,0,13,0.0,0.1327,-0.6,13.01,6.49,317.0,0,175.0,0,155.0
PIT,2022-12-11,2022,12,115,1,1,15,0.0087,0.1316,7.53,114,1,0,25,0.0088,0.2212,13.2,12.54,6.31,382.0,0,335.0,0,548.0
PIT,2022-12-12,2022,12,117,1,1,15,0.0085,0.1293,3.28,117,0,0,16,0.0,0.1368,-0.45,15.13,5.55,122.0,0,234.0,0,262.0
PIT,2022-12-13,2022,12,110,2,0,17,0.0182,0.1574,3.46,109,2,0,29,0.0183,0.271,7.2,13.27,5.48,22.0,118.0,321.0,0,311.0
PIT,2022-12-14,2022,12,108,0,0,12,0.0,0.1111,8.66,109,0,0,12,0.0,0.1101,-0.28,12.81,5.5,975.0,0,187.0,0,207.0
PIT,2022-12-15,2022,12,112,0,0,32,0.0,0.2857,15.98,112,0,0,44,0.0,0.3929,16.51,13.46,6.39,245.0,77.0,577.0,0,1141.0
PIT,2022-12-16,2022,12,120,4,0,30,0.0333,0.2586,20.08,120,4,0,37,0.0333,0.319,16.83,14.79,5.79,756.0,289.0,968.0,0,802.0
PIT,2022-12-17,2022,12,104,1,0,16,0.0096,0.1553,8.67,104,0,0,26,0.0,0.25,5.41,23.34,6.43,295.0,0,573.0,33.0,745.0
PIT,2022-12-18,2022,12,111,0,0,22,0.0,0.1982,7.71,110,1,0,25,0.0091,0.2294,7.86,30.92,6.77,215.0,50.0,965.0,0,678.0
PIT,2022-12-19,2022,12,117,1,0,12,0.0085,0.1034,0.97,117,0,0,19,0.0,0.1624,2.54,22.57,5.88,173.0,34.0,444.0,0,375.0
PIT,2022-12-20,2022,12,116,0,0,15,0.0,0.1293,5.68,116,0,0,19,0.0,0.1638,6.03,15.8,5.78,427.0,0,188.0,0,496.0
PIT,2022-12-21,2022,12,121,2,0,16,0.0165,0.1345,4.86,121,3,0,25,0.0248,0.2119,3.2,17.04,5.74,260.0,0,162.0,0,378.0
PIT,2022-12-22,2022,12,121,13,1,30,0.1074,0.2778,19.97,121,12,0,51,0.0992,0.4679,33.99,14.08,6.83,269.0,72.0,774.0,13.0,1614.0
PIT,2022-12-23,2022,12,121,37,1,49,0.3058,0.5833,55.67,121,40,0,56,0.3306,0.6914,57.01,45.82,9.22,710.0,2701.0,2476.0,0,1145.0
PIT,2022-12-24,2022,12,90,21,0,56,0.2333,0.8116,88.59,91,22,0,44,0.2418,0.6377,88.74,29.8,9.54,1987.0,1120.0,862.0,0,2620.0
PIT,2022-12-25,2022,12,81,19,0,34,0.2346,0.5484,59.18,81,18,1,24,0.2222,0.381,28.13,26.55,6.84,1660.0,513.0,436.0,66.0,1171.0
PIT,2022-12-26,2022,12,110,26,0,39,0.2364,0.4643,40.96,110,25,0,38,0.2273,0.4471,47.59,26.44,8.01,1118.0,10.0,1031.0,0,1807.0
PIT,2022-12-27,2022,12,107,22,0,30,0.2056,0.3529,31.87,107,19,0,37,0.1776,0.4205,24.97,24.87,7.31,580.0,28.0,460.0,0,1791.0
PIT,2022-12-28,2022,12,105,19,0,21,0.181,0.2442,27.05,105,19,0,29,0.181,0.3372,19.3,17.21,6.03,359.0,584.0,103.0,0,1146.0
PIT,2022-12-29,2022,12,104,19,0,17,0.1827,0.2,31.85,105,17,0,26,0.1619,0.2955,5.68,14.73,7.27,1479.0,0,115.0,11.0,1100.0
PIT,2022-12-30,2022,12,104,2,0,19,0.0192,0.1863,11.05,104,0,0,14,0.0,0.1346,-3.3,12.32,5.9,661.0,12.0,66.0,0,411.0
PIT,2022-12-31,2022,12,90,1,0,20,0.0111,0.2247,8.92,91,1,0,25,0.011,0.2778,8.53,12.07,6.69,76.0,6.0,533.0,4.0,401.0
PIT,2023-01-01,2023,1,86,0,1,13,0.0,0.1512,7.2,86,0,0,14,0.0,0.1628,3.72,11.58,5.81,192.0,0,191.0,0,456.0
PIT,2023-01-02,2023,1,109,2,1,22,0.0183,0.2056,14.63,108,3,0,32,0.0278,0.3048,16.59,12.61,5.54,218.0,52.0,997.0,0,570.0
PIT,2023-01-03,2023,1,102,5,0,19,0.049,0.1959,16.07,103,3,0,27,0.0291,0.27,15.05,12.78,5.91,421.0,255.0,529.0,0,441.0
PIT,2023-01-04,2023,1,90,3,0,19,0.0333,0.2184,16.15,91,2,0,23,0.022,0.2584,8.56,11.55,5.6,801.0,0,351.0,0,436.0
PIT,2023-01-05,2023,1,97,0,0,12,0.0,0.1237,0.52,97,0,0,13,0.0,0.134,-2.49,11.06,6.3,54.0,59.0,50.0,0,167.0
PIT,2023-01-06,2023,1,97,0,0,11,0.0,0.1134,1.04,97,0,0,15,0.0,0.1546,0.63,18.47,5.71,184.0,0,107.0,0,221.0
PIT,2023-01-07,2023,1,89,0,0,7,0.0,0.0787,0.08,88,0,0,16,0.0,0.1818,-1.06,15.54,6.26,14.0,0,59.0,0,208.0
PIT,2023-01-08,2023,1,114,0,0,11,0.0,0.0965,3.03,114,0,0,10,0.0,0.0877,-5.34,11.99,6.6,369.0,0,13.0,0,238.0
PIT,2023-01-09,2023,1,115,0,0,7,0.0,0.0609,1.97,116,0,0,8,0.0,0.069,-4.2,12.28,6.38,395.0,0,0,0,311.0
PIT,2023-01-10,2023,1,109,0,0,6,0.0,0.055,-4.58,110,1,0,8,0.0091,0.0734,-10.62,16.77,5.65,90.0,0,90.0,0,0
PIT,2023-01-11,2023,1,111,7,0,73,0.0631,0.7019,102.11,110,9,0,58,0.0818,0.5743,53.68,16.5,6.19,3359.0,0,3732.0,0,3053.0
PIT,2023-01-12,2023,1,117,1,1,19,0.0085,0.1638,9.87,117,0,0,30,0.0,0.2564,10.83,14.62,6.97,156.0,117.0,1044.0,0,130.0
PIT,2023-01-13,2023,1,116,1,0,18,0.0086,0.1565,9.41,116,1,0,39,0.0086,0.3391,13.22,38.67,7.12,640.0,0,1407.0,4.0,633.0
PIT,2023-01-14,2023,1,91,0,0,12,0.0,0.1319,3.46,91,0,0,17,0.0,0.1868,1.91,30.16,6.78,264.0,37.0,461.0,19.0,162.0
PIT,2023-01-15,2023,1,112,0,0,12,0.0,0.1071,1.2,112,0,0,12,0.0,0.1071,-4.14,18.3,6.16,196.0,0,300.0,0,252.0
PIT,2023-01-16,2023,1,117,1,1,13,0.0085,0.1121,2.9,117,1,0,23,0.0085,0.1983,2.23,17.45,6.16,109.0,0,363.0,0,373.0
PIT,2023-01-17,2023,1,110,0,0,3,0.0,0.0273,-4.54,111,0,0,8,0.0,0.0721,-11.08,12.01,5.64,32.0,0,0,0,0
PIT,2023-01-18,2023,1,111,0,0,6,0.0,0.0541,-3.58,110,1,0,7,0.0091,0.0642,-10.3,11.81,5.82,164.0,0,77.0,0,12.0
PIT,2023-01-19,2023,1,117,0,0,14,0.0,0.1197,4.7,117,0,0,21,0.0,0.1795,7.58,14.92,6.15,24.0,169.0,582.0,0,371.0
PIT,2023-01-20,2023,1,118,1,0,9,0.0085,0.0769,-0.32,118,1,0,20,0.0085,0.1709,-1.17,25.71,6.57,47.0,20.0,508.0,0,190.0
PIT,2023-01-21,2023,1,91,0,0,3,0.0,0.033,-4.91,91,0,0,7,0.0,0.0769,-10.03,19.66,5.45,50.0,0,59.0,0,9.0
PIT,2023-01-22,2023,1,119,0,0,18,0.0,0.1513,8.81,119,0,0,36,0.0,0.3025,19.36,27.19,6.82,244.0,198.0,1128.0,0,1004.0
PIT,2023-01-23,2023,1,116,7,0,19,0.0603,0.1743,7.52,116,6,0,20,0.0517,0.1818,4.46,34.77,5.75,623.0,0,1028.0,0,381.0
PIT,2023-01-24,2023,1,110,3,0,4,0.0273,0.0374,-0.79,111,1,0,14,0.009,0.1273,-1.14,18.3,5.67,328.0,0,176.0,0,233.0
PIT,2023-01-25,2023,1,111,5,0,24,0.045,0.2264,22.08,110,4,0,31,0.0364,0.2925,8.81,19.65,6.26,627.0,498.0,648.0,0,1112.0
PIT,2023-01-26,2023,1,118,0,0,17,0.0,0.1441,11.01,118,1,0,23,0.0085,0.1966,0.11,33.96,6.85,1491.0,0,1249.0,0,118.0
PIT,2023-01-27,2023,1,118,0,0,5,0.0,0.0424,-3.22,118,1,0,11,0.0085,0.094,-7.46,21.31,6.78,50.0,18.0,419.0,0,124.0
PIT,2023-01-28,2023,1,92,1,0,6,0.0109,0.0659,-2.13,92,2,0,10,0.0217,0.1111,-6.98,11.64,5.6,6.0,0,194.0,0,107.0
PIT,2023-01-29,2023,1,120,1,0,13,0.0083,0.1092,-0.69,120,1,0,22,0.0083,0.1849,-1.34,11.66,6.24,55.0,0,117.0,0,255.0
PIT,2023-01-30,2023,1,116,2,0,11,0.0172,0.0965,0.82,116,3,3,21,0.0259,0.1858,8.69,17.34,6.57,50.0,30.0,148.0,0,659.0
PIT,2023-01-31,2023,1,109,4,1,20,0.0367,0.1905,5.38,109,5,0,16,0.0459,0.1538,-0.61,29.73,5.96,192.0,57.0,1287.0,0,460.0
PIT,2023-06-01,2023,6,125,3,0,21,0.024,0.1721,11.59,123,4,0,24,0.0325,0.2017,8.02,12.01,5.42,472.0,105.0,267.0,0,857.0
PIT,2023-06-02,2023,6,121,5,0,12,0.0413,0.1034,4.22,122,3,0,26,0.0246,0.2185,9.03,12.86,5.87,261.0,29.0,544.0,0,262.0
PIT,2023-06-03,2023,6,101,0,0,18,0.0,0.1782,8.93,99,0,0,19,0.0,0.1919,3.51,11.32,5.65,575.0,0,79.0,0,323.0
PIT,2023-06-04,2023,6,117,0,0,18,0.0,0.1538,8.87,120,0,0,29,0.0,0.2417,9.16,12.5,5.7,503.0,0,247.0,0,585.0
PIT,2023-06-05,2023,6,123,0,0,19,0.0,0.1545,3.89,122,0,0,22,0.0,0.1803,-1.43,15.06,5.71,473.0,0,282.0,0,172.0
PIT,2023-06-06,2023,6,114,0,0,20,0.0,0.1754,19.07,114,0,0,30,0.0,0.2632,11.08,12.89,5.27,1796.0,0,169.0,0,531.0
PIT,2023-06-07,2023,6,112,1,0,16,0.0089,0.1441,8.14,112,0,0,23,0.0,0.2054,0.68,13.48,5.42,448.0,0,409.0,0,254.0
PIT,2023-06-08,2023,6,125,0,1,21,0.0,0.168,8.41,126,0,0,27,0.0,0.2143,6.31,13.74,6.06,77.0,26.0,478.0,0,875.0
PIT,2023-06-09,2023,6,122,0,0,11,0.0,0.0902,0.48,122,0,0,23,0.0,0.1885,0.48,11.85,5.67,82.0,0,98.0,0,256.0
PIT,2023-06-10,2023,6,111,0,0,17,0.0,0.1532,5.21,110,0,0,22,0.0,0.2,2.68,11.29,5.85,418.0,0,131.0,0,281.0
PIT,2023-06-11,2023,6,118,0,0,17,0.0,0.1441,8.37,120,1,0,28,0.0083,0.2353,5.17,11.64,5.97,625.0,0,130.0,0,572.0
PIT,2023-06-12,2023,6,123,5,0,25,0.0407,0.2119,13.49,122,8,0,36,0.0656,0.3158,11.93,15.08,7.18,499.0,142.0,299.0,0,919.0
PIT,2023-06-13,2023,6,113,0,0,24,0.0,0.2124,10.25,113,0,0,23,0.0,0.2035,4.82,15.11,6.69,460.0,2.0,307.0,0,810.0
PIT,2023-06-14,2023,6,113,2,0,20,0.0177,0.1802,13.48,112,4,0,27,0.0357,0.25,14.21,18.28,6.18,563.0,3.0,833.0,0,744.0
PIT,2023-06-15,2023,6,123,0,0,24,0.0,0.1951,16.94,126,1,0,43,0.0079,0.344,40.1,15.7,7.26,128.0,694.0,435.0,0,1293.0
PIT,2023-06-16,2023,6,122,5,0,44,0.041,0.3761,30.57,122,4,1,51,0.0328,0.4322,25.95,15.44,8.75,295.0,944.0,715.0,0,1744.0
PIT,2023-06-17,2023,6,114,0,0,33,0.0,0.2895,15.06,113,0,0,42,0.0,0.3717,32.33,14.26,6.37,735.0,0,409.0,0,1006.0
PIT,2023-06-18,2023,6,120,1,0,24,0.0083,0.2017,20.11,121,2,0,31,0.0165,0.2605,5.5,14.58,6.27,801.0,0,69.0,0,1415.0
PIT,2023-06-19,2023,6,124,2,1,19,0.0161,0.1557,8.19,123,1,0,29,0.0081,0.2377,11.99,13.02,8.63,545.0,134.0,282.0,0,338.0
PIT,2023-06-20,2023,6,115,0,0,16,0.0,0.1391,2.37,115,1,0,25,0.0087,0.2193,6.91,12.66,7.34,221.0,0,215.0,0,224.0
PIT,2023-06-21,2023,6,115,1,3,28,0.0087,0.2456,7.61,115,4,0,36,0.0348,0.3243,11.59,12.8,7.54,180.0,0,185.0,0,556.0
PIT,2023-06-22,2023,6,126,5,0,29,0.0397,0.2397,12.85,126,2,0,49,0.0159,0.3952,18.06,14.03,8.23,206.0,179.0,838.0,0,842.0
PIT,2023-06-23,2023,6,117,2,1,32,0.0171,0.2783,21.63,118,2,0,49,0.0169,0.4224,32.43,14.69,9.36,377.0,24.0,834.0,0,1686.0
PIT,2023-06-24,2023,6,111,3,0,29,0.027,0.2685,26.43,110,5,2,27,0.0455,0.2571,17.54,14.56,7.18,1708.0,184.0,291.0,0,822.0
PIT,2023-06-25,2023,6,119,10,2,36,0.084,0.3303,28.89,120,13,0,47,0.1083,0.4393,36.64,15.53,7.48,788.0,67.0,1062.0,0,1689.0
PIT,2023-06-26,2023,6,119,20,0,40,0.1681,0.404,35.2,118,23,0,47,0.1949,0.4947,41.2,15.35,10.48,1193.0,764.0,492.0,0,927.0
PIT,2023-06-27,2023,6,111,14,1,26,0.1261,0.268,19.58,111,14,0,36,0.1261,0.3711,26.69,15.71,6.72,675.0,0,311.0,0,923.0
PIT,2023-06-28,2023,6,112,5,0,15,0.0446,0.1402,5.95,112,3,0,24,0.0268,0.2202,13.08,16.0,6.61,306.0,0,190.0,0,425.0
PIT,2023-06-29,2023,6,122,2,0,31,0.0164,0.2583,14.22,123,3,0,40,0.0244,0.3333,21.82,15.47,7.17,351.0,64.0,536.0,0,1199.0
PIT,2023-06-30,2023,6,120,1,1,23,0.0083,0.1933,19.84,120,1,0,41,0.0083,0.3445,20.65,13.61,7.17,819.0,16.0,379.0,0,1212.0
PIT,2023-07-01,2023,7,113,3,0,31,0.0265,0.2818,14.13,112,3,1,35,0.0268,0.3211,28.65,12.57,8.92,612.0,192.0,274.0,0,541.0
PIT,2023-07-02,2023,7,112,4,0,34,0.0357,0.3148,39.08,112,5,2,50,0.0446,0.4673,30.63,12.89,6.95,1110.0,253.0,256.0,26.0,2709.0
PIT,2023-07-03,2023,7,98,1,0,9,0.0102,0.0928,-1.94,97,0,0,17,0.0,0.1753,0.09,11.8,6.18,35.0,34.0,73.0,0,62.0
PIT,2023-07-04,2023,7,86,2,0,9,0.0233,0.1071,18.12,85,7,0,14,0.0824,0.1795,8.08,11.99,5.68,849.0,51.0,105.0,0,822.0
PIT,2023-07-05,2023,7,107,4,0,18,0.0374,0.1748,13.95,109,3,0,30,0.0275,0.283,17.01,12.12,6.35,701.0,0,153.0,0,901.0
PIT,2023-07-06,2023,7,115,0,0,28,0.0,0.2435,25.87,116,0,0,33,0.0,0.2845,10.88,11.46,6.28,1361.0,414.0,427.0,0,1150.0
PIT,2023-07-07,2023,7,112,8,0,18,0.0714,0.1731,8.44,111,7,0,38,0.0631,0.3654,29.62,11.79,6.35,355.0,0,246.0,0,640.0
PIT,2023-07-08,2023,7,113,1,0,31,0.0088,0.2768,13.54,113,2,0,36,0.0177,0.3243,25.4,12.35,7.55,388.0,0,674.0,0,954.0
PIT,2023-07-09,2023,7,119,19,0,27,0.1597,0.27,26.35,120,23,0,39,0.1917,0.4021,31.56,13.75,7.93,498.0,217.0,1216.0,14.0,1026.0
PIT,2023-07-10,2023,7,119,3,0,31,0.0252,0.2672,23.53,118,3,0,39,0.0254,0.3391,23.38,12.47,6.23,635.0,0,1378.0,0,856.0
PIT,2023-07-11,2023,7,116,0,1,14,0.0,0.1207,1.67,116,0,0,25,0.0,0.2155,-1.17,11.88,5.36,309.0,0,175.0,0,210.0
PIT,2023-07-12,2023,7,116,2,0,18,0.0172,0.1579,3.33,116,2,0,22,0.0172,0.193,1.46,12.56,5.61,22.0,66.0,688.0,0,271.0
PIT,2023-07-13,2023,7,126,1,0,24,0.0079,0.192,13.57,127,1,0,36,0.0079,0.2857,11.26,12.13,6.24,1472.0,111.0,152.0,0,334.0
PIT,2023-07-14,2023,7,123,12,0,36,0.0976,0.3243,27.83,123,12,0,55,0.0976,0.4955,51.76,14.98,5.39,419.0,48.0,1407.0,0,1912.0
PIT,2023-07-15,2023,7,115,4,0,36,0.0348,0.3243,39.19,115,6,0,39,0.0522,0.3578,23.16,12.94,5.87,2058.0,979.0,612.0,0,1083.0
PIT,2023-07-16,2023,7,122,16,2,36,0.1311,0.3396,28.13,123,20,0,40,0.1626,0.3883,29.68,11.93,5.51,589.0,46.0,673.0,0,1861.0
PIT,2023-07-17,2023,7,123,3,0,37,0.0244,0.3083,24.04,122,0,1,39,0.0,0.3197,18.58,13.38,6.54,1263.0,30.0,437.0,0,1353.0
PIT,2023-07-18,2023,7,116,8,4,16,0.069,0.1481,9.03,116,9,0,23,0.0776,0.215,8.98,12.97,5.36,362.0,188.0,344.0,0,163.0
PIT,2023-07-19,2023,7,116,2,0,20,0.0172,0.1754,7.75,116,4,0,29,0.0345,0.2589,6.31,12.04,5.3,467.0,0,63.0,0,438.0
PIT,2023-07-20,2023,7,126,0,1,29,0.0,0.2302,8.58,127,0,5,45,0.0,0.3543,25.93,13.79,6.91,247.0,209.0,415.0,0,666.0
PIT,2023-07-21,2023,7,123,5,2,30,0.0407,0.2542,19.81,123,4,0,43,0.0325,0.3613,19.36,15.33,5.97,443.0,0,991.0,0,1283.0
PIT,2023-07-22,2023,7,114,1,1,26,0.0088,0.2301,12.05,113,0,0,26,0.0,0.2301,3.94,12.54,5.28,741.0,0,532.0,19.0,422.0
PIT,2023-07-23,2023,7,121,2,0,32,0.0165,0.2689,14.6,122,4,0,42,0.0328,0.3559,19.06,13.2,7.75,290.0,10.0,653.0,0,1291.0
PIT,2023-07-24,2023,7,123,2,0,22,0.0163,0.1818,6.17,122,0,0,44,0.0,0.3607,14.35,13.58,6.47,177.0,27.0,537.0,10.0,524.0
PIT,2023-07-25,2023,7,116,6,0,25,0.0517,0.2273,12.53,116,8,0,35,0.069,0.3241,19.91,13.06,6.25,460.0,0,644.0,0,508.0
PIT,2023-07-26,2023,7,116,4,0,31,0.0345,0.2768,17.38,116,6,0,35,0.0517,0.3182,21.02,13.47,5.65,948.0,302.0,412.0,0,503.0
PIT,2023-07-27,2023,7,126,11,0,25,0.0873,0.2174,14.83,128,10,0,35,0.0781,0.2966,11.26,12.19,5.72,670.0,0,252.0,0,952.0
PIT,2023-07-28,2023,7,123,3,0,44,0.0244,0.3667,22.05,123,3,0,57,0.0244,0.475,30.74,14.37,7.47,715.0,358.0,791.0,0,1233.0
PIT,2023-07-29,2023,7,114,3,0,49,0.0263,0.4414,22.67,113,8,0,40,0.0708,0.381,30.52,13.79,5.86,432.0,477.0,742.0,0,814.0
PIT,2023-07-30,2023,7,121,4,2,31,0.0331,0.265,11.69,122,1,0,36,0.0082,0.2975,11.37,12.92,6.51,321.0,20.0,288.0,0,869.0
PIT,2023-07-31,2023,7,122,1,0,13,0.0082,0.1074,6.64,121,2,0,19,0.0165,0.1597,4.61,14.39,7.29,496.0,0,156.0,0,609.0
PIT,2023-12-01,2023,12,121,0,0,11,0.0,0.0909,7.39,121,0,0,12,0.0,0.0992,-2.31,12.64,6.12,993.0,0,121.0,0,224.0
PIT,2023-12-02,2023,12,93,0,0,10,0.0,0.1075,0.69,94,0,0,5,0.0,0.0532,-9.39,11.02,6.63,234.0,0,155.0,0,143.0
PIT,2023-12-03,2023,12,116,0,0,25,0.0,0.2155,20.34,115,0,0,30,0.0,0.2609,11.34,12.12,6.81,898.0,127.0,451.0,0,1256.0
PIT,2023-12-04,2023,12,122,1,0,8,0.0082,0.0661,0.05,122,0,0,11,0.0,0.0902,-5.43,11.69,5.42,70.0,0,1.0,0,234.0
PIT,2023-12-05,2023,12,110,0,0,8,0.0,0.0727,-0.35,110,0,0,14,0.0,0.1273,-4.32,17.09,5.82,98.0,0,98.0,0,276.0
PIT,2023-12-06,2023,12,112,0,0,8,0.0,0.0714,7.61,112,0,0,10,0.0,0.0893,-3.18,14.25,5.35,901.0,0,16.0,0,174.0
PIT,2023-12-07,2023,12,124,0,0,5,0.0,0.0403,-2.29,125,0,0,11,0.0,0.088,-4.94,12.66,5.11,65.0,0,0,0,45.0
PIT,2023-12-08,2023,12,125,0,0,5,0.0,0.04,-2.06,125,0,0,6,0.0,0.048,-10.24,12.05,5.59,42.0,0,0,0,28.0
PIT,2023-12-09,2023,12,92,0,0,6,0.0,0.0652,-0.6,92,0,0,11,0.0,0.1196,-5.03,11.73,6.08,41.0,0,148.0,0,208.0
PIT,2023-12-10,2023,12,117,0,0,24,0.0,0.2051,4.9,117,0,0,42,0.0,0.359,9.36,15.43,5.5,11.0,39.0,1012.0,0,292.0
PIT,2023-12-11,2023,12,126,0,0,16,0.0,0.127,2.89,125,0,0,18,0.0,0.144,1.31,14.65,5.64,154.0,0,236.0,0,318.0
PIT,2023-12-12,2023,12,113,0,0,2,0.0,0.0177,-5.31,113,0,0,6,0.0,0.0531,-12.66,15.14,4.97,36.0,0,22.0,0,27.0
PIT,2023-12-13,2023,12,113,0,0,4,0.0,0.0354,-2.16,114,0,0,11,0.0,0.0965,-5.77,15.87,5.19,190.0,0,61.0,0,0
PIT,2023-12-14,2023,12,119,0,0,18,0.0,0.1513,5.72,119,0,0,15,0.0,0.1261,-3.61,12.55,5.46,640.0,0,10.0,0,155.0
PIT,2023-12-15,2023,12,120,0,0,21,0.0,0.175,8.14,120,0,0,17,0.0,0.1417,-0.57,12.59,6.22,483.0,0,17.0,0,446.0
PIT,2023-12-16,2023,12,94,0,0,9,0.0,0.0957,3.16,93,0,0,19,0.0,0.2043,0.17,15.84,5.74,27.0,0,99.0,0,369.0
PIT,2023-12-17,2023,12,109,1,0,17,0.0092,0.1574,6.05,109,1,0,22,0.0092,0.2037,5.47,13.28,5.52,305.0,0,316.0,0,511.0
PIT,2023-12-18,2023,12,114,5,1,16,0.0439,0.1468,16.22,113,3,1,22,0.0265,0.2,5.62,20.92,5.51,1288.0,2.0,451.0,0,586.0
PIT,2023-12-19,2023,12,104,0,0,16,0.0,0.1538,8.5,105,0,0,20,0.0,0.1905,4.21,27.17,6.17,76.0,338.0,274.0,0,504.0
PIT,2023-12-20,2023,12,111,0,0,12,0.0,0.1081,3.62,109,0,0,17,0.0,0.156,-2.01,16.48,5.77,363.0,0,133.0,0,77.0
PIT,2023-12-21,2023,12,115,1,0,12,0.0087,0.1053,1.99,113,0,0,15,0.0,0.1327,-4.42,11.92,5.16,304.0,0,43.0,29.0,105.0
PIT,2023-12-22,2023,12,115,0,0,13,0.0,0.113,1.71,114,0,0,14,0.0,0.1228,-2.87,11.8,5.64,172.0,0,32.0,0,193.0
PIT,2023-12-23,2023,12,105,1,0,14,0.0095,0.1346,7.52,106,1,0,21,0.0094,0.2,3.76,11.87,5.43,277.0,0,1.0,0,414.0
PIT,2023-12-24,2023,12,81,3,1,16,0.037,0.2051,16.17,81,3,0,20,0.037,0.2564,15.86,10.95,5.92,154.0,0,235.0,0,959.0
PIT,2023-12-25,2023,12,86,1,1,10,0.0116,0.1176,0.86,86,0,0,16,0.0,0.186,-3.31,11.26,5.41,35.0,0,13.0,0,198.0
PIT,2023-12-26,2023,12,107,0,0,33,0.0,0.3084,24.96,107,0,0,33,0.0,0.3084,14.36,13.67,5.36,484.0,857.0,931.0,0,696.0
PIT,2023-12-27,2023,12,108,1,0,31,0.0093,0.2897,15.55,108,1,0,30,0.0093,0.2804,13.05,12.29,6.15,915.0,49.0,479.0,0,445.0
PIT,2023-12-28,2023,12,103,0,0,18,0.0,0.1748,5.68,103,0,0,23,0.0,0.2233,2.81,12.0,4.93,36.0,0,395.0,0,316.0
PIT,2023-12-29,2023,12,107,0,0,15,0.0,0.1402,4.12,107,0,0,20,0.0,0.1869,0.76,15.88,5.71,107.0,0,401.0,0,347.0
PIT,2023-12-30,2023,12,104,0,0,21,0.0,0.2019,6.5,104,0,0,25,0.0,0.2404,6.4,14.24,5.52,100.0,0,35.0,0,412.0
PIT,2023-12-31,2023,12,86,0,0,13,0.0,0.1512,2.14,87,0,0,21,0.0,0.2414,4.4,12.2,5.87,19.0,0,66.0,0,227.0
PIT,2024-01-01,2024,1,91,0,0,6,0.0,0.0659,8.49,90,0,0,17,0.0,0.1889,3.2,29.38,5.4,878.0,0,204.0,0,90.0
PIT,2024-01-02,2024,1,106,0,0,17,0.0,0.1604,6.98,106,0,0,26,0.0,0.2453,2.68,17.51,5.27,306.0,0,268.0,0,404.0
PIT,2024-01-03,2024,1,106,0,0,19,0.0,0.1792,5.53,106,0,1,23,0.0,0.217,5.1,12.5,5.17,294.0,0,97.0,0,336.0
PIT,2024-01-04,2024,1,97,0,0,10,0.0,0.1031,-0.97,97,0,0,13,0.0,0.134,-5.12,20.0,5.22,65.0,0,37.0,0,92.0
PIT,2024-01-05,2024,1,102,0,0,9,0.0,0.0882,0.6,101,0,0,11,0.0,0.1089,-6.06,14.58,5.56,285.0,0,44.0,0,122.0
PIT,2024-01-06,2024,1,95,2,0,15,0.0211,0.1613,16.24,96,2,1,29,0.0208,0.3085,10.2,21.45,6.35,515.0,14.0,894.0,0,1103.0
PIT,2024-01-07,2024,1,107,1,0,12,0.0093,0.1132,2.32,107,2,0,30,0.0187,0.2857,13.28,27.36,5.7,88.0,0,715.0,0,351.0
PIT,2024-01-08,2024,1,107,1,0,13,0.0093,0.1226,3.75,108,1,0,26,0.0093,0.243,10.89,13.63,5.25,53.0,0,620.0,0,474.0
PIT,2024-01-09,2024,1,107,6,0,23,0.0561,0.2277,39.68,106,5,1,40,0.0472,0.396,38.59,30.08,6.2,1440.0,157.0,2632.0,0,1268.0
PIT,2024-01-10,2024,1,102,3,0,17,0.0294,0.1717,9.26,102,3,0,13,0.0294,0.1313,-1.43,22.88,5.34,552.0,0,165.0,0,604.0
PIT,2024-01-11,2024,1,112,0,0,11,0.0,0.0982,0.21,112,0,0,12,0.0,0.1071,-5.38,15.93,5.65,165.0,0,86.0,0,195.0
PIT,2024-01-12,2024,1,113,8,0,21,0.0708,0.2,19.75,113,9,0,34,0.0796,0.3269,19.53,17.43,5.65,1170.0,359.0,667.0,0,546.0
PIT,2024-01-13,2024,1,92,1,0,14,0.0109,0.1538,43.41,92,0,0,28,0.0,0.3043,15.84,21.93,6.57,2989.0,16.0,488.0,0,1088.0
PIT,2024-01-14,2024,1,107,1,1,31,0.0093,0.2925,22.78,107,2,0,49,0.0187,0.4667,32.34,23.15,5.9,488.0,6.0,1654.0,0,1142.0
PIT,2024-01-15,2024,1,114,15,0,32,0.1316,0.3232,22.83,114,18,0,46,0.1579,0.4792,49.5,14.1,5.73,577.0,9.0,140.0,0,1594.0
PIT,2024-01-16,2024,1,101,17,0,42,0.1683,0.5,37.68,101,17,0,53,0.1683,0.631,53.56,30.48,6.38,399.0,246.0,1379.0,0,2047.0
PIT,2024-01-17,2024,1,103,3,0,17,0.0291,0.17,14.56,103,4,0,18,0.0388,0.1818,0.44,16.9,5.44,979.0,17.0,55.0,0,470.0
PIT,2024-01-18,2024,1,112,1,0,14,0.0089,0.1261,6.6,112,2,0,20,0.0179,0.1818,3.84,14.77,5.16,160.0,0,40.0,0,651.0
PIT,2024-01-19,2024,1,113,8,1,41,0.0708,0.3905,26.05,113,8,0,51,0.0708,0.4857,33.5,41.9,8.4,337.0,127.0,2204.0,0,1667.0
PIT,2024-01-20,2024,1,93,0,0,15,0.0,0.1613,5.05,94,0,1,23,0.0,0.2447,8.97,20.75,6.7,90.0,75.0,166.0,0,406.0
PIT,2024-01-21,2024,1,111,0,0,17,0.0,0.1532,11.32,111,0,0,22,0.0,0.1982,3.9,20.32,5.8,1108.0,0,33.0,0,357.0
PIT,2024-01-22,2024,1,113,1,0,11,0.0088,0.0982,2.35,113,1,0,21,0.0088,0.1875,1.71,16.35,5.62,241.0,0,61.0,0,244.0
PIT,2024-01-23,2024,1,101,2,0,6,0.0198,0.0606,0.9,101,2,0,10,0.0198,0.101,-6.46,14.26,5.47,290.0,16.0,126.0,0,212.0
PIT,2024-01-24,2024,1,103,1,0,9,0.0097,0.0882,0.4,103,0,0,19,0.0,0.1845,-1.74,12.84,5.73,55.0,0,101.0,0,327.0
PIT,2024-01-25,2024,1,112,3,2,13,0.0268,0.1193,4.81,112,3,0,19,0.0268,0.1743,0.03,13.9,6.37,216.0,46.0,55.0,0,360.0
PIT,2024-01-26,2024,1,113,0,0,16,0.0,0.1416,6.59,113,0,0,22,0.0,0.1947,1.25,12.94,5.41,255.0,0,347.0,0,499.0
PIT,2024-01-27,2024,1,92,0,0,7,0.0,0.0761,-0.3,92,0,1,16,0.0,0.1739,-0.92,11.3,5.4,21.0,0,20.0,0,300.0
PIT,2024-01-28,2024,1,111,0,0,16,0.0,0.1441,3.72,111,0,0,23,0.0,0.2072,4.23,12.73,5.87,69.0,0,76.0,0,552.0
PIT,2024-01-29,2024,1,112,1,0,12,0.0089,0.1081,1.79,112,0,0,19,0.0,0.1696,1.76,23.42,5.91,69.0,0,107.0,0,463.0
PIT,2024-01-30,2024,1,100,0,0,4,0.0,0.04,-3.3,100,0,0,11,0.0,0.11,-1.01,16.55,5.64,0,0,75.0,0,227.0
PIT,2024-01-31,2024,1,102,0,0,4,0.0,0.0392,-3.68,102,0,0,5,0.0,0.049,-9.57,14.03,5.55,26.0,30.0,0,0,44.0
PIT,2024-06-01,2024,6,111,0,1,22,0.0,0.1982,11.57,110,2,0,22,0.0182,0.2037,4.71,14.36,7.36,367.0,0,435.0,0,674.0
PIT,2024-06-02,2024,6,126,4,0,20,0.0317,0.1639,8.25,127,2,0,29,0.0157,0.232,7.17,15.61,6.88,230.0,0,525.0,0,564.0
PIT,2024-06-03,2024,6,135,0,0,19,0.0,0.1407,9.96,135,0,0,27,0.0,0.2,2.39,15.51,7.1,1205.0,0,225.0,0,350.0
PIT,2024-06-04,2024,6,122,0,0,16,0.0,0.1311,3.86,122,1,0,23,0.0082,0.1901,2.68,15.3,8.01,401.0,23.0,328.0,0,289.0
PIT,2024-06-05,2024,6,126,7,0,31,0.0556,0.2605,17.92,125,6,0,41,0.048,0.3445,21.99,13.82,8.12,376.0,60.0,654.0,0,1351.0
PIT,2024-06-06,2024,6,136,0,0,39,0.0,0.2868,26.21,136,0,0,44,0.0,0.3235,16.01,16.86,6.35,1247.0,0,1612.0,0,1194.0
PIT,2024-06-07,2024,6,140,0,0,30,0.0,0.2143,11.65,140,0,0,38,0.0,0.2714,12.24,15.49,6.51,190.0,0,134.0,0,1602.0
PIT,2024-06-08,2024,6,123,0,0,18,0.0,0.1463,7.93,122,0,0,25,0.0,0.2049,4.06,14.67,6.83,566.0,0,195.0,0,543.0
PIT,2024-06-09,2024,6,133,1,0,28,0.0075,0.2121,13.69,134,0,0,38,0.0,0.2836,10.96,15.58,7.35,566.0,0,302.0,0,1202.0
PIT,2024-06-10,2024,6,140,0,0,20,0.0,0.1429,7.77,140,0,0,32,0.0,0.2286,11.41,14.28,7.57,211.0,26.0,153.0,0,1071.0
PIT,2024-06-11,2024,6,125,0,1,23,0.0,0.184,5.78,125,0,0,25,0.0,0.2,3.93,15.28,6.36,255.0,0,321.0,0,608.0
PIT,2024-06-12,2024,6,124,3,0,17,0.0242,0.1405,3.12,124,5,0,22,0.0403,0.1849,-1.08,14.99,6.66,68.0,0,241.0,0,416.0
PIT,2024-06-13,2024,6,136,2,0,23,0.0147,0.1716,10.19,137,1,0,23,0.0073,0.1691,5.24,15.25,7.21,439.0,0,225.0,0,950.0
PIT,2024-06-14,2024,6,141,1,1,43,0.0071,0.3071,25.89,141,4,0,51,0.0284,0.3723,24.06,17.46,8.03,985.0,46.0,1536.0,0,1640.0
PIT,2024-06-15,2024,6,123,2,0,26,0.0163,0.2149,7.59,122,2,0,34,0.0164,0.2833,10.65,14.89,7.6,266.0,0,231.0,0,662.0
PIT,2024-06-16,2024,6,134,1,1,15,0.0075,0.1128,2.45,136,2,0,32,0.0147,0.2388,11.43,14.56,7.34,157.0,0,289.0,0,280.0
PIT,2024-06-17,2024,6,142,2,0,44,0.0141,0.3143,31.39,142,1,2,50,0.007,0.3546,26.21,16.87,12.79,760.0,1608.0,294.0,0,1962.0
PIT,2024-06-18,2024,6,126,1,0,17,0.0079,0.136,2.17,126,1,0,26,0.0079,0.208,9.21,14.58,6.87,181.0,10.0,197.0,0,229.0
PIT,2024-06-19,2024,6,127,0,0,21,0.0,0.1654,7.91,127,0,0,23,0.0,0.1811,2.48,15.9,6.65,332.0,0,278.0,13.0,915.0
PIT,2024-06-20,2024,6,137,0,0,21,0.0,0.1533,5.71,137,0,1,27,0.0,0.1971,3.2,15.88,6.94,116.0,0,795.0,0,496.0
PIT,2024-06-21,2024,6,141,1,0,25,0.0071,0.1786,11.79,141,1,0,37,0.0071,0.2643,16.09,16.51,7.43,200.0,95.0,498.0,0,1363.0
PIT,2024-06-22,2024,6,121,2,0,33,0.0165,0.2773,12.65,120,4,0,43,0.0333,0.3707,25.7,14.75,7.63,283.0,0,549.0,0,727.0
PIT,2024-06-23,2024,6,133,8,1,40,0.0602,0.32,22.0,134,8,0,39,0.0597,0.3095,16.91,14.71,7.25,728.0,92.0,836.0,0,1070.0
PIT,2024-06-24,2024,6,141,0,0,45,0.0,0.3191,18.43,141,0,0,45,0.0,0.3191,15.86,14.72,7.18,542.0,0,491.0,107.0,1577.0
PIT,2024-06-25,2024,6,124,3,1,35,0.0242,0.2893,25.27,124,2,0,44,0.0161,0.3607,29.24,15.06,6.04,846.0,274.0,444.0,0,1832.0
PIT,2024-06-26,2024,6,126,4,1,29,0.0317,0.2377,18.42,126,6,1,44,0.0476,0.3667,27.65,15.57,7.77,249.0,96.0,1341.0,0,872.0
PIT,2024-06-27,2024,6,137,4,0,22,0.0292,0.1654,8.68,137,2,0,34,0.0146,0.2519,12.64,14.32,6.79,380.0,0,327.0,0,834.0
PIT,2024-06-28,2024,6,142,1,0,30,0.007,0.2128,8.34,142,1,0,37,0.007,0.2624,12.0,12.66,7.18,330.0,78.0,118.0,0,813.0
PIT,2024-06-29,2024,6,125,0,0,32,0.0,0.256,18.18,124,2,0,38,0.0161,0.3115,15.13,14.75,6.97,921.0,0,349.0,7.0,1097.0
PIT,2024-06-30,2024,6,129,12,0,43,0.093,0.3675,21.76,130,11,0,53,0.0846,0.4454,32.68,15.34,6.92,445.0,481.0,636.0,0,1196.0
PIT,2024-12-01,2024,12,136,0,0,30,0.0,0.2206,10.96,136,0,0,33,0.0,0.2426,6.54,14.04,5.9,525.0,34.0,304.0,0,537.0
PIT,2024-12-02,2024,12,128,2,0,25,0.0156,0.1984,6.55,126,2,0,29,0.0159,0.2339,4.45,16.41,6.23,327.0,0,167.0,0,271.0
PIT,2024-12-03,2024,12,106,0,0,18,0.0,0.1698,4.96,106,0,0,10,0.0,0.0943,-2.41,18.44,7.3,318.0,25.0,170.0,0,111.0
PIT,2024-12-04,2024,12,106,0,0,15,0.0,0.1415,7.87,108,0,0,20,0.0,0.1852,6.94,19.1,6.35,214.0,76.0,565.0,0,485.0
PIT,2024-12-05,2024,12,119,2,0,35,0.0168,0.2991,23.68,118,3,0,41,0.0254,0.3565,21.27,47.82,6.83,1065.0,502.0,3092.0,0,1102.0
PIT,2024-12-06,2024,12,117,0,0,28,0.0,0.2393,9.81,116,0,0,27,0.0,0.2328,6.17,25.43,5.74,327.0,0,778.0,0,464.0
PIT,2024-12-07,2024,12,88,0,0,13,0.0,0.1477,18.19,88,2,0,14,0.0227,0.1628,0.55,13.17,5.85,1529.0,0,117.0,0,128.0
PIT,2024-12-08,2024,12,116,0,0,12,0.0,0.1034,0.3,117,0,0,10,0.0,0.0855,-2.34,12.36,5.57,113.0,0,80.0,0,62.0
PIT,2024-12-09,2024,12,117,0,0,11,0.0,0.094,2.68,116,0,0,17,0.0,0.1466,-1.88,13.12,6.06,91.0,23.0,159.0,0,199.0
PIT,2024-12-10,2024,12,104,0,0,15,0.0,0.1442,8.62,104,0,0,22,0.0,0.2115,4.05,15.31,5.37,214.0,280.0,275.0,0,481.0
PIT,2024-12-11,2024,12,107,4,0,23,0.0374,0.2233,18.91,108,4,0,22,0.037,0.2115,11.95,21.49,6.5,112.0,65.0,1736.0,0,834.0
PIT,2024-12-12,2024,12,120,0,0,25,0.0,0.2083,15.53,120,0,0,31,0.0,0.2583,3.52,18.92,5.67,483.0,17.0,1012.0,20.0,465.0
PIT,2024-12-13,2024,12,118,0,0,14,0.0,0.1186,8.06,117,0,0,7,0.0,0.0598,-5.56,23.43,5.97,587.0,15.0,753.0,0,384.0
PIT,2024-12-14,2024,12,88,0,0,6,0.0,0.0682,1.17,88,0,0,13,0.0,0.1477,-0.14,14.18,5.34,81.0,16.0,31.0,0,161.0
PIT,2024-12-15,2024,12,117,1,0,16,0.0085,0.1379,5.82,118,1,0,17,0.0085,0.1453,8.09,12.82,6.01,579.0,0,80.0,0,209.0
PIT,2024-12-16,2024,12,117,1,1,18,0.0085,0.1552,15.45,116,0,0,21,0.0,0.181,1.97,13.87,6.02,1130.0,0,410.0,0,667.0
PIT,2024-12-17,2024,12,104,0,0,10,0.0,0.0962,1.97,104,0,0,4,0.0,0.0385,-11.03,12.73,5.33,197.0,0,34.0,0,201.0
PIT,2024-12-18,2024,12,110,0,0,18,0.0,0.1636,4.71,110,0,0,23,0.0,0.2091,4.5,17.33,6.76,189.0,0,265.0,0,391.0
PIT,2024-12-19,2024,12,117,0,0,12,0.0,0.1026,5.91,118,0,0,24,0.0,0.2034,5.83,13.85,5.09,233.0,82.0,204.0,0,504.0
PIT,2024-12-20,2024,12,118,1,1,33,0.0085,0.2821,13.99,117,5,0,57,0.0427,0.5089,22.97,30.77,6.67,285.0,73.0,1291.0,0,814.0
PIT,2024-12-21,2024,12,104,4,0,36,0.0385,0.36,19.15,104,1,0,45,0.0096,0.4369,28.52,29.85,7.67,423.0,233.0,1035.0,0,1162.0
PIT,2024-12-22,2024,12,113,1,0,28,0.0088,0.25,13.6,113,0,0,30,0.0,0.2655,11.2,13.31,5.5,550.0,0,136.0,0,614.0
PIT,2024-12-23,2024,12,113,0,0,18,0.0,0.1593,4.65,113,0,0,23,0.0,0.2035,4.96,17.03,5.24,62.0,0,72.0,0,437.0
PIT,2024-12-24,2024,12,89,0,2,27,0.0,0.3034,30.2,88,1,0,22,0.0114,0.2529,8.46,12.27,5.56,1694.0,82.0,244.0,0,549.0
PIT,2024-12-25,2024,12,85,1,0,5,0.0118,0.0595,-0.58,86,0,0,6,0.0,0.0698,-12.07,11.93,5.36,144.0,0,0,0,4.0
PIT,2024-12-26,2024,12,111,0,0,21,0.0,0.1892,15.6,111,0,0,27,0.0,0.2432,10.88,14.86,5.94,579.0,0,671.0,0,737.0
PIT,2024-12-27,2024,12,109,0,0,22,0.0,0.2018,14.02,109,0,0,28,0.0,0.2569,13.84,14.93,6.17,914.0,0,533.0,0,159.0
PIT,2024-12-28,2024,12,104,0,0,34,0.0,0.3269,20.12,104,1,0,33,0.0096,0.3204,27.82,13.7,5.85,577.0,65.0,839.0,0,859.0
PIT,2024-12-29,2024,12,109,2,0,34,0.0183,0.3178,26.21,109,2,3,42,0.0183,0.3925,23.51,13.06,6.5,538.0,95.0,552.0,0,1707.0
PIT,2024-12-30,2024,12,109,1,1,19,0.0092,0.1759,5.03,109,0,0,17,0.0,0.156,7.23,11.59,6.02,149.0,0,4.0,16.0,231.0
PIT,2024-12-31,2024,12,93,0,1,8,0.0,0.086,1.31,93,0,0,9,0.0,0.0968,-5.67,11.76,5.18,56.0,88.0,1.0,0,57.0
